restaurant_id,x,y,rating,cost,cuisine,c_16,c_17,c_18,c_19,c_20,c_21,c_22,c_23,c_24,c_25,c_26,c_27,c_28,c_29,c_30,c_31,c_32,c_33,c_34,c_35,d_36,d_37,d_38,d_39,d_40,d_41,d_42,d_43,d_44,d_45,d_46,d_47,d_48,d_49,d_50,Chinese,Ethiopian,French,Indian,Japanese,Korean,Lebanese,Mexican
0,87.34294027918162,96.8540662820932,4.000886843769769,20.061857939371833,Japanese,1.7494547413051793,2.0546436812401443,0.10003687797129332,2.1421195861570923,-0.22940712586425938,0.47298583148997897,0.6513082973817005,0.4129884442828932,4.003477853771663,0.027213200872589445,-0.23614741126698593,0.733957260258602,0.2732867611662368,3.8814732626913773,0.2742658345451792,1.128001441169827,0.9963294132211792,0.2302057149156757,1.116130631361744,0.17009535516861163,0,0,1,0,1,0,1,1,1,1,1,0,1,1,0,False,False,False,False,True,False,False,False
1,86.919454021392,53.085569155559895,3.768364744599841,16.19559380268649,Mexican,-0.28607299681629417,0.7474553536085543,0.5793056515463151,2.8402258330044363,-0.3188083639847355,-0.6814258794394451,0.4161886867092634,0.0494422604474136,1.07266826329808,-0.2625455774655815,0.7346510520757458,6.644037077373573,0.04344654526877818,2.688935299100985,-0.02050277499465276,-0.29375497244497006,0.6849257362132692,0.10674155547886845,3.9157619575297575,-0.14677406185244582,0,0,1,0,1,0,1,1,1,1,0,0,1,1,1,False,False,False,False,False,False,False,True
2,23.27283279772907,1.1398804277429897,3.1071469575484687,14.94695827426598,French,-0.4845651322211443,1.8929376307003956,0.015585877797536658,3.511720763406027,0.25227063653274445,0.24243949669047796,2.3231142337068094,0.4847166404935446,3.94378939261702,-0.4963921894821779,1.3743878092008102,1.1680405075386582,0.287193052277896,3.0482581585863335,-0.00784588053405672,0.8610452044490624,1.099645048357019,0.35479454627289275,2.722292741490614,-0.14986296735516608,0,1,1,1,1,0,1,0,1,0,1,0,1,0,1,False,False,True,False,False,False,False,False
3,43.04688182924905,40.235136003736486,3.9896937946033644,24.875950858022474,Ethiopian,-2.653318559261479,0.46813560215266115,0.20687003744787924,4.593657478359321,0.1904442374768969,-1.7007356340383315,1.2549585876748872,0.48578865653662784,3.106334491214775,-0.048194962814483586,0.3549507240091191,1.581911643956231,0.3725075320360447,2.30934459931036,-0.015170679185573032,1.2176491770836646,0.9009746951907847,0.32434134109155016,3.312866985859335,-0.16928653582239137,0,1,1,0,1,1,0,1,1,0,0,0,1,1,0,False,True,False,False,False,False,False,False
4,52.267467135256965,47.83917958024024,3.6973108286336656,16.468443250602338,Chinese,-0.00828462937293585,0.9672375470194032,0.47315519871282957,3.496415357683238,-0.2564117322189296,0.7531428339492002,0.5282885414102392,0.19590727374889838,3.7146707423713847,-0.3296927413269325,-1.5927511491056998,0.7996728121229985,0.19056799976377475,2.428832880652069,-0.20323863002041997,0.4337247712417345,0.27980491456847156,0.40873121735677725,2.192793759312734,-0.6061075878792218,0,1,1,0,0,0,1,0,1,1,1,0,0,0,1,True,False,False,False,False,False,False,False
5,55.535647382233044,54.338601754254036,3.615091709698477,19.6884135320333,Japanese,-0.31963136376429857,1.8970483718516928,0.10388253459390517,2.1612679617714456,0.3234924939830443,-1.534721340208044,1.6154523904905134,0.2741092189988787,3.0224164083274254,-0.19615814498960657,-0.6893427003413161,0.7628661800578034,0.6059583427532304,3.5510451545654536,-0.13875808337809942,0.8857060919538544,1.0797054906869799,0.08644058385352349,3.2988140167875857,-0.0593830796761909,0,1,1,1,0,0,0,1,0,0,1,0,1,0,1,False,False,False,False,True,False,False,False
6,76.0895575602929,71.23745740820912,2.786135056963462,27.857015070268336,Indian,-0.53662936223473,0.8551404207931734,0.43028049548640396,2.148217001273365,0.007605799156779586,0.0051270781322723565,1.0911206975217347,0.0788258584460799,3.3505087364061543,0.2339282772568095,1.6124788226656805,0.5010927537667317,0.3962170345741775,1.7794979016213537,0.2828709510917191,0.234115489773704,1.033010866983567,0.4882108332027574,3.2208965792456623,0.3764453062105718,0,0,1,1,1,1,0,1,1,1,0,0,1,0,1,False,False,False,True,False,False,False,False
7,61.96820961034396,42.60917704761922,3.6073024150226027,23.969754574415504,French,0.3154026684256969,1.996777966582952,0.6334326248676889,1.8042068756911294,0.04890952304107163,-0.12022767015619135,1.9165351883138864,0.39779204377570154,4.548540156689098,0.11239419348952077,-0.3173398109067477,0.6489477396087094,0.496529682003908,2.0771475952000906,-0.01841921056584502,0.908286681147816,2.0551663320720306,0.12530087041833765,2.3170157002088345,0.4514721681523985,0,1,1,1,1,1,0,1,0,1,0,0,1,0,1,False,False,True,False,False,False,False,False
8,28.90750280180877,97.38552412004462,3.807455537197862,19.89886766112662,Japanese,0.42105071625547846,0.29629969969064035,0.323152540325049,2.93657121129495,0.606615199659287,-0.8069818785729513,1.2830685675055464,0.21684094433383005,3.510078245790939,0.0945765976442445,-0.14530894334146424,2.255162799321862,0.3107029406236719,4.3244802103304725,0.561390268849287,-0.04070638221593342,0.41966480992898936,0.3159558522265974,3.086900454855822,0.43373164056022284,0,0,0,1,1,1,0,1,1,1,0,0,1,1,1,False,False,False,False,True,False,False,False
9,33.37740455106704,21.8801060819828,3.481642031822717,17.833127729172624,Mexican,-1.0656029804488336,1.0164394903899818,0.4425908367379566,2.2409764415911035,0.28523467364128496,2.8718193949889166,0.5372298001270104,0.24055332370107685,2.960844469060698,0.07772685925533696,1.9847057134546704,1.1684847423335307,0.41525858513958686,2.2028726488209265,0.24129630146677633,-1.6273160446311201,0.251227238325083,0.37204048024910175,4.246216467879399,0.29723567474075036,1,0,0,1,1,0,1,0,1,0,0,0,1,1,0,False,False,False,False,False,False,False,True
10,6.580838778721143,98.28705465534338,4.508712864197466,19.78150696009702,Chinese,-0.886239669955473,1.1016073461952083,0.19374503096683704,2.8407042386928842,0.3902528931948534,-0.597822919406344,1.1429096163169168,0.3096486048379215,1.3208941868838582,0.22773173908011474,1.3794478278345075,0.5144519790154874,0.627811148817916,1.0,0.08541025001468082,0.7888093056961475,0.3688686087513683,0.14590612416551468,3.3710370919381987,-0.06972635316664677,1,0,1,1,1,0,0,1,1,0,0,0,1,0,1,True,False,False,False,False,False,False,False
11,12.785571292503183,32.21307932041794,5.0,10.0,Mexican,-0.4757334926833952,0.9274623244506789,0.2289280266734045,2.108306659999104,0.5210725080987052,0.47245699353575754,1.7926611967547876,0.34356129234775795,3.0684660774740964,-0.15475571829843537,-0.7429864569674548,1.223371171887425,0.36366153611642466,3.097871126581309,-0.08858054725933885,1.8300926665182153,2.17340901803631,0.3144007717585308,1.712521457197966,0.4921762647565865,0,0,1,1,1,1,1,0,0,0,1,0,1,0,1,False,False,False,False,False,False,False,True
12,7.094284475019874,22.476993896804544,4.237345774169123,23.803113942551754,Japanese,0.6896823102014212,0.4045286280879729,0.22031547732866164,4.285195557771968,0.16166204789781713,1.0959561180085615,1.1072151874594955,0.2274864362608916,3.1342439367275743,-0.19553542533891852,-0.1551520432431849,1.7397474995602,0.08597169298627123,3.2522081245635444,-0.2406133300956919,-0.7790954965228027,1.262361333278364,0.3223495307317856,1.8992857576753863,0.3072743066227781,0,1,0,1,0,0,1,1,0,0,1,0,1,0,1,False,False,False,False,True,False,False,False
13,39.36349149436049,89.61450048806353,4.5660029294815105,19.917981155545576,Korean,0.5611921760332811,1.4913463909798137,0.21791062571274264,2.7788583702850356,-0.021260092577540742,-1.2151688010922146,1.1040395693782925,0.7121205201183816,3.3295249936239806,-0.39625894574730736,-0.867102713802911,1.291148631300708,0.09314813825179927,2.9530259553390814,0.2036996258009348,-0.030735964536715614,0.868030717142485,0.24891434535284873,4.016946519540458,0.352236540201965,0,0,1,1,1,0,0,0,0,1,1,0,1,1,0,False,False,False,False,False,True,False,False
14,34.54616119978671,98.47494372852714,5.0,26.719475124332256,Chinese,-1.3055485097805806,0.2470444410184548,0.10834814445923074,3.624030925887404,0.508130863374864,1.3423563714379816,0.49186037215315787,0.27717993628571214,2.2898038064983375,0.06711483302516137,1.0318233236208012,2.9319449578248173,0.400493943123976,4.368831966403378,0.26429390072066705,0.9282283979529333,0.747258566153668,0.26346728479230047,2.083305530529122,-0.4543196887554033,0,0,1,1,1,0,0,1,0,0,1,0,1,0,1,True,False,False,False,False,False,False,False
15,2.87320489632954,35.168473627012006,4.3446152235991145,24.13882732056724,Japanese,-1.1194752615996189,1.7666865864979593,0.31506633175797966,2.7938777671167094,0.5816106075557439,-0.12214978766832274,0.7059043420082571,0.20741616772461086,3.0289278274146265,0.16688334438769983,-0.028571891322078023,0.6939052235105589,0.5633644570308145,4.1376437379193955,0.15224116192227477,0.4260952912639316,0.19786654393544076,0.245857936902316,1.8562357246032086,0.2628666213320088,0,0,0,1,1,0,0,1,1,1,0,0,1,0,0,False,False,False,False,True,False,False,False
16,38.0958889203853,76.416013136596,5.0,22.956008499149515,Chinese,0.7368373912295207,1.1912973509434588,0.4967499647448895,4.863132563771008,-0.3729587630498075,1.012515476977173,1.0733268739807884,0.06781622085065721,3.0491404171348235,0.2765499500169349,0.055998425331359,1.2270272579523154,0.19306925749538925,3.1494694116005184,-0.21268683965958246,0.06839832720932985,0.556570503553695,0.13878167705756153,1.6756485827648628,-0.17703899726616895,0,1,1,1,1,0,0,1,1,0,1,0,0,0,0,True,False,False,False,False,False,False,False
17,93.88039133107718,31.968979646702767,3.279423062866649,32.555592398164585,Korean,1.5746340731042836,1.8081020552713363,0.2502219068075404,1.882673643024205,-0.18658522508708505,-0.9138691467058685,1.6777093723047363,0.37783825111399716,2.587239557742055,0.25522963894080264,1.47426087046526,1.7402824718400078,0.45938645303642317,2.3669879619884515,-0.25553038606147765,0.9779098842154663,0.9043098855572415,0.25510190690682405,3.407772131722699,-0.5661110129924155,1,1,1,1,1,0,0,1,1,0,1,0,1,1,0,False,False,False,False,False,True,False,False
18,43.24759327904159,27.01457415914653,3.8902999916975958,22.014817580290128,Chinese,-0.03107508846786004,0.8587060721667915,0.20475022500849366,3.4817711165086274,-0.16893801423636193,-1.029530207374499,0.7305798606337688,0.19278239123698895,2.973773405294886,-0.07857063897194101,1.207162255055118,1.025047678322435,0.48309356948021664,3.0758034024818564,0.003617139946852,1.8935652575563102,1.1636942664791807,0.49832867917813317,2.6499253744219926,0.02502119472733037,0,1,1,1,1,1,0,1,1,1,0,0,0,1,1,True,False,False,False,False,False,False,False
19,80.10558863263945,63.82388061231213,5.0,21.92561613267214,Lebanese,-0.6834466274652374,0.5134628255986584,0.18194547219747007,4.176892449300154,-0.17404668869038034,1.2097964496316869,0.8281918364936816,0.4062463517378158,2.621819330420247,0.23683506941327997,-1.9349038097317328,0.41639718509733203,0.350528073208939,2.8897804408377916,-0.34784346222209533,-1.1032733231830005,0.695763342487188,0.32871001975487235,3.9851338579286657,-0.20751948183883995,0,1,1,0,1,0,1,1,0,0,1,1,1,0,1,False,False,False,False,False,False,True,False
20,6.869013345815722,60.36444763691112,4.540216933945748,22.1701936884075,French,1.095629698519445,0.7337848814387506,0.17945285761457064,3.0469279299317074,0.4598364145687398,0.5018723037790331,3.743040960540874,0.2762294394740921,3.1005847703431595,-0.404207564554561,-0.9982164731031379,1.126732828110009,0.0947015553275664,3.3135874971037187,0.19843600407176626,1.8090712158459654,0.5765626917136927,0.27535266724409774,4.100639548313676,0.3572267578219658,0,0,0,1,1,0,1,0,0,0,0,0,1,1,0,False,False,True,False,False,False,False,False
21,79.55745584289767,3.2008156425796797,4.025566493573359,32.733980188914664,Indian,-0.309576637220662,0.7570768175154986,0.38202374312091275,3.8582347742870047,-0.01745905098167509,0.13884617715623349,0.579468466099304,0.3603746318396143,2.424986828768308,0.21889141197087056,-0.044828913069696545,2.0724836687175134,0.44275421064821036,3.9849244231963437,0.08050403366868007,0.30132435737320606,0.7543458146748181,0.09746085560721805,3.617288345494332,0.08967888388676226,0,0,1,1,1,0,0,1,1,0,1,0,1,1,1,False,False,False,True,False,False,False,False
22,45.544782210593304,79.01725413382856,4.734516717037986,21.869499412522515,Chinese,0.7257522247990231,1.432219652846189,0.4206611252135406,3.050758718473528,0.004128888155778965,0.6407611133416717,0.897195310407575,0.20529062349944874,2.129379204259003,-0.2872526784533525,0.08863083294961191,1.9934633807520181,0.541672174529972,2.5511605489480123,-0.07138594131445762,-0.5098538437413394,1.7959104916384134,0.3460250714544814,3.5847274955769968,0.08448264663076123,0,0,0,0,1,0,0,1,1,0,1,0,1,1,0,True,False,False,False,False,False,False,False
23,98.85965181137293,58.39645435009667,4.304407573152193,10.0,French,1.5490716333717869,0.8297421041318178,0.22532868709713888,4.0106998122246695,0.14577668935833912,0.5273326651106617,0.5777328357628589,0.12450057271845849,2.7958256617098214,0.11146393997324461,2.893818844058585,2.1896509626515774,0.5061266339113422,3.613608081491467,-0.29059566674236814,-1.1895868913134073,3.698097110104061,0.04070228034568889,2.266566705055507,-0.03510976511555138,0,0,1,0,1,0,1,0,0,1,1,0,1,0,1,False,False,True,False,False,False,False,False
24,3.8912297642321847,44.642290751790256,4.413093989790326,19.865159921813238,Ethiopian,0.6300798224934151,1.2829916619880588,0.25504125004894956,3.0801835952720085,0.2566836481597176,-1.1543602352166882,1.0274520514525467,0.4878924710076415,3.5063688621813527,-0.10921043465416655,-2.161500939381575,0.7204828523699461,0.15911819058388957,3.100722052956451,0.08290555564455669,0.07586340964335998,0.9778857687559573,0.15921223615106778,2.729050981190623,-0.08295163956407185,0,0,1,0,1,0,1,1,0,0,1,0,1,1,1,False,True,False,False,False,False,False,False
25,18.817251529331426,62.70556468552484,3.715808433323117,19.74317664041755,Indian,0.07349323700188944,1.3378976845497876,0.39305987914104235,4.523350502655353,0.07626876953875057,-2.213333479396823,1.6785937481072912,0.24549599789703608,4.051119097046605,-0.009156870334156367,0.5540267483635144,0.8016392163057708,0.3558571121189362,2.54378010202859,0.03306550343748627,0.280301503696181,0.9233150050324194,0.2091446711631584,3.2837534411379226,-0.1647885010822666,0,1,0,1,1,1,1,1,1,1,0,0,1,0,1,False,False,False,True,False,False,False,False
26,21.53177994727462,15.09701076574964,4.167021600981776,23.521179948837563,Lebanese,0.7322713538852552,2.3478940513618536,0.23142942797037747,1.8505759479974053,0.19003863531485982,-1.6817565103951275,1.68732262749903,0.42146614400120086,2.4748616622917736,0.0961650118141255,-0.10298535230992378,1.9821818359591428,0.3115273561460592,1.9126606815167642,0.10080079940263792,-0.09995478463565734,1.3024994699933823,0.13180395496458913,2.8270070572147388,0.3852121297522331,0,0,0,1,1,1,1,0,1,1,0,0,1,1,1,False,False,False,False,False,False,True,False
27,53.61443066795745,10.038679422454933,4.2627288607747555,19.947584045378576,Chinese,-0.6425753924333545,0.30384403990523384,0.11475773452535376,3.7462751216256773,-0.3375523685717833,-1.7880942510621582,1.3119299507908304,0.10823272896827237,4.00156919081185,-0.48451895803725437,1.2311482311649578,8.209733332005012,0.03349423802526443,2.655063799242376,0.0856556974157823,-1.0993820160576098,0.25352548213538684,0.3787444963000416,3.0333643259225846,0.5467105544315901,0,0,1,1,1,1,1,0,0,0,0,0,1,1,1,True,False,False,False,False,False,False,False
28,73.11584319806627,93.96510394411747,3.601420186816405,15.902077376578001,Indian,-0.17809317531243013,0.786309692997427,0.36880723617365346,2.720449366065894,0.10423107793053231,-2.218534945031401,2.191293265730762,0.6871310157382481,4.198679524187888,0.045478138421406966,-0.6863435723000249,0.9441721056441448,0.3320071730730117,3.460358535870695,-0.5614730736614143,0.4427161758329611,2.195118805534259,0.7148319766626159,4.405251394646867,0.027279561662183906,0,0,0,0,1,0,0,0,1,1,1,0,1,0,0,False,False,False,True,False,False,False,False
29,94.33181844632018,37.47385050177762,2.326578581167626,14.429840745736247,Korean,-0.5739545594102071,1.5151060545245645,0.1929965271716733,2.7832510500266205,-0.16916318172035164,-0.6474307801655981,1.0199349774175273,0.27536254453725956,1.0,-0.08243775819088417,-0.9990068933102271,0.8299844913753799,0.4302210194363925,4.559079931715842,0.042345888841763775,-0.11899197539989236,1.1019524403146823,0.3276889152176933,4.015348576215315,0.15171143498098877,0,0,0,1,1,0,1,0,0,0,0,0,0,1,1,False,False,False,False,False,True,False,False
30,59.57502458740258,66.19827122744677,3.933929807502775,19.15859396425951,Lebanese,-0.20437531566217204,1.5178950854658473,0.15740171023349936,3.588692340246842,0.062107273767791876,-0.528404320814362,1.5196216994016438,0.177254889730261,2.4551778265739297,-0.2801021008299181,-0.2360091148413162,0.8015619931447779,0.1777194431059098,3.1352540969947396,-0.1316495657911494,-0.39298264294093704,0.5922600576565942,0.6471476115614356,3.7604399229477368,-0.50922642713125,0,1,0,1,1,1,1,0,1,1,0,1,1,1,1,False,False,False,False,False,False,True,False
31,51.05804552532703,47.08925816438495,5.0,22.27763188971015,Japanese,-0.4864951001088207,0.7176903225439366,0.69298257075874,2.6132021575518327,0.4576907081196249,-0.03920917482874638,0.5605986441169477,0.1853989899582802,3.9202976173617445,0.06016965214762186,0.7769225734095037,0.5908641120874,0.11219652579604211,3.0043905788943546,-0.12292461880266493,0.3988036918588225,1.9333133749056148,0.10429200311560692,4.694450780483627,-0.2096044911694552,1,1,0,0,1,0,1,1,1,0,0,0,1,1,1,False,False,False,False,True,False,False,False
32,0.8872285585150852,6.789640356536919,1.8623119966624477,27.609514352353763,Chinese,-0.18577532395900828,0.8577163830995554,0.200386477520082,2.580276499288733,0.18292877868384455,0.214975948415751,1.8908599758277163,0.32692433111864533,2.290812123291248,-0.037776303508680796,-0.4033103381953291,0.7387441350847541,0.3043185922611485,4.505726908252618,-0.21439812803182762,-0.203189986249243,4.645150911731065,0.3415322015116155,3.573169976867023,0.3911115700725369,1,0,1,0,1,0,0,0,1,0,1,0,1,0,0,True,False,False,False,False,False,False,False
33,43.48162283835888,43.149363088036075,3.269376575530603,27.83611342189221,French,-0.38053641675867705,0.9509164634575684,0.35489393253081297,3.5904311860172218,0.046380223056887895,-0.3843588025535037,0.7030516091675744,0.24841402563171816,4.0730409767726385,0.08237076515298997,-1.3271108152798239,0.2363997078747161,0.06945047108733227,2.5907053278529406,-0.01749547293371683,0.6556357527442801,0.60037915903858,0.5537005537983487,4.79965680684331,0.38463533598789934,0,1,0,1,0,0,0,1,1,1,0,0,1,0,0,False,False,True,False,False,False,False,False
34,18.588368551977098,52.970531670190454,3.818148514204337,17.87705640733532,Lebanese,0.0889776353222905,1.0888376113086808,0.5331395127180895,2.213575120894166,0.45516349743707474,-0.2539040780918864,2.2134282768925733,0.5278365897687115,3.352651244836145,0.18873855605343565,1.1953447501978993,1.936116164990964,0.33455290572034996,2.922538461954391,-0.5372010523279598,0.935878292774639,1.0509374487631402,0.2181054020585254,2.066141636278461,-0.06843070965925704,0,0,0,1,0,1,1,1,0,0,1,0,0,1,0,False,False,False,False,False,False,True,False
35,59.90862529401394,72.09244666875834,4.215452301568815,17.580227001902106,Japanese,0.06367166142477786,0.7185049722749907,0.2118946913146512,2.914501567763834,0.599734960788509,0.07325207460394176,0.5445495773695271,0.07917011705003332,2.1165194366786575,-0.21517264291782154,1.2930080686970646,1.4500620903914485,0.25617419042842515,3.121361572658927,0.025391845483657905,-1.3262993157802843,1.6572456620612763,0.4612335270276115,3.55896271965494,0.4121479384815399,0,0,1,1,1,0,1,1,1,1,1,0,1,1,1,False,False,False,False,True,False,False,False
36,30.639585663923352,40.43954647747654,4.904369005421347,20.099422162504464,Indian,0.29634710809428044,0.685357595546026,0.5212733921267303,3.954842218266589,0.24278206242553055,-0.9972038374246764,1.23003094373286,0.10797583595016647,3.253621337272024,-0.007514646872122143,0.6033558196228644,0.404148665067818,0.2054951489889448,3.0137273178462114,0.043350849337635534,0.316080493235928,1.5029887716284893,0.06032744544812211,3.164509173222416,0.1638997356235644,0,1,0,1,0,0,0,1,1,0,0,0,1,0,1,False,False,False,True,False,False,False,False
37,82.27824204975265,58.71303512352972,4.8339179579711695,10.0,Lebanese,1.4027711194838541,0.5156389527106998,0.15420970591611485,2.4468639653613606,-0.14870457879698865,-0.7138562876067133,1.218271820649676,0.3166607615869733,3.7845142599772092,0.27239789034396905,-2.073863733558519,0.9418636145801509,0.5398073966336332,3.0857252564185114,0.21056935648271385,-1.0170323204740266,1.946845366663876,0.13649542180135857,1.4817010318591788,-0.37151842855448314,0,0,1,0,1,0,1,1,0,0,1,0,1,0,1,False,False,False,False,False,False,True,False
38,70.65155434054563,51.058224668218244,5.0,26.10013435576522,Mexican,-1.5468625676023853,0.803218072211418,0.13786135471016658,4.097127830811353,0.5035131085136122,0.03541634614048163,1.216176628340068,0.13662083655861298,3.0192579075882473,0.08732990308751971,0.1669856792370137,3.1725234114389576,0.12477144753706151,2.8387685596983925,0.3560654744813877,-0.25100551917856395,0.24614399385193184,0.3077224749660253,2.495934142907093,0.17780102850601331,0,1,0,1,0,0,0,1,0,0,1,0,0,1,1,False,False,False,False,False,False,False,True
39,83.00616609931176,72.0678011479822,5.0,14.010054723013948,Mexican,1.2956185848026505,2.3189921201011447,0.10083670430622486,2.2352081040880925,0.08070285163726043,-0.6779453651227033,0.9293736824326159,0.42482799588630366,3.254361539730458,0.10264271293648812,-1.6359981253471265,1.0423905000121991,0.3094591937174307,3.1462924748002843,-0.46714219293017595,-1.6558403832556055,0.8190040157622701,0.1953559031487855,2.46066368564507,-0.07467142681529217,1,0,0,1,1,0,0,1,1,1,1,0,1,1,1,False,False,False,False,False,False,False,True
40,86.62616828816473,20.340977215199054,3.4748379379797605,20.167081783741303,Mexican,-0.2372504457468327,0.5717094382648873,0.09421018526465673,3.306049534333193,-0.21184241312214142,-0.5718810615865102,2.6055317642286777,0.2879900401793107,4.031140867906797,0.41684405800770047,-1.0224624896144465,0.7886368121149987,0.2851680861011763,4.07225947762201,0.15559015996633044,0.17706125291395144,1.253318237999862,0.31849369447427467,2.9147493629234953,0.3670796190013078,0,0,1,1,1,0,1,1,1,0,0,0,1,0,1,False,False,False,False,False,False,False,True
41,29.85348512836252,47.58040220637739,3.9549941632980543,13.449340098770824,Indian,-1.2323462066022715,1.8001140294556595,0.2814516899307756,3.169008081488793,0.20433723037502036,-0.105862315332335,1.293269654684638,0.2229409621803999,2.7547033924826336,-0.6154970872233603,0.3859084896422046,0.8561713186040425,0.2754166601931943,2.91984514328967,0.12521735317597826,1.4885070760441852,1.4977625301694177,0.5356230614892153,2.5914633539553833,0.10368163570411663,0,1,1,1,1,1,1,1,1,1,0,0,1,1,1,False,False,False,True,False,False,False,False
42,49.360449792146795,60.76761307177876,3.6000779043147095,19.93091616166681,Japanese,-0.1724197671774095,3.235046473109001,0.3098274500717011,1.9617796079099084,-0.15337695422648687,1.3358313386717684,0.509008005372572,0.04131266417765292,3.7196835244908426,0.4614877977705533,-0.8186189105497101,1.2757851939011755,0.3394702780524487,3.8598177693528792,0.3128676900059946,-0.007548613436571811,0.4864370680903451,0.36465464231810957,2.0241127472858427,-0.2647977281156796,1,0,0,0,0,1,1,1,0,0,0,0,1,1,0,False,False,False,False,True,False,False,False
43,81.89355770325862,52.772383841991214,4.349135504768635,20.94153905463767,Lebanese,0.09183837492938327,1.1435740659717948,0.23497677748189302,3.7239058695486444,-0.13841756038998287,0.31866528801613553,0.7441877853505958,0.6146300927729753,1.2281178237955013,0.6756290217456805,1.309374431103439,0.625081823918339,0.41582913177823033,2.7956159016156814,0.38140169160557863,2.7719035264290484,0.9599774462480333,0.4392842307105593,3.548817062371364,0.6181543782315794,0,1,0,0,1,0,0,0,1,0,0,0,0,1,1,False,False,False,False,False,False,True,False
44,93.92041360238717,72.33834149872737,3.6993495624872477,15.824945038458813,Mexican,1.0675584570477854,4.169498789321562,0.5721237411387223,1.9343288666976186,-0.32133880251889485,-0.3375952500500365,2.1401113350867003,0.24332245677809664,1.4841754348490384,-0.14564084489443618,1.2074836008493521,1.0453806440585298,0.10276226126401439,1.785188946816489,-0.32036760418691995,1.4858161815367377,1.274306671194798,0.2604126421012483,2.795954850093648,-0.512545507943463,0,0,1,1,1,0,1,0,0,0,0,0,1,1,1,False,False,False,False,False,False,False,True
45,17.875701566786763,61.972541659590895,3.261550733718977,22.42811167438951,French,-1.0616344482718332,0.9326080895308695,0.2028449047313276,4.215401058792595,-0.2839433897080062,-0.5852682780074072,0.5919019352323933,0.23576164503219502,4.251171382165528,0.4778084011565058,0.5026762303502053,2.0947965301735483,0.13347488328572452,2.9251016349237684,-0.21519881556165205,-1.0296948110002657,0.36986491561795043,0.6420587595727985,1.7765139188390229,0.21371475108960722,0,0,1,1,1,0,0,0,0,0,1,0,1,0,1,False,False,True,False,False,False,False,False
46,56.228338396163345,76.34046146371463,5.0,19.105896203544887,Lebanese,0.21734820797221702,2.760018873746791,0.28453403397616317,4.324941700384189,0.2062906081104182,-0.1149199407897547,3.051301758317672,0.33901040815249267,2.766683913854472,0.1565553421088429,0.3345594784507165,1.0237082566101041,0.22503201577271462,3.7495730519132704,0.7600226647412948,0.24245295229992356,0.6978526817120523,0.19048266583255355,2.4654179671680567,-0.29071930822661163,1,1,1,1,1,0,1,0,1,1,0,0,1,0,0,False,False,False,False,False,False,True,False
47,80.66463352132259,29.86252025528,3.8797577265571093,23.774458066988647,Lebanese,0.11781950435342614,0.9884314703682258,0.20703157038860107,2.56275266579958,-0.7465885333085142,2.2418177943952333,0.8130319805125066,0.25318113280766974,2.085911617897627,-0.22884949758252834,-0.8401730797210776,0.4557013076187676,0.12487829073276692,2.5204072562371223,0.08277325565351595,-0.524844306391357,0.38079251239434025,0.1173463515529694,2.437304700079967,0.40164352649523155,0,0,0,1,0,0,0,0,1,0,1,0,1,0,1,False,False,False,False,False,False,True,False
48,13.838470671609027,63.53979141788637,3.489016195282013,15.763228470544634,Lebanese,-1.68411089296333,0.49199126337423005,0.33058726073159994,3.136561978614027,0.17427807325022526,-3.0,0.33698812933158573,0.14929737340280572,3.787424422912899,-0.09568416687457215,0.7470048862240545,0.5801375207051804,0.13553575690336667,3.8283045381725005,0.25900328971024467,1.0069681731717217,1.8097471765075976,0.48767103219063623,2.4599688298441387,-0.19055217818262765,0,1,1,1,1,0,1,1,0,0,1,0,1,0,1,False,False,False,False,False,False,True,False
49,0.8308374432570376,78.85832644978893,4.659816264401712,19.070780730451247,Japanese,-1.1857552653505647,1.254331212352732,0.25609182923651436,2.92524776209207,0.24493594394443408,0.5351358932801163,1.733083272426817,0.2021528494883908,3.4480700601901573,0.38052245213225105,-0.13270446824461468,0.8854131522372044,0.23113624883875764,2.387152148937724,0.3139768816981282,0.44968590656912955,1.6508535138350418,0.15316396717404762,2.278372050192524,0.06288755328256236,0,0,0,1,1,1,1,0,1,0,0,0,1,0,1,False,False,False,False,True,False,False,False
50,50.207739263548845,99.7118661536522,3.0313290048364707,20.928032443419458,French,0.6001020056275471,3.158864823465617,0.36240162511046314,1.902925867679881,0.20558225669582783,0.23249043938376243,0.5867338268072521,0.2631828547761123,2.824052088805685,-0.02575107538465372,0.2965102178180126,0.666015751981734,0.10040237394221749,3.177633222120605,-0.7840098190641327,-0.6700014409343493,1.1910335044291733,0.141109254810909,3.102291967760574,-0.19965605910639958,1,1,1,1,1,0,1,1,0,1,1,0,1,1,1,False,False,True,False,False,False,False,False
51,98.40406473734805,22.70786265832754,3.597275698458493,16.487675793873663,Japanese,0.6955672553748646,0.7169723944274271,0.013133229756023044,2.386091488092771,-0.02352397403950848,0.8676119508822832,0.10791540236031213,0.40665094450572226,3.46845681494008,-0.17878628284831274,0.6199796996436365,0.6989022107802388,0.11279243878438694,2.337317788717247,-0.37961170340680855,-1.0627725695871202,0.6856137445589828,0.3405140384045566,5.0,-0.6328351517859816,0,0,0,1,0,0,0,1,1,0,0,0,0,0,0,False,False,False,False,True,False,False,False
52,84.99572901897207,81.28175356381716,3.4384674453656556,10.0,Ethiopian,1.0877108600968606,1.361960275278433,0.6881410369098772,3.0143813128316603,-0.3664792122076462,-1.1482127142462721,1.0193139536517504,0.6294957509091986,3.0904872781969126,-0.15159438983243242,-1.0236318164603273,0.5600991602167944,0.2059677678498925,3.1105138968506414,-0.08439727502958956,0.5459149019675436,1.0587686984621998,0.1653555886811648,1.7116555839031418,0.14152943578679344,0,0,1,0,1,0,0,0,1,1,0,1,0,0,1,False,True,False,False,False,False,False,False
53,23.61343702522496,65.68532942055742,2.4205831799011714,22.73201666687579,Japanese,0.5338217156453109,0.5623832544679926,0.2206766511547542,3.0609868491920627,-0.023703241321995878,2.1143442414555107,0.4612867986903879,0.27117474073000547,1.3539806196995894,0.608545489562613,-0.7439210408604132,0.634999991109626,0.049635799871965036,2.7139929506390383,-0.45044993473892814,-0.7071628096244588,0.5241213500698331,0.7643724241256165,3.517709008190934,0.3173209798895738,0,0,0,1,1,1,0,1,1,1,0,1,1,1,1,False,False,False,False,True,False,False,False
54,97.71710015482591,73.15685148024093,1.8754142679762327,19.695652576874664,French,0.3952120129351584,0.6016901799388361,0.26715200770855246,4.078896966857657,0.1786587782794523,1.0009427606895045,1.1204556757358153,0.159977535547236,3.219650809013221,-0.4204959401022137,0.424536616271931,1.4296378594732044,0.6321527169610539,2.991947976024325,-0.3430577319048289,0.4485656589332074,1.1705261835816905,0.4137336878544326,3.4145978585589707,0.34578459885910634,0,1,1,1,1,0,1,1,0,0,1,0,1,1,1,False,False,True,False,False,False,False,False
55,9.562836130088648,50.0606105944316,3.9538542009774416,22.458956350313525,Indian,0.12286752936260395,1.3444746068162194,0.4570548536220417,2.6842857223024623,0.3875038116234665,-0.051414995286116726,1.5160222865858588,0.6554632876465087,3.1417443353331977,0.4518784708141488,1.064007045982911,0.6589976373026121,0.6041236479985572,4.357069029878643,-0.5222554598520879,-0.3941958019569087,0.7467387632443692,0.444050857643831,3.970702173601071,-0.22219755702846014,0,1,1,1,1,1,1,0,0,0,1,0,1,0,1,False,False,False,True,False,False,False,False
56,46.2360078538021,0.07438894434061982,3.4750507311104935,14.567975701547496,Korean,1.2091016420933414,0.9167026290211666,0.24324366483305812,2.6175295805513623,0.017226159354651008,0.15978769807335919,1.6179670885037618,0.312845297285021,3.00964550901628,-0.44470360151368665,0.15152038006104546,2.257005069762148,0.16705212246418044,3.2642230840092306,0.0027059343270345523,-1.200187034808039,0.7849646377688153,0.6421472900225557,3.305136110578644,-0.05068125385221885,0,0,0,1,1,0,0,1,1,1,1,0,1,0,1,False,False,False,False,False,True,False,False
57,98.89389404604222,87.7619941175095,3.4706346297973,23.83039161029549,Mexican,-0.8430661010803195,1.4378861517566928,0.07303267713814969,3.6168029193869478,-0.596611237849765,-0.7162635863249601,0.8712412031310981,0.30131211183621776,2.573200064975421,0.4797182290413926,-1.7908658059275415,1.4731636235913543,0.3234788747894203,1.3424581562842988,-0.13189411406762747,1.969405030801504,0.9572546713945874,0.3356535122847321,2.573187902122454,-0.6537694294416604,0,0,0,1,0,0,1,1,1,0,1,0,1,0,1,False,False,False,False,False,False,False,True
58,21.72111529162143,60.53775013126169,4.615478750899509,23.630569660128632,Mexican,-0.14189358101621208,2.199399235191361,0.3502995495976593,3.7010786358646595,-0.24039790110587556,0.050522826525369983,0.38193770533422045,0.14649275647523466,2.955053431581965,0.45961359371285987,-0.7570511369487166,1.15894005316165,0.2287809786632386,3.150245854093891,-0.28930620066677315,0.5854290629789846,1.1165661445780173,0.5022649689426277,3.2215852558579448,-0.34043415483185185,0,1,1,1,1,1,1,0,1,0,0,0,1,1,1,False,False,False,False,False,False,False,True
59,47.19531205359291,35.91089147932802,3.2807960862121863,20.028307334418006,Lebanese,0.3853541380984869,0.5058186519768034,0.21591157381991485,2.87788064226323,-0.3491169441695375,-0.14333741454895502,2.170756163364255,0.15743700632034102,3.2072991581233614,-0.23369456299111097,-0.1359382144386272,1.2537280060050333,0.10149050526999207,2.5287261191504897,-0.10512021311341248,0.7098752236495056,1.5182031612483273,0.25723139665950023,2.7283337253287487,-0.5628324765552329,0,0,1,1,1,1,1,1,1,1,0,0,1,0,1,False,False,False,False,False,False,True,False
60,52.92924523083301,56.48231106837381,5.0,25.011616075392983,Ethiopian,-1.5774943085916198,0.6798025017774348,0.027173643040653072,3.2480733247180615,0.16403694216055192,0.9435753905208083,1.0553947113405537,0.28618649845265404,3.283365817608619,0.1364811973650572,-0.8312837247761053,1.0840648778185864,0.322526338281146,3.734114064617424,0.06287845227103199,-0.4107982753749824,0.18331880499196287,0.20927760191115763,3.0697588130887232,-0.09650132168378815,0,0,0,1,1,1,0,1,0,0,1,0,1,1,1,False,True,False,False,False,False,False,False
61,83.35490012491904,6.281332248498894,2.6421318087934575,10.0,Lebanese,1.3109436402150754,1.0551965589281316,0.37268023648687915,2.602915309106869,0.08292427286688518,0.3576442254693005,1.026450910163208,0.05459088864625257,1.0,0.1329889889070697,-0.9727135725214854,3.0070179824828314,0.7158338474905257,4.300999514188676,0.23672335682734438,1.3828309491316155,0.7203982235244157,0.16757393471684312,4.215382205314537,0.3121715206845032,0,0,1,0,1,0,0,1,1,1,1,0,1,0,0,False,False,False,False,False,False,True,False
62,60.636662315742164,50.36127449406887,1.7653038359718394,14.830048262289033,Chinese,-0.7928650077765562,4.125659363053878,0.02222626724230809,2.9444771341821676,0.006946740093302682,-0.08344920282444727,0.3924905608799443,0.09986073214541484,2.973739837879236,0.07534948430099922,-0.04220745543496937,0.33601850259825294,0.26578057673986144,2.820146094483621,0.33646738417772765,-0.7385025885100533,0.5415775792314309,0.02210652507318626,3.2559176234959617,0.06768711363126834,1,0,1,1,1,0,0,1,0,1,0,1,1,0,0,True,False,False,False,False,False,False,False
63,16.029869282555474,14.544547855627277,3.8190794794746727,14.045835038807871,Indian,-0.07174941217099023,0.8471856262357035,0.12419307264856716,1.3515866224975432,-0.10262568712400884,0.6778061029188197,0.6510959687989606,0.5667695744112778,2.1940968797703566,0.5350922344417105,0.9703169188711401,0.812273090150514,0.41591433742198897,2.43174148905282,0.49197119323634375,-0.4705703302670539,0.6178255972242753,0.35731237335066235,2.748517360461783,0.08797674798581596,0,0,0,0,1,0,0,0,0,0,1,1,1,1,1,False,False,False,True,False,False,False,False
64,63.78408620215795,88.29061403612987,4.317943072492867,12.744186567363242,French,2.1566744258067794,0.7713838185133504,0.17153955388410919,1.6385851528950341,-0.579365186902077,0.5560603739342062,1.0819552044979057,0.10550735014671941,4.065567282486511,-0.2216062237857733,-0.8738568209182079,1.1124277818060617,0.36831947577197427,3.8050421513572545,-0.3486717829708421,-0.39088502686300913,1.0524214782538222,0.10789219236597535,2.905870985213447,-0.3536386463846096,1,0,0,1,1,1,1,1,1,0,0,1,1,1,1,False,False,True,False,False,False,False,False
65,3.2865810850571386,42.802190146812016,5.0,16.802536528383328,Korean,-0.8294372522768855,1.3409386663273979,0.0605901281598279,3.7704068209170423,-0.12504204718099718,0.22271946085249292,0.8738091742205417,0.20803803105092142,2.4126553352491893,-0.7073745083328158,0.13434952730741434,0.6191145770045063,0.18789143344228876,2.832633775427768,0.18153956283360084,2.5215672768529735,1.0106558642793617,0.5431796311348437,2.0098275225503732,0.15689301891423876,1,0,1,0,1,0,1,1,0,0,0,0,1,0,1,False,False,False,False,False,True,False,False
66,87.78930732614957,47.65070794853329,3.6050025488753183,20.239305353217308,Chinese,-0.5293720276479461,3.656584579641328,0.4525001407181603,2.5500969341375734,0.26906492338511384,-1.5289854794870417,1.0911118365557912,0.24149465604921821,2.8227887341413456,-0.22913634069695202,0.0324668638853239,1.281315505455033,0.2663931288187358,2.612128291694598,0.39260435435714663,1.1268399701585854,0.9075933530781539,0.05576884224774327,2.8927650518267303,-0.08027876938489216,0,0,0,0,1,0,0,1,1,0,1,0,1,0,1,True,False,False,False,False,False,False,False
67,36.75705375490927,24.06502518590784,3.699121852516391,27.78464633683954,Japanese,1.5617036936504114,0.7297917171119899,0.5490538010181281,2.179565799717707,-0.3459771367765467,1.029211175548784,0.5439786026323284,0.0740718361716947,3.2530163469804565,-0.2488180201214875,-2.8643791683965474,0.8973058029818274,0.5452267405754211,3.6018194649859017,0.662766623167606,0.8397149984464573,0.768629764070351,0.4863922782288272,2.670601510540289,0.03860744924621747,0,1,1,1,1,1,0,1,1,0,1,0,1,1,1,False,False,False,False,True,False,False,False
68,4.823177716362981,17.51667792091499,3.864208184289068,20.517290404417643,Ethiopian,-1.0801938251972851,0.8622692565592192,0.10826112612553458,3.481303068666889,-0.3090048931323084,-1.1662587594545692,0.353500045021388,0.5265763667861891,2.845353666066657,0.33350786364007107,-0.37538241642668074,5.021675489870258,0.17094784465129323,2.3496242147950186,-0.28104408460133634,-1.8131799884701414,1.474679751980343,0.16161104657044825,1.9230599534654862,0.27505198207455367,0,1,1,1,1,0,1,0,1,1,1,0,1,1,0,False,True,False,False,False,False,False,False
69,55.67754326663494,53.008548297290034,5.0,23.088490799813908,Korean,-0.4320576187374964,1.0634082559249731,0.07960736399950974,4.751170502759509,-0.46015321485138594,-1.009561652309404,1.2046585198092905,0.327436473656039,2.642483796169502,-0.21471974314566014,-1.4329024373811445,0.9762785426947251,0.30709287789061296,1.9299292741752068,-0.1964574436464588,-1.171662812297314,0.47801195589706885,0.09053247545259549,4.033196711905971,0.42504990778622437,0,0,1,1,1,0,1,1,0,1,1,0,1,0,1,False,False,False,False,False,True,False,False
70,54.422155061699954,29.90527486167165,2.5529276078481526,18.522316034287357,Chinese,0.5160840373349698,1.6341014117917065,0.30079467427490564,3.9155659206982705,-0.18032259678202425,-0.1052679886976573,0.9022570065206763,0.06018119717086695,1.9149778896921505,-0.13704539042310185,1.521423412204215,1.7982019414486485,0.16452891932466662,2.4425883437850615,0.16230777776215632,-0.7529297745759438,1.9321626339596019,0.42150830055770994,3.0279551845046466,-0.44973485616646536,0,1,1,1,1,0,0,1,1,1,1,0,1,1,0,True,False,False,False,False,False,False,False
71,86.54240312144623,84.69465435466029,4.2718009219067605,28.921619922677344,Lebanese,0.45539286028580644,3.8469067527666514,0.5020572234606175,3.426791990358445,0.04491047270957674,0.512022158133717,1.9049022289912385,0.21142329615968544,3.437389259727938,0.372785844592141,0.2947622494559256,0.5074651389641586,0.2195277235767035,4.332525150455097,0.1931210102360397,-0.722682321294096,2.2096347192416204,0.29333873578576664,1.178269645998296,0.34410151112900145,0,0,0,1,0,0,0,0,1,0,1,0,0,1,1,False,False,False,False,False,False,True,False
72,46.57003666305104,75.1358196785802,3.98181619166971,15.731830430255043,Ethiopian,0.5936862029814544,0.4926963223583014,0.4629734660683499,3.0929840941226123,-0.5987514397292741,1.407727763720542,2.230495367249733,0.26659848462095675,2.4519575725393774,-0.2832931862700099,-0.9412047655151828,0.5055429108785028,0.3679999890178012,3.2765380670264412,0.0330265746702948,-0.07538838503704308,0.892623735042964,0.4439805402400364,4.955835550711707,-0.3997484530600601,0,1,1,0,1,1,0,0,1,0,1,1,1,1,0,False,True,False,False,False,False,False,False
73,78.35706727666782,36.80968485294903,3.232002336917905,14.495652604515854,Chinese,0.370506334286746,0.384365352251082,0.63578183158876,4.578368874744832,0.06048129688570842,-1.6876963310470667,0.9023659918513374,0.07332366178089861,3.028143684129935,-0.6508499240036963,1.42296590537921,2.133267218153442,0.11363924715271743,2.3888944078227454,-0.19480171341080985,0.25554184467569924,0.4006382160429833,0.07421485971767293,2.7336215048648045,0.21999517936310628,0,0,1,1,0,0,1,0,0,0,0,0,1,1,1,True,False,False,False,False,False,False,False
74,17.731310063401185,25.28705036510319,3.6935084634012676,21.005328221720557,Indian,1.3453780718487536,1.1460930339943258,0.2188435625134473,4.513262903537403,-0.3513640984106853,1.4712339926346683,0.7973848213803055,0.1924006407932612,4.271485074033194,-0.16347998092427174,0.3426956782253377,0.6830991607926082,0.14332963571812227,1.9838401136958475,0.0008106112576342087,-1.7790708370938528,0.47879000052670034,0.0732353013161716,2.8174987374979144,0.3776253611782286,0,0,0,0,1,0,0,0,0,0,1,0,1,0,0,False,False,False,True,False,False,False,False
75,23.709105954605157,39.189556184955435,4.087623995865151,29.37526184851549,Japanese,1.0159421463860647,1.4395393057946633,0.1053905734598252,3.3078116422056976,0.613108206639204,1.6364629074432415,2.165040720946882,0.3559762010858485,3.7354116379297984,-0.20457260939076502,-0.9102814912046776,1.0146465499379795,0.2791102407147769,2.980452972212335,-0.02400755035336249,-0.11289276605149792,0.52801554002383,0.41169547477639873,3.9096877917578494,0.018753527568444225,0,0,1,1,1,0,0,0,1,0,0,0,1,0,1,False,False,False,False,True,False,False,False
76,0.7206409512140133,28.08908500366094,3.315869729480046,18.188813676043733,Lebanese,0.5952784540779213,0.27431024579930163,0.1995169538487767,2.842762906840838,-0.15396011438360874,-0.46139493621891375,1.7235575814420556,0.4560365236338196,3.966033412892038,0.21865439442196805,0.05617184127427364,2.8199432550177588,0.28904853946001946,1.1492606936809895,0.31913765591851434,-1.8773258247227445,1.4241639601750486,0.07918241885950435,3.7323736595514294,0.40259849587154434,0,0,1,0,0,0,1,1,1,0,0,1,1,0,1,False,False,False,False,False,False,True,False
77,53.70701169459407,42.30593036779792,4.000177285331344,18.84253315759209,Ethiopian,-0.6828016163681212,0.7246913441158547,0.31014670340062894,3.2142141544778577,0.0642169742923061,-0.2013622701564993,0.583815275568399,0.20094263203409485,2.6726804917852593,0.016859517924410823,0.39595054314682143,0.5858214138511061,0.14164024213191176,2.1146711038964194,-0.17996504250244968,0.41491329970037927,1.4863931117204678,0.5229479877129817,3.965846446713131,-0.034897028989064154,0,0,0,1,1,1,1,1,1,0,1,0,1,0,1,False,True,False,False,False,False,False,False
78,53.182632454737465,74.00773597639123,4.53108404895852,27.477699692678826,Indian,-0.7135599294040993,1.8648195905832685,0.09552837034587613,3.5615670451362367,-0.5678048371037298,-0.5718167302823739,3.0626897446428827,0.20663762958000997,2.5207921250509573,0.09184879406598967,-1.6904711845610956,1.1890407583327183,0.17314303170743045,3.2999737651463548,-0.41233722326198796,-0.5239006568045438,1.8507065818611845,0.12451185096395254,1.8970148499443176,-0.16353716887201256,0,1,1,0,0,1,0,1,1,0,1,0,1,1,1,False,False,False,True,False,False,False,False
79,93.12154394249545,32.59970524663726,4.5995847583289855,14.200406995526988,French,-1.9082895416901746,0.7654024772487844,0.3965018466930674,3.005112202299077,0.24425600771898293,-0.6032991147419898,1.1746528200695692,0.6021124233817862,3.5294856794194365,-0.322213802713648,1.0866826685588653,0.7575337790619536,0.1284679823543011,4.145173512446027,0.2958173969550335,0.2685644793543438,0.6209133631264698,0.30856794893797085,2.4161295380327994,-0.3056779998633249,0,0,0,1,1,0,0,0,1,0,0,0,1,0,0,False,False,True,False,False,False,False,False
80,27.05735220119151,47.62239119713375,3.6273453021672766,15.26925415088904,Japanese,0.6873123485844095,1.404485324492703,0.2191611539938687,2.7132453853661387,-0.013331333808856838,-1.339389221097253,0.9078368138048282,0.2395922001169776,2.183262433567958,-0.15696013085826954,0.8257396633226917,0.8421145070962619,0.07220741085313263,2.74552692025806,-0.5204714455367576,-0.5536758495295143,0.7508213374434856,0.1903553722238244,2.981704070559149,0.08953735806438755,0,0,0,0,1,0,0,0,1,0,0,0,1,1,1,False,False,False,False,True,False,False,False
81,60.96162102304301,18.725043421724962,3.7780485835824176,11.081069612249532,French,-1.8230095835236662,1.167601122927444,0.5684945999763354,2.628152351857937,-0.1577315499045437,-1.6896529203538362,0.45114592053779035,0.1961358703419569,3.2620550814419262,-0.049247522241316295,0.041981586445651746,0.8737480446302971,0.06567496065183707,2.735841147740008,-0.265810146863581,0.08658146552496834,0.9650802799483938,0.13907621877428775,3.7930031931665114,-0.45593244422764967,0,1,1,1,0,0,0,1,1,0,1,0,1,1,0,False,False,True,False,False,False,False,False
82,2.799536548956172,20.399355000831143,4.028399627102055,10.0,Korean,0.8791137997169072,1.5557110857445422,0.25072670427805044,1.927090331929111,0.40331905100945425,-0.1993273392741338,0.8024843763031255,0.607099219802674,2.7780723871220347,0.1868746159619933,-1.3454717713947013,0.4587138570842584,0.5384108107862129,4.04166416236957,-0.4177061421889682,0.6550052532554648,1.648209507394617,0.26330554052691685,1.8879270245343058,-0.22182340170740308,1,0,1,0,1,0,1,1,1,0,0,0,1,0,1,False,False,False,False,False,True,False,False
83,24.510456104435928,43.63305623797292,4.678576931609533,13.796710243195124,Chinese,1.8463648729317061,1.366934437774414,0.11506764338172704,2.8884277894617068,-0.06778382066930777,0.25777258546505816,1.4043839223752728,0.15740768375742256,2.595923053397045,0.32612543260358295,-1.657321020590562,1.9442105806753587,0.47396829442664395,2.79859482117125,-0.47424526408982076,-1.5704943106124225,1.6919342512183004,0.15974307016482722,2.538077936371734,-0.08959233936501587,0,1,1,0,1,0,0,1,0,1,0,0,1,1,0,True,False,False,False,False,False,False,False
84,63.092924213815735,30.142361648631187,4.130398845783948,10.771153696428085,Chinese,-1.0616544037884463,1.2335818973317803,0.14486704439778733,3.3277576337135586,-0.15014561509250238,1.8288207150748825,1.250016456748098,0.20805230482838483,2.9554714817780603,0.05049194360997167,-0.7784145460944768,0.7524303050469396,0.46588536321566815,2.5659429381184427,-0.7077481881548879,-1.620602625100263,0.8972959957758505,0.24223234996180532,2.8461424289922603,-0.18422433716023237,0,0,0,1,1,1,1,1,0,1,0,0,0,0,1,True,False,False,False,False,False,False,False
85,97.55067132457359,87.11483413670983,4.966898886032345,13.912323527897051,French,-0.6844846684032199,2.2293466772869652,0.09959510949168808,2.0193792305920355,0.40230330836607037,-1.0010015450142384,2.351079359424027,0.2091394426204916,2.467158283282874,0.4386009710347031,-1.2540999758354634,2.1839970813472602,0.0625898629575725,2.917235052920772,-0.2405141450486633,-1.104653916318977,1.7773947453651737,0.19605583713895441,2.135440763457251,-0.38518466714710214,1,0,1,1,1,1,0,0,0,0,0,0,1,0,1,False,False,True,False,False,False,False,False
86,62.07320313953527,33.788707424605825,4.402016619079549,27.041997564465614,Mexican,-0.4762144798666495,0.754705240923285,0.21778793739781566,2.3772537755995504,-0.16656900352725615,-2.091691213346014,1.8049963000813227,0.4206712464272591,3.1304378784665565,-0.5089840215778458,-2.243801864246038,0.81088525457567,0.14380772536708025,4.246086090961669,0.23337454491381998,0.2175901671998514,0.7959483973508412,0.4404320740728525,3.831330598502522,0.24486812688249188,0,0,1,1,1,0,1,0,1,0,1,1,0,0,0,False,False,False,False,False,False,False,True
87,16.973160496332195,65.97301512508899,2.732942312542432,15.15467256856646,French,0.8303104295602717,1.1392135395467904,0.23805531071821195,3.8634684970570006,0.1600952655112651,0.14655970591263323,0.557166818324465,0.2723039171488757,2.2400122442252637,-0.2375788729094852,1.5541143819035397,1.3128383617034989,0.5030048951041887,3.4802188575718565,0.34096632737428917,-0.45273020431985184,1.244702479600338,0.22142761270339298,3.18001146559791,-0.5964139809452045,0,0,1,0,0,0,0,0,1,0,1,0,1,1,1,False,False,True,False,False,False,False,False
88,71.54490697792484,6.610071679227247,4.818426790215074,16.121877959979027,Ethiopian,-0.8633525162339086,2.0843407887257177,0.1858190369363104,2.4055935445387693,-0.21629441648175454,-0.466351101873623,0.8811095164955975,0.07521766635839386,2.3846809742328023,0.594124245349392,-1.7207839279644492,0.4859686077379543,0.4394795147781806,3.807921130495425,-0.06210006067475202,-0.8558237080392365,2.2475742400373275,0.02354507732532305,4.306604453714542,-0.1344465254739576,0,0,0,1,1,1,1,0,0,0,1,0,1,0,1,False,True,False,False,False,False,False,False
89,77.51162103601025,88.86288111154084,3.4775860726526178,26.059482847879792,Chinese,-0.13054146707773523,0.7572503092432122,0.2657838332865917,3.3696657239843852,-0.35065970660603174,0.35622300730710804,0.8074174302682275,0.5341989789695615,2.2614230059571705,-0.042901501222964454,-0.23930765635467713,0.7696913348555119,0.3688659603166238,3.7396093565650124,-0.2625599683825532,0.8335855311097059,0.5146062270013337,0.7094332222861276,2.150795986122351,-0.44295094504016125,0,0,1,0,1,0,0,1,1,0,0,1,1,1,1,True,False,False,False,False,False,False,False
90,63.22237729028609,70.33525199361095,4.429636080461572,19.955411205419914,Chinese,-0.5230876326157433,0.8490428513509487,0.4335671531057597,2.159358464789143,0.4400328507020844,-0.3978797330752503,0.6438002637686612,0.360830944272646,3.5077320156190632,0.6351373723237838,-0.2767143819821374,1.2759158909369803,0.02950984556126001,3.359722960141542,0.04738712591177914,0.7976722853125289,0.41749889363197795,0.07136216848132991,1.9619038168725094,-0.3965219662456647,0,1,1,1,1,0,1,1,1,1,1,0,1,1,0,True,False,False,False,False,False,False,False
91,86.344422305943,94.87239098864617,3.9936183501232265,27.695698304089163,Korean,-0.25127692435468146,0.6756684885346508,0.09977040802437805,1.471149781046349,0.09110603648197467,-1.2592235156092355,0.6437838610322946,0.4250669403561405,1.8286243060952108,-0.09996698816185674,-0.1739380333556114,1.687649073299162,0.17432834183387133,4.346091752495438,0.18853054788155227,0.20546203173728375,1.390633711516529,0.48156065943352994,1.9790801646237082,0.14022160981299422,1,0,0,1,0,0,0,0,1,1,0,0,1,1,1,False,False,False,False,False,True,False,False
92,35.18764219028993,5.920180480396464,4.7398273358242164,24.079753889763534,French,1.2912747284232993,0.60465067393864,0.1615040927974276,3.3332195024454943,0.2901509684389203,-0.688878692445368,0.5668990240925101,0.46063055764296346,2.8166860749312836,-0.1553707897624009,0.3492074639026528,1.1556031258231019,0.2612998497726799,3.4768139792552946,-0.32633389514234606,-0.029608294593286212,0.7025561211041849,0.22925778767925153,1.7149603384184438,-0.011468738413492314,0,1,1,1,1,0,0,0,1,1,0,1,1,0,1,False,False,True,False,False,False,False,False
93,31.095509142706014,17.085097539171677,4.0372866663986,19.5299550618323,Lebanese,-0.9642048531813225,3.5765061095278186,0.32665731843255297,3.5328102934691907,0.2659336290519771,0.8026304502474167,0.5613370515050294,0.4879099674669088,3.3184120613540444,-0.09589498148504584,-0.058146925141430716,0.46171743985793295,0.749292190630394,3.0553609985869543,0.23760305855340352,1.564370142759587,0.2892006564905245,0.12799912705564073,2.037986643877277,-0.018545098593595655,1,0,1,1,1,0,0,0,1,0,0,1,1,1,1,False,False,False,False,False,False,True,False
94,37.404873998144886,50.397103193272045,4.113615894594824,29.915333186997778,Korean,0.07175977417228958,1.4102235089638415,0.12911697836456615,3.2136516948336245,0.010550352957740485,0.27239104064855424,0.9406093719722245,0.49429357241148236,2.6792307073174872,0.11055011707309882,0.7882643600304876,0.46726074693836495,0.4534958973327201,3.735111302398559,-0.05586100303807259,-0.8051913043803256,1.8791263766732604,0.15302666548549412,4.190049059993687,-0.39219068749142416,1,0,1,0,0,1,0,1,1,0,0,0,1,1,1,False,False,False,False,False,True,False,False
95,79.04919029929327,95.2481900103118,2.677070899620452,23.495042955801654,Chinese,0.27160629615640114,3.280393083418627,0.2661727699575337,2.9818298452597385,0.13177704797068626,-0.9691764986522415,1.2225739057349492,0.18527407575059915,3.3146244538093526,-0.3486600384753415,0.8619630528543908,2.194182618612186,0.3752739542394,2.8161060947897663,0.3195850836808511,0.2726988926426751,1.7784977102769117,0.3610848236007443,3.7396864665286538,-0.034891024383144315,0,0,1,1,1,1,1,1,1,1,1,0,0,0,1,True,False,False,False,False,False,False,False
96,28.982083409994008,95.20140944076384,5.0,16.63871945724433,Ethiopian,0.8586671738730901,1.6517790347673076,0.26829744983483844,4.194648584245551,-0.1558516645457865,0.8719681219808854,2.072018194902568,0.3457875234009944,3.340288371896717,0.29627107521111995,-0.4635901177363137,1.482986087409958,0.10823471969849292,2.4102351521841983,-0.5208680454583157,-1.08687545366295,1.3375702988703886,0.3868543343145235,2.5473467165907993,-0.2142751556127804,0,0,0,1,1,0,0,0,1,1,0,0,1,1,1,False,True,False,False,False,False,False,False
97,18.404426502894978,44.00613534000898,4.020084996539746,14.020492449793458,Mexican,-1.2640736790434943,1.1153419271799911,0.39573432988093016,2.7732897407662,-0.1600619906702417,-1.4463594427964115,0.5960713277583565,0.3124080221290624,2.2953639631810616,-0.08139238244132622,-0.7917515907887899,0.582228256059118,0.05729971900566865,3.4861133932729618,-0.2702964309482221,0.005937130161605529,1.270874167888459,0.3359875078240512,4.097119806589014,0.3774558395804179,0,0,0,0,0,1,1,1,1,0,1,0,1,1,0,False,False,False,False,False,False,False,True
98,18.24994794232874,26.06509673451801,3.683614199464182,31.72297190532322,Chinese,1.1148702849563317,0.8997788294605071,0.14552396992709227,2.3710589819787127,0.09873178862529053,-0.5364812639125298,0.7173616474074057,0.17861192121525638,3.8801177300397502,-0.10279017792174455,-1.0206318639206189,1.4946304249523954,0.20840998888007464,3.067072530904695,-0.07323440511788783,1.6739439502832734,1.2925122775873397,0.07096308564125234,3.610449694649326,0.20366296825858038,0,1,1,1,1,0,0,0,0,0,1,0,1,0,1,True,False,False,False,False,False,False,False
99,1.7206897789604936,24.627961648822094,5.0,17.118188899583746,Ethiopian,0.43477698670760984,1.2484379222216273,0.1934202372625101,3.2149711774862566,-0.6319146165586288,0.19792051631423216,0.15061803522091383,0.08414446263526655,3.000240230879789,0.06992935818903925,-0.04983888903923073,0.408525736290779,0.2965362721540827,2.1951481911665987,0.17200859053027423,1.4844342382094502,0.7835597497818165,0.062348173706072395,4.076220685560142,-0.26266224117605147,0,0,1,0,1,0,1,0,1,1,0,0,1,0,1,False,True,False,False,False,False,False,False
100,38.651189161639486,49.71680515517577,4.449021637195922,23.570838184817212,Mexican,0.8742727658458852,1.0377079222322094,0.2910037852980582,3.8581378030807905,-0.03602915784983704,-1.3656398139253743,0.890571659947426,0.4461661173792169,4.143579447799299,-0.005596393291809112,0.7495043024112242,2.170621207953225,0.2114896226803202,3.3914903520210324,-0.14095631626015087,0.6730442132130998,0.8862049360231541,0.2265926171755271,3.874763498522721,0.1244300857856218,0,1,0,0,1,0,1,0,1,1,1,0,1,1,1,False,False,False,False,False,False,False,True
101,30.35414820257104,1.3041057601078432,4.191780400534803,22.426418429206215,Lebanese,0.07165210025884777,1.841157908551964,0.0826593384098113,3.2801000787513033,-0.3159174687082223,-1.1944443828385458,1.1105756512618967,0.1889206056821368,3.9651204816623618,0.4642536608270663,1.120116329309399,1.3984725889132912,0.10343643706134618,3.7931487085506745,-0.1782996206802783,2.2657933595431627,1.7732779256634532,0.17256210430258148,3.671095233114763,0.251626086901424,0,0,0,0,1,1,1,1,1,1,0,0,1,0,1,False,False,False,False,False,False,True,False
102,87.68501280835177,23.609506661441205,4.383919291307239,24.24152736021798,Lebanese,-1.6390516267392266,0.6315891124719719,0.13092279938284293,3.841399985353176,-0.024152468954746528,0.01593454264957941,0.7118930387233876,0.017834398547749264,3.784096453983627,0.02792297408492722,0.5832871133632215,0.8753375634664681,0.4159719537002125,2.5523005614748198,0.015592021686442126,-0.02034347603271259,2.3260495983712484,0.12195777808545016,1.2252322403752494,0.3094852260398981,0,1,1,1,1,0,0,0,1,0,0,0,1,0,1,False,False,False,False,False,False,True,False
103,21.890147556152073,0.41651987844515403,4.049402362210504,27.68836937507774,Mexican,-0.6473026312724075,1.178958463708893,0.1655183251178509,4.252164566019187,-0.3454113461897373,-0.08004346236652231,1.0140618900313516,0.40747381659372967,3.158076558166264,0.39432343189165664,0.8881973976988534,1.9926969143022633,0.29092011433024684,4.032064287852735,0.015826797229793733,-0.5908906751567622,1.141230034722181,0.1584353424198602,3.1708253456967963,-0.35090913474735136,1,1,1,1,1,0,0,1,1,0,0,0,1,1,1,False,False,False,False,False,False,False,True
104,26.00309355727194,27.49924989931889,3.1435901539196176,10.0,Korean,0.8177695662661595,1.4063735815094327,0.3488415878879799,2.377598555573105,0.36641777433367384,-0.25080271315594593,0.6048719122338769,0.3435674814861913,2.2391096443002882,-0.3110320279369561,0.016271294510078402,0.9340210139474155,0.2730437842171596,2.95323485178745,-0.10164137487519985,-1.193524688085611,0.9771805847067581,0.5005830973572764,1.3061569886744973,0.20289857006325318,0,0,1,1,1,1,1,1,1,0,1,0,1,1,0,False,False,False,False,False,True,False,False
105,57.34214584020347,52.040659298423606,2.9814319788464516,17.716236898119746,Lebanese,0.03679475399862955,0.9278933871695844,0.21731537171380255,2.9028189015415387,0.17802269056988612,-0.5651428939886068,0.621424193062125,0.06516216294367065,4.399925072295183,0.3881680944691592,0.17780556493933122,0.6082533537141368,0.17184236482654164,3.2726711493063854,-0.26602793953782417,-1.7063242117440478,1.6365778007477654,0.32804232246409976,1.513203361517704,0.13849136552604602,0,0,0,0,0,1,0,1,0,0,0,0,1,1,1,False,False,False,False,False,False,True,False
106,79.92297558169913,77.83445107689046,4.736060895035529,19.505558398036246,Indian,-0.04870254236748755,0.9269718379483364,0.41124157798073074,2.7958366906748786,-0.21979949672922908,-1.102671939612895,0.4184528708897329,0.4567658892741371,3.0580793514739617,0.03021090467879317,2.2424556170830465,2.752119017550442,0.16863650964193602,3.7482109331090543,-0.35782945671708993,-0.0075884005412258145,0.3430932368584042,0.3861657698892676,3.573057997099897,0.04980115536186577,1,1,0,1,1,0,0,0,0,0,0,0,1,0,0,False,False,False,True,False,False,False,False
107,93.00787354673395,52.57099285645006,4.8439348074012365,27.545038366935525,Chinese,1.7915310965993816,1.481723236070385,0.04327654135698147,3.476628712320737,0.18273647862540587,-0.7822824408021882,0.508663473748261,0.0702765102913809,1.2761444706181346,0.10224625424382083,-0.78854044660449,1.6118136973767714,0.04769895642631551,2.8899715265599943,0.06251221458632461,-0.518545821729158,0.9147589750331513,0.4606114205305187,3.1219985040890808,-0.08480006078707261,0,0,0,1,1,0,1,1,1,1,0,0,1,0,1,True,False,False,False,False,False,False,False
108,93.49572594485205,81.63649611827525,4.432230441074071,17.304813142295245,French,2.2018563138041243,1.4905171334835774,0.14415862804783622,1.7080608892434606,-0.6032889730640034,3.0,0.3218924264556886,0.36021118050531725,4.454637832502186,0.09318075169518195,0.3069570985810845,1.7067393937361544,0.07522570763935034,3.354792833801522,-0.41684420003295475,-0.5199754119398773,1.710752230484218,0.6566600745187486,3.5697966825845326,-0.5459974032344651,1,1,1,1,0,0,0,1,0,1,1,0,1,0,0,False,False,True,False,False,False,False,False
109,18.914978645463197,69.74951360085157,4.247250813375253,16.42753363625038,French,-0.03706690441882626,1.0013669988255862,0.3934877349807462,3.777588282045363,-0.4553706324312042,-0.6260812210457714,1.9957679766834162,0.22284144239525064,3.9999631129552107,-0.0650190886042456,0.9088648117131102,1.731795435455065,0.08621414897316002,2.2232201114528594,0.03932412260694817,0.7713343752385072,0.3957094556040663,0.20921161058287924,3.9137120145046036,-0.18314739485362702,0,1,1,1,1,0,0,1,0,0,0,0,1,0,1,False,False,True,False,False,False,False,False
110,91.49716019232044,90.30514393073973,4.776688961021221,23.514182654781003,Chinese,1.9329054284744887,1.056418253358388,0.022362545727403225,1.8832691114370925,0.15616603886164285,1.5059009128619398,1.6230368637508528,0.052548868491512385,2.867483918346307,0.25909307978296114,0.38027681578964534,1.9171537883169745,0.39699648028033807,2.075415870058728,-0.038037510244537075,-0.2680871724326858,1.6324901659234083,0.4738429252915413,3.4326186245579526,-0.4997931392555338,0,0,0,1,1,0,1,0,1,0,0,0,1,0,1,True,False,False,False,False,False,False,False
111,86.17010353460368,64.76363959130117,4.923779278434768,17.128467776878345,Lebanese,-1.9935715313257563,0.7627470807260874,0.7415768170384177,3.3046234218903483,0.48728000476010147,-0.5873360870250491,1.0275319493108859,0.253878485983454,2.2030501138433536,-0.11986382635923527,0.17846229668168181,1.1142423485551525,0.31108707833076926,2.7518419180841382,0.11805026017456442,0.02751523228211721,1.081127461229125,0.31142819255105314,3.0150811836074185,-0.4271104272131127,0,0,1,0,0,0,1,1,0,0,0,0,1,0,1,False,False,False,False,False,False,True,False
112,96.00426255523176,25.001676859567578,4.338087046924405,23.630805014228663,Lebanese,-2.0490572604691897,1.4855168286063962,0.1360664158072209,2.7333740028267206,-0.026053888304012274,1.365852914050061,0.9115254067274399,0.1194636466180764,2.220309046426266,-0.24040262123634148,-0.2888540366519151,0.49427632592290544,0.16326706291274776,4.158243020695315,-0.11719911573291737,0.5030299534487337,0.7726109302281465,0.12480370126421488,3.551094567266271,0.035563345003583324,0,1,1,0,1,0,0,1,0,0,1,0,1,1,1,False,False,False,False,False,False,True,False
113,69.73739968258194,12.363180317953704,4.799367147529513,27.78203108140056,Japanese,0.8670552083195185,0.9897657587041591,0.42518808858723456,2.631889140149472,0.2184205484641231,1.2320448738375287,2.4448157608401786,0.2160047206700023,2.1176641524525315,0.14107739616720408,0.14111921546670197,0.7114320083288398,0.4792667564886729,3.5934544207581265,-0.5555237284704362,1.8684860849864595,1.208938177839506,0.3161032143781349,3.234641284776107,-0.18148535039839092,0,0,1,1,1,0,1,0,0,1,1,1,0,0,1,False,False,False,False,True,False,False,False
114,66.2767517135585,70.96408212689622,4.706816185313145,27.497688797543315,Japanese,-0.26196107320485784,0.41551757313058063,0.2338662369260876,3.4375522587544154,0.05416711736911097,0.4508892334788509,1.3658183285985865,0.3463531417825843,2.5363179118830015,0.0767143573205116,0.1068344221863566,1.0186538434554282,0.4374838153566296,2.739297725133812,-0.11242366447525727,1.8005963706575905,1.9305867751185528,0.298868169987005,1.6779007467776728,0.2756131906533969,1,0,1,1,1,0,1,1,0,0,0,0,1,1,1,False,False,False,False,True,False,False,False
115,67.19843840105504,49.81503859514276,3.5758406554368225,15.672700145423434,Ethiopian,0.5789711070908105,0.8811284789939069,0.2512936045473362,1.9978935211432598,0.48316514029627083,-0.6414098177206133,0.6533149109362713,0.5825518783581636,2.7305201889181947,-0.037413169658526625,-0.34480288470877124,0.8962633854691782,0.3632597040846219,3.348570975110313,0.009554787348903769,-0.08846686499974106,0.3476752031739558,0.36804882409217815,4.200669139004769,0.10608096642981375,0,0,0,0,0,0,0,1,1,0,0,0,1,1,1,False,True,False,False,False,False,False,False
116,41.14010390774,86.66791945821436,4.651307854107588,10.0,French,0.5165523855469867,1.5324773650863237,0.24242669591513055,3.462049029303696,-0.16378685591679146,-1.3775960333307937,1.035590854210945,0.3469524720237133,2.848863119543107,0.08558559918976422,-1.6425963640641001,0.6796373914994911,0.1642527975217874,1.9496601536597997,0.5243864940360304,-2.1546930667039916,1.1401604593602812,0.12415481996808755,2.9829374650590856,-0.1515809842666694,0,0,0,1,1,0,1,1,1,1,0,1,0,0,0,False,False,True,False,False,False,False,False
117,46.974869517093495,31.78217655823331,3.1840926578620166,22.614920139581724,Chinese,-0.08940364049732401,1.2537609631263686,0.29186884393152285,2.7244728498456214,-0.4823445915651863,0.9657463479255879,1.2227634399730385,0.16997687881229048,2.7514576405453335,0.23606215155083923,1.7232945263898705,1.4592233548035423,0.13129208076812246,2.6500244648340816,-0.01832056013032186,2.0224450643865994,2.128350609244067,0.45738521473807153,3.4802330714663827,0.30338360266834746,0,0,0,1,1,0,0,1,0,0,1,0,1,1,1,True,False,False,False,False,False,False,False
118,4.71371476582344,65.91231683508258,2.1934104578474996,19.11603553496078,Korean,0.6821297104769012,0.6212756272216261,0.2667426866773097,1.890090986831673,-0.24044073300547428,-1.2840034598049361,1.1859626866893738,0.794571436592147,3.0945250167784697,0.24044554069256463,0.41085767097627107,0.9652505750040131,0.3292707022987783,2.478329508338189,-0.14497177367164255,1.1180716613264787,1.1281334734688855,0.10719170922181133,4.069543495676291,-0.622265233978409,0,0,0,1,1,0,1,1,1,0,0,0,1,1,1,False,False,False,False,False,True,False,False
119,75.55678339174203,50.38730496361019,4.5439639131716,28.93268300616131,Mexican,0.1507220091744646,1.640192765729981,0.39740194137906837,3.7838296835045093,0.018886378675873165,-1.2745721004239723,1.2064061706714886,0.38445968878083026,2.365586834894821,-0.1775575464009765,-0.2353513618078007,1.9189911510875446,0.4497501727474964,3.4729265041943758,-0.542624345475692,0.38866687879182177,0.6596677246128719,0.33980153775064936,3.722596719221407,-0.09146723136167831,0,1,1,0,1,0,0,0,1,0,0,0,1,1,1,False,False,False,False,False,False,False,True
120,72.94669256169607,63.968870653464705,3.678588191550432,11.849332740581275,Japanese,-1.5321425223126923,1.5154843755009877,0.08683347881606615,2.00275342764732,0.16467487736792621,1.522841762204412,0.36566035747676845,0.04634703667984237,2.572757921347136,-0.22481510485639014,-0.005466542804655451,2.4444440003822043,0.4723967071092323,2.1949582161145202,-0.17859281919502204,-0.4389468564802119,1.3524104395100658,0.42039471496202147,1.8482800955926304,0.09742977577550133,0,0,1,0,1,1,0,1,1,0,1,1,1,1,1,False,False,False,False,True,False,False,False
121,50.21837351462156,18.82924205253905,5.0,23.201157286262198,Indian,0.21886857740027746,1.5166905046988033,0.3433390160752984,3.4743575794964174,-0.2038017170946307,1.4618824312460454,0.6237742729082926,0.2366205497961572,3.6701066329451373,-0.3527469180624383,-0.6882198168848427,0.8402622857594797,0.2191109330702191,3.0202213506229847,-0.014328639861085898,-0.09792914584836143,1.106337886901471,0.21890916879117714,4.123758266219265,0.11614672360441883,1,0,1,0,1,0,0,1,1,1,0,0,1,0,1,False,False,False,True,False,False,False,False
122,35.721164599025876,72.97223574673865,3.0044762501261877,16.564289513244013,Japanese,0.1856632544475102,2.6234539373624193,0.22430098976390914,2.6616387992866453,0.32957070715711484,0.03765596319966068,0.3000926665081135,0.13318789922269378,3.287729298450988,-0.2740761955163179,0.48504226280577756,1.236685517326591,0.22944166041586594,1.9528673444628766,-0.004162585728171628,1.028619493432448,0.8887893150447707,0.4932327532224493,3.104705099299544,-0.2766471662035166,0,1,1,1,0,1,0,1,1,0,0,0,1,0,1,False,False,False,False,True,False,False,False
123,75.05642601286745,5.312729084907419,4.7514479133538305,21.236073542645553,Korean,1.832776536801211,0.8606257412683139,0.1656343390171469,2.686477605529,-0.4646494665009311,-0.24619719933642692,1.2066520334144637,0.3509426104060921,2.584096564743212,-0.022789677041621444,0.6198559250413767,0.7674975987848361,0.42664233470111607,4.147067601394272,-0.3959559644036598,-1.6797893765753493,2.328857535554166,0.17317143835785853,2.9654831902862493,-0.057118001378024794,1,0,0,1,1,0,0,1,1,0,1,0,1,0,1,False,False,False,False,False,True,False,False
124,42.813584701379405,60.907040933114,3.807353672100397,24.591123998567824,Mexican,-1.1288944013131346,1.5047230994066358,0.30982583059575947,4.085697555603584,0.05866161110189157,-0.664297573689694,0.7826498487083774,0.3216037052046814,2.6199401411532697,-0.025199864742193014,-0.08623634950049212,0.46417431810217424,0.3070071308821463,2.4434920423925903,-0.35737382307860316,-0.687162379733072,0.6864706295322615,0.2793297795701704,2.9603514302773783,-0.14086599507897551,0,0,0,1,1,1,1,0,0,0,0,1,0,0,0,False,False,False,False,False,False,False,True
125,73.22808502625183,39.91676097215947,4.2166457963382395,21.769477165422572,Chinese,0.01699688084106283,0.8979346713376691,0.4690754850308226,3.222122598320185,-0.314995894561405,0.3513355379275004,0.4638532578022069,0.5951728303445613,2.170118115373707,-0.0871708595483084,0.8372918048616081,0.9656181652462534,0.4607659122393225,2.781577276363492,-0.032151986704322975,-2.7533984482180602,1.4709633395607706,0.4161935350043054,1.8892647424746016,-0.1260718552826406,1,0,0,1,1,1,0,1,0,1,1,0,0,0,1,True,False,False,False,False,False,False,False
126,54.44239428077788,37.854445398675615,3.1235682964852267,21.096535673416003,Japanese,-0.42442882494572987,1.8890257586728065,0.19308175335131045,2.803182780929938,-0.13512815837252962,-0.4840314322593972,3.7481483746729145,0.5875556142163181,4.162600828863788,0.2187046949064424,0.05234654560464973,0.35051010042162756,0.05657254292617791,3.5107571816220244,0.9754679686259675,1.1084952714743415,0.7872887603274259,0.4587103068618859,2.9079507653860297,0.5919200819292271,0,1,1,1,0,0,0,0,1,0,1,0,1,0,1,False,False,False,False,True,False,False,False
127,34.00816634013232,32.622349388281044,5.0,24.38016428041204,Japanese,-0.13290989911115147,2.0935373800046686,0.1399580283535648,3.6903337429056893,-0.18142038283322057,-1.5130872598946643,2.17019142291992,0.22262917361401188,3.4728931147722677,0.24624780651199255,-1.4712272180266037,0.8761954452314004,0.1257925450881753,4.025136489867849,0.2239790268576781,0.6437611587793847,4.149303654210781,0.08433074324430496,3.616564933392324,0.4755776645836223,0,1,0,1,0,0,1,1,1,0,0,0,1,0,1,False,False,False,False,True,False,False,False
128,82.06262735630645,7.736580229194045,3.77607220571972,20.49969291990358,Mexican,1.6592046176964066,1.3980284164784296,0.35832889649423827,2.613512627510192,0.31638996483802817,-0.7635304872538676,0.7451687771772908,0.1530339626018325,2.773097904471663,0.2663991933339477,-0.2732672642295617,1.894292307777662,0.2774333946568224,2.5832447180259446,-0.49112406726049096,0.8871163644405219,2.1079728476998,0.3623611998076876,1.7992865109557539,-0.4246044365853234,0,1,0,1,1,0,1,0,1,0,0,1,1,0,1,False,False,False,False,False,False,False,True
129,3.6365960012175513,68.50682276564035,5.0,19.48324904194829,Chinese,0.3786406842289673,1.6276504966000402,0.21121115553385847,4.253993224675953,0.4694556570918323,0.24920320955073572,1.6507694928501613,0.17914043801303883,2.333044245032044,0.13015666113087082,-2.3871797800241317,0.7216620069784622,0.029600080199035338,3.2794271818060703,-0.15959153137231583,-1.1476474152297729,1.5459988088221783,0.28267886116955876,3.764802792262989,0.08479805891723609,0,0,1,1,0,0,0,1,1,0,0,1,1,1,0,True,False,False,False,False,False,False,False
130,36.299385078796554,94.03703396854397,3.9344484260293897,27.6095822566884,Korean,-0.4645660624836016,0.6399455670315997,0.437030711588748,2.492213454660494,-0.6677371480980328,-1.5898086075569426,0.6932090292103074,0.3376553173053116,3.561228777703492,-0.12816898898697018,-1.0618583195503817,0.49746220758363924,0.14762006209489206,2.752212669133098,-0.30989601601062783,0.15359404135347834,0.9232437673986965,0.11047664713103356,3.033335091943161,0.138591403787121,0,0,1,1,1,0,0,1,1,0,0,0,0,1,0,False,False,False,False,False,True,False,False
131,17.051798938670395,41.16660325463931,3.0250988681976874,10.0,Ethiopian,0.15384124503486238,1.5095881548165275,0.5459155673868928,3.409622745173768,-0.11743119185082634,-0.9795259223312953,1.785693161725027,0.28375903292795013,3.308377381721026,0.26505625345345935,0.07442019109078452,0.5995011541083078,0.6571327459637913,2.7958485443179217,-0.009714831272322994,1.3849055499000473,0.7710014115256241,0.2154025642296709,2.7392695034518835,-0.4523245781425732,0,0,0,1,1,1,0,0,1,1,1,0,1,1,1,False,True,False,False,False,False,False,False
132,39.8568562166256,51.057345670911026,3.354503602945912,23.763303897294943,Indian,0.7661606204038456,0.5087407319369648,0.20993852409945948,2.5285275100895928,0.08683953683625749,0.12276162875650516,1.6307735739861475,0.22267790959221861,3.2420487348279705,0.34188426398158195,-1.322538445093863,4.7481870959367525,0.24240324601266405,3.0767535303548645,0.24876940540398274,0.4577324605133656,2.296731224883649,0.1722822145359401,3.5602930188935416,0.21983093019426272,0,0,0,1,1,0,1,0,1,1,0,0,1,0,0,False,False,False,True,False,False,False,False
133,15.690928025988171,98.26662117798257,5.0,28.813399610485884,Mexican,-0.9940276932279378,3.786332085295478,0.33987491777711515,3.5457044524127337,-0.2764503342892966,1.6892920937802727,0.7470155827292576,0.27765447582043096,3.750843276815545,-0.1721678751827165,-1.406925699034634,3.7214088090103945,0.2153162075119583,3.2212729653035836,0.15221212831745426,0.0009662892546794135,1.642432995228682,0.2908355136871249,2.703316542468151,0.33351923624370444,1,0,0,1,1,0,1,1,1,1,0,0,1,1,1,False,False,False,False,False,False,False,True
134,63.275257448096156,92.96688614113543,3.5370890730461966,22.51456744910723,Chinese,-0.26434232875389496,2.0646960552169644,0.3017182983097917,2.2813037652622845,-0.05105207784929318,0.1777498652185115,1.4420632280564167,0.5382927889043189,2.955693956794778,0.3978202454663679,-0.07039475339852923,0.8064389684227977,0.3679018037725303,2.4455578448153226,-0.009816667245649084,-1.5201029214610704,0.7412705942696772,0.2695568762069694,4.506802060661008,0.13400238240950657,1,1,0,1,1,1,0,1,1,0,1,0,1,0,0,True,False,False,False,False,False,False,False
135,63.9705489096841,63.589813048755964,4.065641999221223,24.899206170940055,French,1.5422092203408082,0.4125493797259218,0.2132493351454956,2.908018499568957,-0.03403934685843248,0.03200602054382911,3.0023740882865444,0.24861264834017258,2.7257513964783087,-0.08293803630177186,0.5595909228470639,1.4363783357966777,0.6185433802987139,2.993484806040591,-0.10722960175871744,-0.5818518484545642,0.6770394343287757,0.26778701035074914,3.3505983004629503,0.14826662992421955,0,0,1,0,0,0,1,1,1,0,0,0,1,0,1,False,False,True,False,False,False,False,False
136,60.09990274558735,24.621571707358648,5.0,26.809718750580277,Korean,0.856152045689601,0.2089162988968543,0.19772469412083676,3.55200488407888,0.22720816310068215,1.9332155643632365,1.871309265712578,0.17115662633303766,2.1166877465688683,-0.1656755173098044,-0.294335336602232,1.130060519741687,0.3707977879549841,3.3333920238500463,0.435670651808145,1.049146362519282,0.6986983848148232,0.4106503249854667,2.0237588616808138,-0.0082715492270608,0,0,0,0,1,0,0,1,0,0,1,0,0,0,0,False,False,False,False,False,True,False,False
137,28.668015019570515,16.68327487923729,4.865503702290206,27.853783406778728,Chinese,-0.04480261697554768,2.239767038134089,0.1311575990080907,1.9384682911500284,-0.24300009915612175,-1.062094711431401,0.50625699251156,0.11663655755879128,2.6444707985217346,-0.09454791213471843,0.1943367236176805,0.3514423911038934,0.20710702715675475,3.208508460406312,0.3416296598606589,1.3320006219737408,1.3937035347380216,0.16910427189693913,2.6278906981653942,-0.36743588943348965,0,1,0,1,1,0,1,1,1,0,1,1,1,0,1,True,False,False,False,False,False,False,False
138,70.75198086039495,85.6138218074267,3.186751259388633,14.907735301191979,Lebanese,-0.47748922897960105,0.6137494696159189,0.20967938116677143,2.8212167900250047,0.22920971498663162,-0.7326290989087136,1.3304941937093013,0.31373041672463486,1.5623344111027926,-0.12034477523179608,0.02199109438922098,0.9144412828133288,0.15757042807992197,1.1077653713874667,0.2912022022086412,-0.7444809671791041,2.4438483395598762,0.1968011747420388,2.4411318931331403,-0.2913602719887378,0,1,0,1,1,0,1,0,0,1,0,0,1,1,0,False,False,False,False,False,False,True,False
139,21.94459412669486,6.208329701982052,3.7664013564958876,23.61372584034082,Indian,-0.1540655244375879,1.4168227029554001,0.3923827232959994,3.2967968269845795,-0.06522211419687735,0.8427413931462943,1.6660342353440125,0.08387896421758965,3.5019377061300445,0.23003678873708178,-2.4370673335566844,0.9132381302434264,0.08735320934365223,1.04512796967318,-0.022449570799111092,-1.5493932947789677,0.9173797945643462,0.13016399584223737,2.87891764668405,0.39070109716253787,1,1,1,0,1,0,0,1,1,1,1,1,1,0,1,False,False,False,True,False,False,False,False
140,40.34584513173725,96.5710435177882,5.0,32.17660829209501,Ethiopian,-1.551079461180946,0.4687969622552475,0.4647953016740978,2.5746514277758927,0.012912200987180192,1.0767399874809482,1.2045733045256857,0.2891387773370496,2.6460359056028357,-0.02795836618843608,0.9828521049524537,1.2752628571292544,0.4120987949869965,2.9965650970364623,-0.0009151247704331106,0.313572814737108,0.9354925321455656,0.09508799136075254,2.1337522240933104,0.43469795530735816,1,1,1,1,0,0,1,1,1,0,1,0,1,0,1,False,True,False,False,False,False,False,False
141,14.462775460926192,55.547391412672575,3.5629598521008425,14.85820688526118,Indian,0.9430359810936154,1.0634111604033094,0.27965142009471394,2.6849304369780906,-0.19700360488826138,0.4576905380263133,2.0691166690982463,0.20842341319141183,3.753362457350493,0.3302036911411205,0.3976978918438215,1.1851230924093863,0.5592134396961808,2.358440945996405,-0.029903040562658672,-0.6182025148438749,1.0473045616999026,0.25791105160689914,3.190922227169318,0.4148481130528422,0,0,1,1,0,0,1,0,1,0,0,0,1,1,1,False,False,False,True,False,False,False,False
142,77.65942549387567,19.49094211027047,4.768472565806202,20.184790165613673,Japanese,0.34115343851036384,0.6909014876730338,0.2680245948121957,3.5123509465360323,-0.035647929729604705,-2.6194933225106896,0.7023133558650761,0.05819773261720237,1.4675364864519262,-0.10810485025575282,0.23366770068407988,1.0553648951329053,0.09340889082436366,2.3342696089558355,0.4008487761310341,-0.35739880137054186,0.7303049248698501,0.4256863154964822,2.4009614173781273,0.10612731488398233,0,0,0,1,1,0,1,1,1,0,1,0,1,1,1,False,False,False,False,True,False,False,False
143,34.87405060728357,22.267343556083397,4.168968416818432,17.40603363593248,Korean,0.13827321731793896,1.4545604810304966,0.22074728760769882,3.6524232718945435,0.026164050060707694,0.7390463423383108,0.2610225211021939,0.21724482773048973,2.8653979277330275,0.1801535371094171,-0.900046814895752,1.8829104708825535,0.14067031186457318,2.711278829741582,0.3632762193332772,0.38258209151124095,0.6206418115052095,0.6026916325432227,3.2220400332456127,0.3382347358238064,1,0,1,1,1,1,1,0,1,0,1,0,0,0,1,False,False,False,False,False,True,False,False
144,46.69284164733202,93.51378963822823,3.0037028434089192,16.39840969838112,Mexican,-1.2974226175245323,0.8307752702169712,0.3814211612678805,1.7038568878196878,0.7562192846969495,0.667501057762868,2.685656552862815,0.14766637286505127,5.0,-0.19903220416391304,2.4305102589755223,3.0048473804001397,0.3420329936874511,3.4453051726065307,-0.5009408473446538,-0.655339859193865,2.0612502250452898,0.35920917933676016,2.930409108572542,-0.14991140791420335,0,1,0,1,1,0,1,1,1,0,0,0,1,0,1,False,False,False,False,False,False,False,True
145,63.121918169770666,11.053451326006803,4.24363607733774,20.67431665735927,Japanese,-0.7149624441521972,2.472222206564404,0.3907561077599606,2.244841667566693,0.29401407338661495,0.04640263608520231,0.5450669472495261,0.1139710145762934,2.8052495404289184,-0.26856656428249664,-1.7618150090223954,1.853592652426743,0.5512830081218808,1.7500915107845167,0.3354248090719058,0.34586956808559144,1.6751425418147976,0.13885997739581818,3.6655855842171063,0.3963136064686189,0,1,1,0,0,1,0,1,1,0,0,1,1,0,1,False,False,False,False,True,False,False,False
146,34.27727518355825,70.37528074280634,3.5212956329829987,17.27388426384424,Lebanese,0.5144796332603411,0.6432962033549651,0.35733528116469565,1.0,0.12331588801541835,0.6660775965015711,0.9974879401358285,0.05749339061827967,3.0965288389690637,0.2632802056727315,-0.9217669448824799,0.6130319787259371,0.3482713041967105,3.8346559278575576,-0.028502194997508248,-0.6762877260150297,0.9992967409125639,0.8478718198210227,3.383997586845714,-0.017443816890663783,0,0,0,1,1,0,0,1,1,0,1,0,1,1,0,False,False,False,False,False,False,True,False
147,99.4528427514078,36.20015038483704,4.098452689885127,14.190521607188375,Chinese,0.2577163810737392,2.181281265251591,0.11254920478856545,2.9000198553619883,0.04511988678337991,1.4079484837738274,0.42147771126319994,0.7204143399840423,3.6313956782716064,0.15736501828264468,-0.5734685524457849,0.6159338023184466,0.3962411080640426,2.833273749636753,-0.15494240114925803,2.2108845460354707,0.7852200991809196,0.1694698619709766,3.0296063670090994,-0.12064448106049872,0,0,1,1,1,0,1,1,0,0,0,1,1,0,1,True,False,False,False,False,False,False,False
148,51.89552295426899,22.383026007101492,3.367330386641161,12.550809083303044,Korean,-0.4967304772912818,1.0018723871063895,0.13278559977575766,3.422215291550879,-0.2248709426465097,0.051149186337923855,1.7643389416268946,0.13775898925581403,4.470982439924762,0.28062117126436104,-0.2695166723837547,0.2871461604157407,0.5529928809049894,4.886426184516854,0.04535880309012552,0.7900731003039931,0.6454677246098961,0.2614369042123727,1.52594215088297,0.2178964401991225,0,1,0,0,0,1,0,1,1,0,0,0,1,0,1,False,False,False,False,False,True,False,False
149,34.747002428414696,13.291907420805138,4.515115360100426,25.909393076368897,Japanese,0.5050219167601375,1.381886120144518,0.2312052954808865,2.2313563969606194,0.33570804630152123,-0.9359748608698836,0.5660004351205845,0.2704764657032804,1.5498981194181998,-0.8290555710733497,-0.597631562437837,1.3984649891742613,0.26967383288987873,3.517478551703923,-0.2551465566886183,0.2733232397276583,0.736908805444634,0.3224541212896775,2.165633207723707,0.3232885853700062,0,0,1,1,1,0,1,0,1,0,1,0,1,1,1,False,False,False,False,True,False,False,False
150,18.443217858280303,29.89113137917623,3.952279686447233,30.183302451516212,Chinese,0.9387831252206129,0.3888175448270502,0.19572928729217465,1.9586293868986164,-0.34591904064537454,-1.839109307605646,1.1594606707263975,0.17804420298500875,2.199153135915125,-0.5213573789571566,-0.5827692827438048,1.277368759213835,0.21648720460878762,3.552562650924011,0.008900138172506417,1.7829825806617998,1.9320318581190936,0.11596167921548987,3.085203795006316,-0.2259599890361953,0,1,0,1,1,1,0,1,1,0,1,0,1,0,1,True,False,False,False,False,False,False,False
151,4.858155412802745,27.779879051570344,4.730597258412534,29.68921693985123,Japanese,-0.6750202746791516,0.3529996274387091,0.061296056501293175,3.270879124230976,-0.21347773768019287,0.06377872848143744,1.0734582097716674,0.404598186448487,2.627226900139163,-0.16031862352461176,0.4006991485909714,0.47919615156108997,0.20141309242376634,3.608660689125355,0.549962707323224,-1.7363728834320789,0.9239961502990711,0.4737280499801466,2.635936257977267,0.21624769877161704,0,1,0,0,0,1,0,1,1,1,1,0,1,0,1,False,False,False,False,True,False,False,False
152,8.310961623983193,2.914682609792385,3.127538011224354,15.356072082118782,Japanese,-0.5308582401032517,1.8951952317465541,0.27682021149047564,2.4995345028613896,0.26435356262276394,-0.71396809744709,2.6024394859869053,0.5824156476569308,2.5449703060096134,0.44447973218253134,-1.7461947600573173,1.150258822808237,0.3409788323690093,3.1169322964001966,0.41300440829196533,0.249696042965892,1.1695307197733131,0.1382999143148414,3.461583113512069,-0.07717688469106249,1,0,0,1,0,1,0,1,0,1,1,0,1,0,1,False,False,False,False,True,False,False,False
153,96.46225819339395,32.639721809149336,3.860119429226041,12.942543723164292,Chinese,-0.8698619435111538,0.48305150601943675,0.19273108290892682,4.561159981680605,-0.16988172447024047,-0.5618846631272185,3.4004910476492842,0.11545510690843243,2.6929831870250722,0.040602167444402,-0.46016671555068467,1.031150414453555,0.3253673762424902,3.372615200931103,-0.41177208310359487,-1.5185835628849838,1.4843730118552825,0.223939073220422,4.212132903639585,-0.006570086671222404,1,0,0,1,1,0,0,1,1,1,1,0,1,0,1,True,False,False,False,False,False,False,False
154,68.85057592199705,27.971536165930246,4.8522232744390275,18.5593808269146,Japanese,-1.1552642248167024,0.8221366701093736,0.32310775933566044,4.096790907116941,-0.2795161004146918,-1.1324688506015603,1.7147457492358131,0.41618994322601655,3.968803745905885,-0.24893808166641476,-0.2831142577090535,0.6976075808330312,0.23398611920620319,2.3726065797676585,-0.380523560263704,-0.22766405638163031,1.6053497017742508,0.18064881121910728,3.4846616687279197,0.16196939037933458,0,1,1,0,0,0,1,1,0,0,1,0,0,1,1,False,False,False,False,True,False,False,False
155,44.0279320775556,81.92827337531708,4.989784102275934,23.78408185553282,Korean,0.7966718469286511,0.8313620550748054,0.464090499239145,1.4340568861955092,0.818173958307461,0.2742910030053811,2.004579750694838,0.15542552002534377,2.059776688347563,-0.1422053342535401,1.4982193916977975,0.6308797716309955,0.4664033281004704,3.690352294850469,-0.19719785639670107,0.19344391910443803,1.1156593778432928,0.2374507873064471,3.2784672835458193,-0.007367459707688914,0,0,0,1,1,0,0,1,1,1,0,1,1,1,1,False,False,False,False,False,True,False,False
156,79.34672642988924,52.60277251946759,4.815836775778551,18.75929299624559,French,0.5100280218356302,0.5865092454212607,0.353528392895334,3.4638702540154154,-0.297197750515285,0.7359121107527969,1.2532524927932824,0.10478418259064377,2.313290405078124,0.027627969986444175,1.9383464517955469,0.6638074574434403,0.11983704833289953,3.101602682310341,0.22227929373476182,0.9205969354981995,1.2565586087012257,0.5519057063607202,2.1840455516499353,-0.01609082548466735,0,0,0,1,1,0,0,0,1,0,1,0,1,0,0,False,False,True,False,False,False,False,False
157,35.38315444808306,32.52045129714073,4.688549860938888,27.636897284019604,Korean,0.33871393648813586,1.1363015816184745,0.4126667775682813,3.44674580909649,-0.09962597587380996,0.43431874910066387,1.2267772322754495,0.34792227620849275,2.9556461693832623,0.13855811383281869,0.8949087235069622,2.129732978163647,0.2879798028998148,3.0244691162352666,-0.38117116108448434,1.0348866997007404,0.749289537151939,0.12374223228428527,3.322358323244325,-0.1077041148182848,0,0,1,0,0,0,1,1,0,0,1,0,1,1,1,False,False,False,False,False,True,False,False
158,88.3073417419719,11.195506607614536,3.414052915132037,25.19595368298386,Lebanese,-1.1721200345360938,0.4319552354536428,0.11663551781532709,3.489150191167798,-0.39668932951553626,-1.1200411045540386,0.63565124641159,0.3914940549773416,2.540575219126235,-0.10488111480371688,-1.8128710433704807,1.319160921954651,0.3662373252067922,3.8397079524488604,-0.11775876358793454,1.6711373614178973,1.0938243094734064,0.47342703204743763,2.246436440104503,0.39953092690765707,0,1,0,1,1,1,0,1,1,0,1,0,1,1,1,False,False,False,False,False,False,True,False
159,38.28125066769796,4.075976690697014,4.352179858826518,21.613317488791555,Japanese,-1.04596765473378,0.49305439689831204,0.5069908761879074,2.8940300358744353,0.05127166638703243,0.8890946101264364,1.4784725498629783,0.30553768199126957,2.3968842167824387,-0.11094331166651508,-0.45345679083014595,0.7280521333555767,0.04147460514388997,2.1999540451067534,0.14408802835192835,-0.2528443150116459,4.464726571132922,0.2545051365457053,5.0,-0.6679434377957916,0,0,1,1,1,0,0,1,1,1,1,0,1,1,1,False,False,False,False,True,False,False,False
160,63.417515667210786,94.21806142185457,4.516851262215261,15.46372539823831,Japanese,-0.06766856427610772,1.748520626481254,0.6059947214079205,1.7519366062115285,0.31745687700437203,0.31450694533177936,0.3125478583153111,0.3146419464394098,1.934298409092084,-0.5016633597067301,0.9712903400835945,2.621579138441617,0.48759651816816557,4.120873637189854,0.34310601637009364,-1.1157995748070855,0.5239094061572916,0.16138181027119938,2.3326454428878614,0.25810246949267956,0,0,1,1,1,1,1,0,1,1,0,1,1,1,1,False,False,False,False,True,False,False,False
161,56.89004460403313,36.32256979625619,4.209530318578758,18.077196651420124,French,-0.41320975335666554,0.6206209032482967,0.24706653017568184,3.003730189234839,0.7857996448195116,-2.4880044640486387,1.770757669311921,0.08627783975329956,2.9646910022788764,-0.033217801589495013,0.045882889710437344,1.7899307251655245,0.28325823858540367,2.929796589805779,0.1238887129462179,-0.2770130745583829,0.7540195259491435,0.240824868367643,2.49584358461157,0.08298106042996714,0,0,1,0,1,0,1,1,1,0,0,0,1,0,1,False,False,True,False,False,False,False,False
162,31.29035795328472,70.30759037343901,4.565772273332264,28.299094606517414,Chinese,0.12008279961121575,1.5675684429823817,0.17233733219200775,2.4893528744376963,0.4000691419308581,0.5959086104984074,1.116904463504275,0.1635900747302897,3.710737428907215,0.5026600834258245,0.14884550254808743,1.287722183617133,0.2560568129427092,2.836161444760691,-0.11305067151226242,-1.1904896863308285,0.6095914625022891,0.3797203390726685,2.621180920575869,0.1897049149647204,1,1,0,1,1,0,0,0,1,0,0,0,1,1,1,True,False,False,False,False,False,False,False
163,14.751577732278342,72.110292546289,3.6506783410232617,17.619068095712674,Chinese,-0.6989716862752283,1.494330532840353,0.30391849320048553,4.340922641979384,0.18024750377651136,-2.035862036290208,1.0285527873244293,0.3816569530872468,2.395777880655577,-0.3057808679467972,-0.857997522159263,2.0136968914581157,0.19202395973568828,2.586899476283771,-0.24653991172450584,0.5708992026293629,0.3803936916063769,0.18231584176017776,4.053894085152551,-0.647381840714522,0,0,0,0,0,0,1,0,0,1,0,0,1,0,0,True,False,False,False,False,False,False,False
164,16.29521986614073,27.93623682287333,4.635055337657588,18.4168726797989,Ethiopian,0.6540248821005669,2.4931714970742163,0.1923208952998395,3.381714399861156,0.009796815608341594,-1.138281652714749,2.0826206764365476,0.09958169676625898,2.7136103405868623,0.09907397414798257,2.549351622640252,0.76062629416394,0.5377494014108685,3.0148579237982736,0.48120488080319074,1.1117677480075208,1.0223708575252364,0.1655994731538025,3.131409075179282,-0.2838576620195201,0,0,0,0,1,0,1,0,0,0,1,0,1,0,1,False,True,False,False,False,False,False,False
165,97.21791107298495,33.116428038931765,3.7915575368820362,14.017321364413645,Mexican,1.7994800741424855,1.3180938613253113,0.6095373978445054,3.9291272822085808,0.3671272212439339,1.057642286396626,0.3378347309679575,0.2588799674219015,2.2657454498873135,-0.44472718535677086,-1.2817949505487134,1.147470165438686,0.39346448991869704,3.0222891956166875,0.11623213640682795,1.7066127674812583,0.30493184741631074,0.1757265993351823,2.239108653505048,-0.22535406051273632,0,0,0,0,1,0,0,1,1,1,0,0,1,0,1,False,False,False,False,False,False,False,True
166,96.1134691429405,89.92025876091144,3.328271598399472,25.378765872634045,Japanese,1.5466060951133112,0.33437084612355694,0.30481879959300967,2.0763882324974365,-0.001927095541036233,0.6527685403374538,0.5803120225789616,0.34752452804255285,2.0775534905538566,0.33476703212051934,0.9461105141689184,1.0806641853993577,0.19675830005160871,3.0315183577335683,0.1560902528252839,-1.2610995442639386,0.41217006433781916,0.3752431087786527,3.644798907586309,0.019278396530739768,1,1,1,1,1,1,0,1,1,0,1,0,1,1,1,False,False,False,False,True,False,False,False
167,18.88996122393528,3.515798430195982,2.8162341466781604,19.54049795523151,Chinese,1.6098739849421548,0.6792914786484585,0.439416432922689,2.9142185629784483,0.20463218287506185,-0.6444668514591557,1.4445126030625988,0.1330456802608649,2.5690021773621683,0.10548659251341683,-1.5520947138046526,1.3940853631776304,0.17079954501276218,3.6988690108580156,-0.10667645980435388,-0.08531917996508152,1.7098256276866726,0.5332907262679681,2.0179413232048167,-0.2823360540438008,0,0,0,1,1,0,0,0,0,0,0,0,1,1,1,True,False,False,False,False,False,False,False
168,37.40601357959991,69.27054608338648,4.8859159469966125,20.835600394395264,French,0.07101978026951258,0.7832608658570568,0.06332835443403438,2.7269214556335473,-0.3993406167757045,-0.8834620909605276,0.8421993161600065,0.07060712934027424,3.5308749089994604,-0.13323290080051933,0.8345921954771527,1.0839262096325617,0.4078409783793219,3.5235439241175492,-0.17151592987264028,0.2637476269855555,1.7155982194055512,0.5507159835416537,2.679150890286001,0.18668417950580787,0,1,0,0,1,0,0,0,0,0,1,0,1,1,1,False,False,True,False,False,False,False,False
169,95.04921797941407,35.785189098409134,3.0425968551565865,11.350101873726828,French,0.9215752313894309,2.093677082102492,0.6453149790317239,2.194889687326093,0.1918845977846876,0.34569237324022195,1.4685219650616332,0.14005803669609773,2.3277199065960583,0.6258204701402016,-0.014894522741302159,0.27455685792368334,0.25527656584153513,4.076659635073166,0.058832065625408866,0.6275042536122926,0.7521655263919668,0.35344605319635136,2.824840477093968,0.14690122351894647,0,0,0,0,0,0,1,0,1,1,1,0,1,0,1,False,False,True,False,False,False,False,False
170,36.86221125910433,13.86590964098453,3.178215383286638,17.32930301460542,Lebanese,-0.3768298425513719,1.2325197259111353,0.3344721007885059,2.5295060645793463,-0.3825136370273898,-1.7968274599384613,0.8894990169923658,0.04934809318688539,2.0405695611454164,-0.2918598452253974,-0.8808662848599945,0.9099794016577132,0.4207965165083872,3.22643409313983,-0.18661437101114844,-1.0642212388741528,0.7292388649331334,0.28930834536434497,2.219063374914105,0.2765742679864316,0,0,0,0,1,0,1,1,1,0,0,0,1,1,1,False,False,False,False,False,False,True,False
171,75.65125667358609,46.83225609944397,2.7430968632677843,13.800410706250483,Lebanese,0.9199825431401579,0.7475274311430482,0.009172851657173083,1.6547519852029577,-0.07958060840547876,0.4107096191303123,0.5089331701016898,0.6564138226725377,4.2288694993293845,-0.36885880827551476,-0.6843718863528445,0.5222178812802875,0.3044171795027798,3.5198063865514655,0.01802519500898307,-2.654275856396132,2.0278879004159642,0.07244156977373407,2.744102446099184,-0.5316401939129649,0,0,1,1,1,0,1,1,0,0,1,0,1,0,1,False,False,False,False,False,False,True,False
172,48.157619767661444,18.785447189699788,5.0,20.808212182354954,Lebanese,-0.37842255427614147,1.3001290748386556,0.8337674912882074,2.978333924988836,-0.5164450542562409,-0.29182344884665956,1.3296030083692234,0.15879954286606354,2.6331698213817445,-0.044654304799094206,-0.08496554408045064,0.8914986311247557,0.09229340123538948,2.476564989929303,-0.49930546067011794,-0.863733679420151,1.9877978904038407,0.16081133868616326,1.9556891173660496,-0.0803657186582407,0,0,1,0,1,0,0,1,1,0,0,0,1,0,1,False,False,False,False,False,False,True,False
173,5.442216796667343,68.65324672428711,5.0,28.32418111195908,Chinese,-0.4889754351752957,0.807929025038735,0.06111056828986097,2.1527844188019865,-0.3536684723740154,0.7341476486109582,1.1552052573615852,0.17215328646996195,3.1181048345924576,0.14397105514123815,-0.04282768562971388,0.5451309830815599,0.5365186532795917,4.3854188844768,-0.23803157827794438,-0.530718767877953,0.5646285119785597,0.3395055798039554,3.4598461534001315,0.024174961648038146,0,0,0,0,1,1,1,0,1,0,0,0,1,0,1,True,False,False,False,False,False,False,False
174,48.30225903893815,82.73510551834774,3.361070713926509,13.966514862998654,Korean,-0.6443938169659629,1.390635743442128,0.14185483692930353,2.9718887501917943,0.472916264933088,-0.12549566509367044,1.4163246388726178,0.14228680157380372,1.7243611386281157,0.46692439901053195,0.193665951634126,0.9029372565209879,0.06137571549098711,3.3601721511194573,-0.0801878293487438,0.9167197002554934,1.1117275267133098,0.38068837780393283,1.405565971420117,0.5651901450616362,0,1,0,1,0,0,1,1,1,0,1,0,1,1,1,False,False,False,False,False,True,False,False
175,2.77760664860468,83.26274534651368,2.5401703938381046,11.469389840590964,Indian,0.6991408368712346,1.0966093889329405,0.2402110064147566,3.170325647437449,0.10783412239857165,-1.088517414954358,1.3992217855417028,0.32141394330249573,2.668766612749643,0.0773841602723134,-0.229250244490891,0.8761270544463372,0.18339490572242484,3.2100589646332676,0.43310773104925043,-0.7154120350238946,1.8380663912341155,0.27119165039266896,2.900060202172216,-0.20586555955328809,0,0,0,0,1,1,1,1,0,1,0,0,0,0,1,False,False,False,True,False,False,False,False
176,83.9418828243849,27.731095535158822,3.379157313971537,20.432293462169444,Lebanese,0.27540665751010024,1.9452259866014783,0.5509977794292545,2.6512238707022817,-0.27444732132642097,0.20223092464810755,3.461389314109665,0.31455007280703484,4.064085343419252,-0.11307632708857882,-0.2975289604450984,0.18797426244677992,0.4066628349473953,3.3787745974019274,-0.21467618714957373,0.3231614451406345,4.236300004697694,0.16985004882674387,2.8872190814152376,0.041948995590319164,1,0,0,0,1,1,0,1,1,1,0,0,1,0,0,False,False,False,False,False,False,True,False
177,33.042215618526974,72.58990621128649,3.481923149338139,23.569298876398733,Ethiopian,0.1863253406805226,1.2229419995776558,0.22017189770539636,2.281104487102925,0.3845610857947474,-0.34983440088395196,0.5722134798063715,0.11419727775706877,3.120490336307134,-0.1367367844068964,-0.644891360604661,0.4555624772843571,0.3877622438748445,1.9014029574657354,0.011618216719985695,1.0987468401611695,1.987935151279127,0.14431243278069011,3.071576808804117,0.2071289425407438,1,0,0,1,1,0,0,0,1,1,1,0,1,0,0,False,True,False,False,False,False,False,False
178,73.81177729496244,79.46592336980245,3.610132313616188,17.206347936806186,Indian,-1.1398056522390698,1.8174406655195037,0.3771305566405141,3.5039908143451868,-0.5975769658413804,-1.4212768985040238,0.713164758891943,0.15444677136851456,1.6696881103827514,0.4631641909589961,-0.5982399495162466,1.2271338978587993,0.22006310760491563,2.067405362724436,-0.0779453676541507,0.5936413169006055,0.8857319935201353,0.1889510623047043,3.5368058506069424,-0.13039635026054683,0,0,0,0,1,0,0,0,0,0,0,0,1,0,1,False,False,False,True,False,False,False,False
179,8.398236965997373,45.621729889829076,4.300211107249127,17.85662969539747,Indian,0.14180489053192544,0.9935837800558702,0.2752711159644746,3.484517689909651,-0.009152099111772834,-1.1635883360212125,2.435240870084225,0.5154128730719133,1.8165013583616771,-0.19778707274274474,-0.5702894034297173,1.653070764706044,0.2404074172911354,4.523020425269483,-0.6364466602978306,0.3926334399200276,1.2018316868849153,0.5724506254733169,2.7233407018325355,0.2910117672856621,0,1,0,1,1,0,1,1,0,0,1,0,1,1,1,False,False,False,True,False,False,False,False
180,85.07787896164794,98.92020956668419,3.17119489989277,21.13536474522283,Korean,-1.4407193535671599,1.5330799271697966,0.24561592879833738,2.455153115860894,-0.36509612183986706,-1.00667628748747,0.6112331263964851,0.054322327884859224,3.1516664927298415,0.20952778992712023,-1.5844879918850714,0.9169554595703812,0.3543223651515137,2.829690367378618,-0.10557704511758442,1.2921473695136256,0.7483846102322965,0.3583999292609071,2.583627897653469,0.38780304775482227,1,1,1,1,0,0,0,1,1,0,0,0,1,0,1,False,False,False,False,False,True,False,False
181,72.36339098384946,80.81912920617539,3.892860817742777,19.314840734479855,Lebanese,1.4765128242106418,0.9130529679167648,0.2683925006810593,3.6788556203759355,0.19145568919996336,0.05002175982462668,1.0891074269665322,0.304445318848783,1.3063849344129794,-0.21655044362484901,-0.22244157850058047,0.6432744283947051,0.22267947533273805,3.0169542764875814,-0.19908347916241173,1.1731005846881353,0.5625078609882256,0.24544116374619163,2.9143242632252155,-0.26462875318045403,0,0,1,1,1,0,0,1,1,1,0,0,1,1,1,False,False,False,False,False,False,True,False
182,11.233523940260593,97.98938563528937,4.307903122919805,21.644148090516275,Lebanese,-0.13155348330730365,1.4714226300639999,0.23006430836545239,1.0,0.27248730866947807,0.7654301352672933,1.9977904284467556,0.09475976225543334,2.3819391952126727,0.23484040585353527,-1.2992725128499483,0.8908795811649829,0.5899711448577073,1.8581425862712966,0.09258305191172155,-0.9660321049447467,0.6490873040601787,0.18908801223290836,3.0805763629065512,0.12371012561808195,0,1,1,0,1,0,0,0,1,0,0,0,1,1,1,False,False,False,False,False,False,True,False
183,32.542280016469725,17.811482247703626,4.283517531817392,14.760964397951854,Mexican,0.19442920172406122,1.1438912792213483,0.11135518021330278,2.9727190504577936,-0.07982014064858035,-0.02851487754133868,1.2956897671219658,0.2278962938882117,2.9447017708107275,0.07630277108956264,-0.46794293807496623,1.0063933386774004,0.5962058781783435,2.5486482314419288,-0.004112835330870017,-0.6733938666266358,1.6695896323566524,0.17470942817154558,2.6526698593070495,0.13060612004152333,0,0,1,1,0,0,1,1,0,0,1,0,1,0,0,False,False,False,False,False,False,False,True
184,67.02153883440083,0.6595243213824764,4.2741100995147585,15.077610713245889,Korean,-0.10514925319146645,0.9283338250631619,0.13463443706082615,3.2311528199307524,-0.10420975393202205,-1.2056456000879037,1.3687662100124929,0.1063407492529544,2.8610884861807153,-0.4245524596529606,1.0010578717384417,3.8197314548144243,0.2507884225424157,2.772824703943432,-0.07606773662630391,-0.6597137873922329,1.47456720274897,0.37469859181628506,2.051044489068953,-0.2448990639221277,1,1,0,1,1,1,0,1,1,0,0,0,1,0,1,False,False,False,False,False,True,False,False
185,42.17771952246644,69.6426252955148,3.5221593326909764,19.823600171878855,Indian,-1.58396257911528,0.7774878995600911,0.19322585178888443,2.8306242538979753,-0.19017555273640685,-0.38154484214465784,0.9833504931956281,0.10570509889774589,3.5603933859774273,-0.14028329212506369,-0.454095986267514,0.7094330952695151,0.584864491098805,2.66403456978515,-0.5678722342779797,-0.038577207470909224,0.5443837614498305,0.6309661863624713,2.556892108744938,0.30036526969394667,0,1,0,1,1,0,0,1,0,0,0,0,1,1,1,False,False,False,True,False,False,False,False
186,0.4549084393891123,32.41001819168997,3.8491614171273376,24.3825032149846,Chinese,-1.3717736855742322,0.8485447388962695,0.2602732870502098,1.5282406367011077,0.31549621556124435,0.566843638061862,0.34276445268345984,0.10684791014754505,5.0,-0.20514703684955254,1.5707463816844311,3.0666723935675897,0.41837372601536343,3.822242259020457,-0.17835956170412695,1.1430235773867947,2.1461387387257163,0.11365160100760058,2.939562943335661,0.07337115386829282,0,1,0,1,1,1,0,0,0,0,0,0,1,0,0,True,False,False,False,False,False,False,False
187,14.264494912025217,11.95636875601782,4.560259977700204,22.6794520806423,Mexican,-0.02831833824484874,1.3286230741747718,0.3910163759994727,2.8543515686314427,0.08492083218992316,1.0773367455423322,1.580073924170901,0.43392254042338907,2.8166569974324007,-0.03493733129989435,0.7812692787685054,0.5953967775125827,0.493858448326058,1.9019847176998457,-0.606411234539581,1.4780323884093554,0.87665587148092,0.2775839069085817,3.367844109733594,0.013616069563427029,0,1,0,1,1,0,1,1,1,1,1,1,1,1,0,False,False,False,False,False,False,False,True
188,93.93056844731842,7.44766013297431,2.9395012551979613,18.744989992312068,Mexican,1.4924714994414552,0.2528216781096812,0.19354348485647396,3.620412573033005,0.6034442033305709,-0.9403587234692675,1.7103131055037581,0.2250242567977646,2.8106780609926285,0.2862500073493234,1.4911418486145809,1.211804244963586,0.274432780322376,3.930925888752768,-0.063953964291305,0.6517021606552764,1.9191385331377662,0.46280509431079114,2.0929688009756315,-0.43789054558403073,1,0,1,0,1,0,0,0,1,1,0,0,1,0,1,False,False,False,False,False,False,False,True
189,47.462436564196786,33.654933934276535,4.749622758119852,21.80277207303524,Mexican,-1.115237216093847,2.105242375407262,0.03292122557628393,3.1041355144674414,0.11306764065708458,0.2836071218136608,1.323413351959859,0.3450638897096873,2.238162698111838,-0.2366584612571903,-1.695583426987966,0.43226507797245245,0.2782380851310984,2.256416888072888,-0.32796100016393465,0.34582016262648446,1.6940325147837196,0.20774300121989733,1.7323517596908686,0.03501632218097862,0,0,0,1,1,0,1,0,0,0,1,1,1,0,1,False,False,False,False,False,False,False,True
190,93.28501164099995,58.26377224047449,3.639448246005692,16.134920019785486,Indian,-0.7054140258656812,0.24160485844533122,0.387615552034787,1.8226857613677847,0.06764132705128337,-0.3903204805851666,0.7900804796719,0.20865639744652248,3.272037159108391,0.14692226194180966,-1.1392370000237269,0.513426199728231,0.36183231392395954,2.8000863442498334,-0.00947426701760368,-0.2869586488951247,0.38252984553765323,0.12715273026826984,3.3418462043578527,-0.8380001643000021,0,0,0,1,1,0,1,0,0,1,1,0,1,1,1,False,False,False,True,False,False,False,False
191,67.97129058624101,46.23293013922524,4.744903305257485,19.00360699321374,Japanese,-0.04723257451028199,0.8924381618153567,0.09554192465212401,2.929233372166848,-0.2876594355702338,-2.154124440693511,1.1628214990161243,0.04979539578284085,4.467267942694438,-0.39886544764782056,0.7878506056241313,0.8666284001692175,0.47474290107100975,3.46252329587968,-0.40910643515028056,-1.7437592773951334,0.842590750079572,0.10762311924156578,3.42804472095012,-0.5540889477646147,1,0,0,0,0,1,0,1,0,0,1,0,1,1,1,False,False,False,False,True,False,False,False
192,66.58395748502679,6.4271655233613885,2.55565497558651,12.087678434424465,Indian,-1.68728060745894,0.8206060732971023,0.380438626278439,4.277130013269326,-0.2986630766123091,-1.2946837485149356,1.5770840194938263,0.13685294206329887,3.304297094344265,0.3445216196150454,0.3860119758323458,0.6950735929544889,0.0863807996682224,2.6682497923599953,-0.17480175739674575,0.5299943858893715,0.9577008591846738,0.40269514335602724,3.027390544235288,-0.13372049578436984,0,0,1,1,0,0,0,0,0,0,0,1,0,1,0,False,False,False,True,False,False,False,False
193,52.49385387840816,86.89006371460263,4.344319019717342,12.815889792223816,Lebanese,-1.6973421151572234,1.5583824159296833,0.15170648463423883,3.9069927539280243,0.22289110527165615,-0.566220694594234,0.8162258117432348,0.11269615736957744,3.2284943337886514,-0.2377011521141046,-0.5973611758962171,1.496960954598909,0.08490694226627837,2.0202178933215547,0.048347926860652445,-1.2220618643413828,0.6919236125939737,0.5161868222081168,2.342900570712169,0.6538973575686662,0,0,0,0,1,0,1,0,1,0,0,0,1,0,1,False,False,False,False,False,False,True,False
194,52.890382636706214,40.14561997183049,3.546164869752135,10.0,Mexican,-0.4114539422574148,1.151958268423688,0.2443878047997337,4.097609488285814,-0.07167043810895761,-0.5177092098611301,0.7531520023171964,0.08538876668651288,2.9450123486338557,0.07365612755739881,0.7553187011775878,3.0430481092740216,0.5791437634702938,4.577439101582511,0.18756112948303605,-0.10512866426582339,0.8124701502261947,0.25070677823079324,3.979972304748831,0.207022183303866,1,0,0,1,1,0,0,1,1,0,0,0,1,0,0,False,False,False,False,False,False,False,True
195,8.996603923732083,65.27764971838334,4.855964584001531,27.37865246990878,Indian,-0.04527514308732325,0.9744203778885948,0.3835838707112217,2.8635006092609414,0.3295085170000627,-0.39587830763327897,0.5298023000549801,0.16060800063629474,3.149556206763887,-0.04832233321365169,-1.4894069363711253,0.7774282005240116,0.11018017573870897,2.5122695007962443,0.051247828105733716,-1.4577721432862463,3.532603590569947,0.18319280900263346,3.5245498818339067,-0.3111566924443382,0,0,0,0,1,0,0,0,1,0,1,1,1,0,0,False,False,False,True,False,False,False,False
196,68.42239682340508,69.83891972397804,3.903192334677138,22.974846630029425,Mexican,-0.39117313266670284,1.051630966018111,0.4717016194009571,3.5251266007054993,0.20253801942821725,-0.603695245023457,1.3389189560234183,0.32328394176621084,3.5346337427296812,-0.1676113782076739,0.9216776508236588,1.9893715360810138,0.2886741177663987,2.220055305816211,0.07006185557607611,0.4770827968948762,0.5954292447105267,0.2164036656141043,2.734638440027398,0.07588673728726686,0,0,0,1,0,0,0,0,0,0,0,0,1,0,1,False,False,False,False,False,False,False,True
197,24.653833096694676,40.777410384637655,3.173756229773555,23.48407089387632,Japanese,1.5342223499177943,1.7642901714477202,0.5399740776217439,2.908109845491585,-0.15753613090301408,0.3673928911221677,0.48281790055524154,0.28981809173882495,3.167678492810343,-0.5746370171999144,-1.0712833245074407,1.1779575619701768,0.35683700565743004,1.2927203219012866,0.054395085679022306,-0.46944641545448523,1.5772249187630358,0.269468417017611,2.4089642675198606,-0.43406752808024723,0,0,1,0,1,0,0,1,1,0,0,0,1,0,1,False,False,False,False,True,False,False,False
198,47.71799551818423,28.241679704311228,4.668224688890823,23.015993798531348,Ethiopian,-0.16419294732345824,4.0740331808794945,0.4781376594753338,2.863260589428217,-0.10514333034424002,-0.9590118144306119,0.759284624755198,0.32766177757446163,3.2515886197732784,-0.09969816319405418,0.9789222280083225,0.8950557204784905,0.0833582311377398,2.3364256596956454,-0.08126068445968623,-0.15733474749681162,1.2329320074440488,0.2955013587465869,1.5280535122962124,0.5425662613069339,0,1,1,0,1,0,0,0,1,0,0,1,1,0,1,False,True,False,False,False,False,False,False
199,39.18027578480794,5.741564825237077,3.318463769676438,21.424548377207497,Indian,0.3603666531546502,1.2538761467294781,0.4744317023742237,2.081257291016332,0.3424578947974573,-1.5952967224865335,2.286115349394817,0.2263246869944134,3.763902288213592,0.07630949866286273,-0.27923469857641264,0.721926855522875,0.20011423504920137,2.4728396581329077,-0.29582911812376494,0.03675955858887137,1.2619809718231008,0.10928393283715053,2.6217414754962185,-0.21827099828176716,0,1,0,1,1,0,0,1,1,0,1,0,1,0,1,False,False,False,True,False,False,False,False
200,49.9379663975818,41.767572052538945,3.052046811078188,20.461179004170724,Chinese,1.598049900832006,0.29065978305426543,0.13390456438298337,2.957995857660468,0.2937668203908506,0.5075226803712083,0.2962913125210633,0.5136875914868353,3.361920725906847,0.3626741411350815,-0.3380278335483789,1.0252437755659283,0.23753567118310315,3.0513266982267098,0.053326696757825136,-1.9268996082864676,0.8812822214217545,0.48932678788613476,2.6371826920943406,-0.1445732369197625,0,0,1,1,1,0,0,1,1,0,1,0,0,0,1,True,False,False,False,False,False,False,False
201,40.24545581358052,19.309891252835865,3.1753984681040763,17.442353653593262,Chinese,1.7037218231371491,0.777614149776605,0.30243592141657233,3.765132324308664,0.2876510438611757,-0.6183705201188091,0.6301788760751968,0.3581930114183545,2.2203388277438987,0.1780520341154162,0.9978915397306398,0.9037042243299968,0.5173371465970518,3.9263572396783553,-0.10649033974329657,1.646262487883653,1.733928674304922,0.4082139437448877,2.8432684093991627,0.12306387433663928,0,1,1,1,1,0,1,0,1,0,1,0,1,0,0,True,False,False,False,False,False,False,False
202,49.78066040571112,64.80150269918295,3.2680918050366987,22.502112327379557,Mexican,-1.5895198941245259,1.2863902814192139,0.3113253714632658,3.05254018957075,-0.2368591769428616,0.7907929878330239,1.7583893980550669,0.24770034733747104,2.144640015536209,0.39102369616502447,0.18483910692621858,1.111051679084662,0.4820023191396523,3.4597808285174114,-0.322335484989516,1.414190504487139,1.5780528313886053,0.22614310421101672,2.0027278349391713,-0.15272258802845642,0,1,1,0,1,1,0,1,1,0,1,0,1,1,1,False,False,False,False,False,False,False,True
203,63.31127126692642,85.43702841378634,3.34063380497976,19.72574710347063,Japanese,-0.37724651690531175,7.306829150676895,0.12014229651102622,1.4778148878844515,0.08257291173128786,-0.8344050336687142,0.8592936873886244,0.14599812609972904,3.480153871108328,-0.325301443687865,0.8016215753232216,2.0174028802306947,0.5151114432552066,3.774717540066934,0.3267134805265572,-0.8111907900014591,1.201037905191301,0.023481898345974944,3.9097233069017827,-0.06598566197320595,0,0,1,1,1,0,0,1,1,0,1,0,1,0,1,False,False,False,False,True,False,False,False
204,1.888949283812813,20.115147973894643,3.4101356842154997,18.510725083605838,Chinese,1.1625055095969714,0.6317548408654015,0.11381414002732937,3.4166203031474933,-0.21045017169090555,1.309469955147632,2.0623630719331234,0.3652022621938317,3.231167356372011,-0.18914939197276326,0.2435888959676223,1.0489795022166726,0.26080576908375397,1.274798430682129,-0.11820360547494038,-1.089441705405431,1.3359708415366733,0.22289228346094028,2.5147941807957235,0.10123327414795597,0,0,1,0,1,0,0,0,0,1,1,0,1,0,1,True,False,False,False,False,False,False,False
205,58.537814435545556,92.91271120490336,4.68605122202073,18.008948379176587,Mexican,-1.3788587073372665,0.7999170232280159,0.2299522090807082,2.070454383796353,0.7166472135451001,-1.2387420809048264,0.4945474186095221,0.1008713543377071,2.7304649382280806,-0.39206727898837296,-0.5775988438270666,0.7959384384661365,0.12070454598178033,2.5996927924744715,-0.0017530269211365628,0.19380677929763887,1.3725435879947063,0.5279353669838387,3.390539104063121,0.05560557721252527,1,0,1,1,0,1,0,1,1,0,1,0,1,1,1,False,False,False,False,False,False,False,True
206,86.7074084776686,45.06197322241625,4.757749774326673,15.811141737563572,Indian,-0.9239956798160827,1.398680161185015,0.15159807062401243,3.373289953586355,-0.06612310088269188,-1.2027374884883106,0.5794854055023747,0.47372104434490175,3.961713574592817,0.011605785630925687,-1.618784763610273,2.010820314411353,0.34661220584453023,2.81302921422006,-0.09913901358983183,0.8623051905666904,1.2374720121584013,0.4156761962593859,2.235413341742998,0.008947075967506433,0,0,1,1,1,0,1,1,1,0,0,0,1,0,0,False,False,False,True,False,False,False,False
207,99.01163042332115,14.289131329238035,4.957577518858,19.74515499143194,Indian,-1.2975133898775162,1.2140571946840686,0.7639625996116297,2.315179391068475,0.02830421055438469,0.6961466004512513,2.003752531522453,0.5995594774722449,4.2039659332406485,0.07605851858968425,0.05950992549434766,1.000078975219222,0.13577141367107298,3.954630738330518,-0.19080405992613478,-0.8213003016315591,0.6120802511769793,0.19723159123827116,3.6741214702847578,-0.40465282370218647,0,0,0,1,1,1,0,1,1,0,1,1,1,0,1,False,False,False,True,False,False,False,False
208,31.290546914433605,0.09277946734095321,5.0,13.310193332149323,Korean,-1.3619342279239874,0.4518894429930235,0.30298367713022606,4.205589441989712,-0.05369725991598706,1.778984412172512,0.5513676295792376,0.234322994134788,3.2196329886328323,0.20409722099797753,-1.1549530380463102,0.536718806633638,0.19981444184312552,2.3460236465420508,-0.6453028076477021,0.4639018620037218,0.41439514766473673,0.28056242324728775,1.8127881049738994,-0.5937777799612098,0,1,0,1,1,1,0,0,0,1,1,0,1,1,1,False,False,False,False,False,True,False,False
209,36.93556121777768,23.282723551679872,4.419831710222007,14.903428958075041,Ethiopian,-1.1341853700682918,1.765201862806735,0.5522545774503493,2.7954994454355195,-0.23146046525500324,-0.7963172812427038,1.0316803930312137,0.6035179007420541,4.376434918063918,0.2652488307285511,1.3068772857568842,1.725362407548697,0.32208461313128184,2.3549302198471724,-0.20800180698768736,0.09969178583708858,2.2047850984529744,0.11939893365082753,1.0,0.3135911396776671,0,0,1,1,1,0,1,1,1,0,0,1,1,1,1,False,True,False,False,False,False,False,False
210,25.98206145087132,96.39732585017262,3.8875364134216372,21.127421628741136,Chinese,0.17684275184648757,0.4540074221727753,0.23257412956120957,3.7946409925668636,0.1900806066673963,1.5698392129633065,0.8581581521680572,0.4013262059208946,2.288461789876787,0.18234480326900643,0.03277062899643436,1.607564361100172,0.26737628187906115,5.0,0.43958197137133664,-0.03378327664197095,1.8854422138007771,0.33103941377921814,3.9342901276237554,0.08883098574798035,0,0,0,1,1,0,1,0,1,0,0,0,1,1,0,True,False,False,False,False,False,False,False
211,34.62910345070078,0.4824740631872104,2.966814207374269,27.542509723276204,Mexican,1.2689255154785457,0.8521988997388688,0.1346298836950082,1.8248380046363804,-0.14405502943831658,1.5216635119562592,2.301994482997166,0.2836860697289176,2.096641883892099,-0.4455942551113545,1.2175586806395007,1.9497943735916798,0.14375982700264048,2.2023688361029112,0.03423863369672947,-1.1445583078857018,1.555042286197812,0.4279432470694722,4.264034984836539,0.2513168177320403,0,1,0,1,0,0,1,1,1,0,0,0,1,0,1,False,False,False,False,False,False,False,True
212,64.97752943357763,94.1370260508103,3.620386105435943,20.368946660693553,Chinese,1.528022876960117,2.214123739370617,0.16195808870877298,2.81248410121043,0.0566860241908149,0.789915596204205,0.5173284076649662,0.3526687215065456,2.3732921178131607,0.4208782697746811,0.6182369492838663,1.0585794968070372,0.31566401692157775,2.4665299814315595,0.15949781263043053,1.263583274896282,0.5928782963251792,0.10982996635112521,2.174949663075189,0.4244474118970712,0,0,1,1,0,1,1,1,1,1,0,1,1,1,1,True,False,False,False,False,False,False,False
213,50.60043045748848,67.516355042296,3.9951474057759935,18.908082855547143,French,0.011887983431901571,0.45326316390030175,0.3120780442909144,3.063282885045182,0.1798745307125032,-0.21722089484041654,1.0634784551555434,0.20000469251798766,2.763733064121526,-0.5837719267384053,-0.40260616754769873,0.49278346417346564,0.486477903582427,3.9519076585760353,-0.4755462050091565,-0.8136136854739042,1.7426244847355652,0.32672153958438094,4.073642451838136,-0.27097920041617646,1,1,1,1,1,1,0,1,1,0,0,0,1,0,1,False,False,True,False,False,False,False,False
214,97.88777962169426,42.81272886469836,5.0,22.817503376542547,Ethiopian,-1.9705718866459223,0.8133175606471809,0.23064976742612034,1.8333223960625389,0.03522077695073285,-2.1840598492911956,1.712690644486154,0.07046835893002991,1.6870628623294115,-0.055886987218652664,0.10939720766527186,0.6189221319088875,0.022820000509268364,3.4483031073662245,0.4472873567912767,0.8306553968455158,2.7970735406806937,0.3115884995868509,3.6086796689974716,-0.5490086932617163,0,0,0,0,1,0,0,0,1,0,1,1,1,0,1,False,True,False,False,False,False,False,False
215,76.69540514384632,7.04254746677856,3.478751816155962,24.80213584628286,Mexican,-0.056632585221799356,2.723909913719324,0.1206814931908244,2.498339995629866,-0.0883626223310026,-1.5672684081604071,2.2029211585177655,0.3186346251346932,3.1426091714485653,0.021899685916920934,-1.6192292408389368,0.9572905155166669,0.45760893676921494,3.5491962803400465,0.3343386277033848,0.4167209559277901,0.42601020140859164,0.10597160992443366,2.521680505650048,-0.3004356674201875,0,0,0,0,0,0,1,0,1,0,1,0,1,1,1,False,False,False,False,False,False,False,True
216,61.54055228316493,38.526605878825805,5.0,27.292287826636265,Lebanese,-0.33920241505065524,0.8552560574945021,0.16031522346343027,2.5230408774034165,0.2254350398858173,-0.809670260965294,1.1198179296108166,0.3628096697746116,2.866286235319092,-0.18697391160373478,0.6736121442407546,0.6296396492189973,0.40499226535445637,3.0380882760995713,-0.27147245551842814,0.10384195302516093,1.0491882922597264,0.25142198918234043,3.5667017200303315,0.24728307739143562,0,0,0,1,1,0,0,0,1,1,0,0,1,0,0,False,False,False,False,False,False,True,False
217,89.59828118067932,30.967130440721235,5.0,20.343215948884875,Indian,0.3523211224797323,0.5330190885667259,0.34737932479714745,3.0290006226177644,0.028567125496530156,0.5004951071186744,1.6721401989867437,0.5299332412433516,2.7541166971252387,0.03583970921496745,0.6366216986974189,1.1632426032468615,0.3310958091696404,3.762984173087636,0.06411797362499842,0.7544850971780791,0.41295608323287036,0.20832407429177768,3.0232944530788743,0.36916896581428543,0,0,0,1,1,0,0,1,1,0,1,0,0,0,1,False,False,False,True,False,False,False,False
218,27.082816641749407,36.30421988922707,3.793548830909708,26.256356870839895,Japanese,-0.12841311224164761,0.70518509065084,0.33145300413471324,3.003369167527996,-0.3457453867270241,-0.1935098532595785,0.7009087116841279,0.20104336485078714,3.225983779525032,0.5500898040165187,0.1207793302047996,2.655712763756563,0.6857446514926007,2.7974742239028636,0.04106356620107015,-0.09219370644917675,0.7830688637986057,0.19093369897200624,3.599192638045118,0.24977622925379206,1,1,1,0,1,0,0,1,1,0,0,0,0,0,0,False,False,False,False,True,False,False,False
219,3.1073627393035763,34.78650782668375,3.7126230553767976,17.706661177988497,Japanese,-1.796113095708925,1.6518226211829083,0.5554856124778255,1.6268390737718024,-0.6626449899726252,-0.6642031999932022,3.3423456568137935,0.27324727852092134,2.568429511091107,-0.2413536238739968,-0.4262824325228084,1.5227469297562408,0.30430444585821753,3.0100783966606577,0.12300117381958356,0.6578083316831026,1.7248127517571605,0.23881104986568716,3.555871808098007,-0.050492381990275156,0,0,1,0,1,0,1,0,1,0,1,0,1,0,1,False,False,False,False,True,False,False,False
220,20.046743769950158,81.57811184723947,4.007834429527079,10.968929618562434,Lebanese,0.4132834460077677,0.39005346578705435,0.46812388586585824,3.886965253789808,-0.36514880825315404,0.08352684556749504,1.4042101325203258,0.4754461758288255,3.180295812996001,0.24999566094415238,-0.7528164049888962,0.531144589888349,0.2931688272141618,2.3963376416067432,0.44447650471136213,0.8807569641107579,1.8326897375178708,0.07633028353007755,3.3690654442082044,0.638326948162214,0,0,0,1,1,0,1,1,0,0,1,0,1,0,1,False,False,False,False,False,False,True,False
221,10.111760125553282,3.1495657231605523,3.368055400805255,27.91504876095198,Japanese,-2.067835436740218,0.6838010988393194,0.3134393426750008,3.4526097381684675,0.025670058260786686,-1.6584252838813636,1.7096864399408978,0.10821821588380974,3.5600175311613076,0.3658656955429805,0.9697855269301199,0.8137889116405903,0.5616034607116368,4.0509684116611,0.2418929096545402,-1.3546827477142167,0.7626369076202514,0.1793393392972426,3.072072801427031,0.11561143222796422,1,1,1,1,1,0,0,0,1,1,0,0,1,1,1,False,False,False,False,True,False,False,False
222,50.6263106093107,60.59615489495798,3.116959287344295,23.488439368062625,Mexican,-0.6901112142699997,0.4167094721725076,0.13787649342235417,2.4692136144783374,0.3766390107905136,0.38011358579592175,3.1657327736541574,0.4093451966640427,4.0741645728653175,0.20337399126177447,-0.6637373826302794,1.202699228718465,0.27851823917207047,2.3144934536169592,0.26866015055306647,0.49278279549066606,1.33686705650414,0.2441769032168087,2.8714875089343455,0.19820768322949886,0,0,0,1,1,0,0,1,0,0,0,0,1,0,1,False,False,False,False,False,False,False,True
223,48.15588923298186,14.026807605562963,3.548984494242577,19.05705623376922,Lebanese,0.31175071363604456,0.49903147202554793,0.43681701126941996,3.7261449957099138,-0.20597424379258752,-0.956673031907386,1.2668250578314177,0.4649220237588424,2.0777751836699525,0.23054502978738928,-0.5670191220239799,0.46250571300957505,0.4614130829083322,3.5381749140329646,0.014204442755703008,-0.9010167731757516,1.6056265087363775,0.3180884948315319,3.2363692691263184,-0.01630177748705984,1,0,0,0,1,0,0,1,1,0,1,0,1,1,1,False,False,False,False,False,False,True,False
224,53.32656820965374,80.53193111261531,4.385078752793162,20.41483994108388,Mexican,0.3503665668935228,2.164868670330825,0.2797036656849332,2.7658718278784247,0.025593818681343385,1.2698589903210238,1.0972940796967896,0.18624495597089197,3.469259178995262,0.11234174617524913,-0.4806717167313836,1.149098950347169,0.3661715602707085,3.1107109217305258,0.24582467050462037,1.4607455603235775,1.5448207694424727,0.5862490844076319,2.4486161820768952,-0.6066024838396112,0,0,1,1,1,0,1,1,1,1,0,0,1,0,1,False,False,False,False,False,False,False,True
225,85.1058482329955,89.06171516271783,2.172758540381761,25.644827272592313,Japanese,1.5713480059596798,0.9505893581002322,0.515709482460372,2.4891128508379956,-0.33779750099401956,0.15051937508805313,1.6802667961990045,0.37813852448029955,3.313827667703357,0.17291713447961726,1.2944064233630919,1.2539299457955346,0.09835082062110917,2.514655490002157,0.7908745152378006,1.7711693592757327,4.974263879104806,0.345239162663548,2.954237210512925,-0.1822560759652449,1,0,1,0,1,0,0,1,1,0,0,0,0,1,1,False,False,False,False,True,False,False,False
226,78.76666877281191,94.402187663832,4.554614627399918,21.506643445819734,Japanese,-2.3624135931478936,0.7680455014562348,0.4381334868970112,1.8841086314500863,0.22208788384912123,-0.7651313602564873,2.4322626318134484,0.04166732651822651,2.48429145949418,-0.14917048284130974,-0.02185134278739056,0.8192780025485138,0.2798216422180151,2.5068099680686364,-0.5392360254617639,0.5528224138468543,2.6608421471827564,0.5193746142056622,3.9950523546057526,0.0740045242525519,0,1,0,1,0,0,0,1,1,0,1,0,1,0,1,False,False,False,False,True,False,False,False
227,32.60663715352735,17.552279673474224,5.0,11.371445231224211,French,0.3399842089938954,1.290626086765544,0.3041353970801725,1.0,0.5158412183933146,-0.5370203552524196,0.45888337028015946,0.6864657434241281,2.4816289319400076,-0.262918290082984,-1.2817356683159868,0.4191960208878056,0.12694041609264878,2.216143857940761,0.13235155750927152,0.18889156872518045,0.5021548039069709,0.2872661897638835,2.5802680106580143,0.1729565857115764,0,1,1,1,1,0,1,0,1,0,0,0,1,1,1,False,False,True,False,False,False,False,False
228,72.25857986261094,61.503354178520034,4.984186017845143,24.91861953479113,Ethiopian,0.6893803454831339,0.650856798859297,0.08573540407437445,3.186158791667922,-0.28062282328007365,-1.6112949002263295,0.3824533421276485,0.19636467901772373,3.6038116377357956,0.39159942933510594,-1.6755657548556082,1.9911058391571408,0.17334498512900112,3.2412995534402045,0.308873427029555,0.026088500723268324,1.6186426097357374,0.7070840086213203,2.4727607997321503,0.05958616978883857,0,1,1,1,1,0,0,0,1,1,1,1,1,1,1,False,True,False,False,False,False,False,False
229,1.8326738022273137,88.08277455550741,5.0,27.58532585648673,Lebanese,-0.32721413667960075,0.48503519229930353,0.46010945992737007,3.856851926009303,-0.0035967304110262593,0.1649888471248282,1.5587111725187628,0.03607761223215589,3.6692595997965514,0.07927255463670939,-1.2407824986301217,0.6413676406765867,0.337173634602945,3.4821300507429815,-0.49266962168793993,1.041615485501174,1.9043070468175933,0.460240466220079,3.231615491678356,-0.7117116624776687,0,0,1,1,0,0,1,1,1,0,0,1,1,1,1,False,False,False,False,False,False,True,False
230,72.93673237443448,37.764078278001044,2.8112536679994435,26.918230216514072,French,0.6380315243743446,1.9901329201417235,0.01682425077139789,3.4548064307372046,0.6133436388507315,-1.0107762187650513,0.9453815243349861,0.32356448243652863,3.493724018410072,0.13556520656718657,-1.7238024933492198,2.845303915080164,0.2010708597445399,3.8885628867700963,0.037650019374237495,0.40415798885803395,1.4744148324389064,0.22430686756891272,2.624083865711598,-0.08919040239014013,0,1,1,1,1,0,1,0,1,0,1,0,0,0,0,False,False,True,False,False,False,False,False
231,64.43983443223674,44.66095093503376,3.13848620921633,22.807690814768616,Ethiopian,-1.101998630921613,1.6935641163897346,0.11143553394874661,3.4543671122209263,-0.1477182752964204,-0.11539936938023719,1.0798096440139118,0.372443012560414,3.276483351798386,-0.0034961014487327837,0.05254442459894059,0.5082938239395366,0.13942287641525672,4.229061442692503,0.3636843572345816,-0.7137113058591766,1.0010622590800962,0.49185258256905345,2.7342961567087927,0.05945404729247899,1,1,0,1,1,0,0,1,1,0,0,0,0,1,0,False,True,False,False,False,False,False,False
232,17.45479614182004,43.56439806149493,5.0,23.861662579305786,Indian,0.6570275801381806,0.6010694731004372,0.3947016966140468,4.516363697479944,-0.2620055749191697,1.1400386807849519,3.593410254421013,0.2815309884721214,3.295386279669617,0.018519468467505157,2.585490585518789,1.0481972081825313,0.6533086723056251,3.0097159284169557,-0.35045915772447017,-0.06927908730497169,0.6586886273014303,0.2791305377271668,1.833607031759245,0.061987945252010686,0,1,1,1,0,0,0,0,0,0,0,0,1,0,1,False,False,False,True,False,False,False,False
233,41.255329984209254,1.8196728617452806,4.3104484291073915,17.173755240630303,Ethiopian,0.5382152468459797,1.5259555072350455,0.03817332009603465,1.7833267500766907,-0.0037985401235737398,0.33800244441123695,0.9396771239435519,0.3378182827983894,2.759275106919926,0.11764091548554165,-0.17981258887959573,1.4187216983615598,0.2163702313590027,3.1240953471993667,-0.31906815618007484,1.2075324578375657,2.517678567575277,0.07553975487366388,3.3768920742782016,0.22045749898009032,0,0,1,0,1,0,0,1,0,0,0,0,1,0,0,False,True,False,False,False,False,False,False
234,0.11784646174798352,75.1107338969516,5.0,22.772038342057115,Japanese,-0.9816296537245311,2.4015177190689068,0.7144724794622311,3.5370948309790298,0.0949762214377092,0.47551446181979573,0.9965262283066457,0.5651672285524467,2.388444762743819,-0.17207936838161406,-0.21166616924672715,0.8097908877275299,0.10461248042535828,2.526664824572441,0.06335305119231815,-1.7526609850809154,1.4696933754483112,0.43793160772187734,4.6448530920160005,0.19698511513590408,0,1,0,0,0,0,0,1,1,0,0,0,1,1,0,False,False,False,False,True,False,False,False
235,77.0005502111111,68.98149021728211,4.16877635711913,18.644173587172574,Ethiopian,-0.6666398131837341,1.3425497128577586,0.23246442217753277,4.576114142743387,-0.07409561739113688,2.639046080664255,2.2291220410028165,0.37612456459355986,3.0158471123154027,0.2824535590337492,-1.4430009577692202,0.78211937637605,0.11316755418702919,2.6198257881092855,-0.33236855279121735,0.945099682923337,0.6872254147229896,0.19923008892171548,2.4574585218610228,0.14299836470993238,1,0,1,1,1,0,1,1,1,0,0,0,1,0,0,False,True,False,False,False,False,False,False
236,18.640905859693547,67.91332192952086,4.495868591839082,14.189343663437732,Lebanese,-0.18982393579914447,1.3499892916645824,0.2309006086183118,2.876411511937223,-0.017693932930605557,0.6911075733496952,0.636878776331374,0.17138451503863317,4.609191526911219,-0.09588679525674917,-0.30413775869802395,0.7436968331359564,0.1734824844698129,3.328327461133002,-0.5161943213534135,-0.3093501954185658,0.4657043733331386,0.27471619620700427,3.0935456560322083,0.22814853840291688,0,0,1,0,1,0,0,1,0,0,1,1,1,0,1,False,False,False,False,False,False,True,False
237,3.1832485085573348,88.18738293516721,3.1981632409025034,16.012601590097248,Chinese,-0.6560853533913439,0.4739571467753032,0.3556174209372063,4.536011308875175,0.33207392561665056,1.111235566995069,1.1487615330667857,0.2920699808821927,1.0,0.10615309907757188,-1.0516278151230865,0.6562169848487854,0.09251939802692154,2.824007308300549,0.13652941609628527,-1.1237212275177604,0.7019962842974162,0.31202790947292075,1.5418344574104985,0.29723513749352864,0,0,1,0,1,0,0,0,0,0,1,0,1,1,1,True,False,False,False,False,False,False,False
238,2.6570034654705754,59.207390418144556,3.573911157662956,18.160240823083914,Indian,1.0443970821699915,0.9222525131569578,0.19904175513942737,2.7501725034528226,-0.2776988685402353,-0.25768431783808654,0.9231408621876932,0.34209851145396075,1.4596293554641449,-0.19862059322838832,0.037498791202217274,0.9991356616783882,0.1940860656544245,3.262567691166096,-0.0713578503950621,-1.1300486446793983,0.39365666915759506,0.34131096919592024,4.021307846566654,0.1720550419994472,0,1,1,0,1,0,0,0,1,1,0,0,1,0,0,False,False,False,True,False,False,False,False
239,3.6023202490416906,61.8118515266205,4.748822059053217,21.31358486876089,Japanese,0.17516746592116653,0.3245817391747231,0.4159792735230172,2.547393724386245,0.34431348604526224,-1.195951285522765,1.1526091988274794,0.169239464492887,2.4453350104076965,0.05871216784189518,1.0049995097856488,1.3808494303722059,0.18741446616818971,2.996103844312793,-0.16933855044605373,-0.8484657471143711,0.9287624368875583,0.08182767940163291,4.152851954091569,0.2912578363387355,0,0,0,1,0,0,0,1,1,0,1,0,1,1,1,False,False,False,False,True,False,False,False
240,2.2776536595427888,66.87010516724644,4.143403531257388,20.70703991081623,French,1.3147333312526004,1.9523339391008097,0.2114239594415642,1.4791303868082617,-0.18539528095816557,0.2245470278136828,1.194291621938555,0.15360444918793492,3.6557388533344835,-0.3025834228826939,0.6736138437357952,2.041996495643813,0.18508440815966273,3.8023095633223,-0.09008675416968513,1.1323865176148213,1.064953455926031,0.3775244382456705,2.1416986884302225,-0.1395914108830453,0,0,0,1,1,0,1,0,1,1,1,0,0,0,1,False,False,True,False,False,False,False,False
241,57.783855046193146,47.654064531463334,3.970393523371773,28.075636771578434,French,1.1752495668432572,0.9004648444135351,0.3471347064961284,3.476585402663024,0.2823211664485078,-1.1634669029660376,0.5025352010748131,0.2732820988797788,3.113654754962363,0.10781742569842497,-1.8316920091315112,0.6861402645393534,0.32429808499302665,4.647455221452085,0.38647644102654743,-0.5644687568513893,1.343527649730548,0.1616613565551521,2.482668961462508,-0.047757788881857555,0,0,0,1,0,0,0,1,0,1,0,0,1,0,1,False,False,True,False,False,False,False,False
242,29.609796520415866,45.93348380865644,4.674128021245977,15.489924035220149,French,0.06084701178083914,2.215529314777045,0.08880101432221219,3.68379338109968,0.37635115858561374,-3.0,0.7755883952454136,0.18527959749139866,1.795235363991907,0.28357385113568434,-0.6552512932775264,1.5067679087500647,0.5153654250316385,2.804677450724171,0.30426883073300764,0.2991388294689532,2.080243060719384,0.6572171587513151,4.635086744664778,0.01970922998144866,1,1,1,0,1,0,0,1,1,0,0,0,1,0,1,False,False,True,False,False,False,False,False
243,82.17970470158944,37.17799927684967,3.3493797003625314,29.3210609880832,Lebanese,-0.19310457904956937,0.62695236931696,0.3044474143401805,3.4947033519112614,0.03171907239248881,0.5939694333597426,0.7067825158604799,0.29777361576369976,3.4840254044683094,-0.07930414867273551,-2.6018199151479595,0.21071870547640104,0.27573348909147505,3.3925385383587887,0.05521699075659359,0.2936487590608996,0.8397035754329247,0.3830790717589762,3.660694589951471,0.3985351544774568,0,0,0,0,1,0,0,0,1,0,1,0,1,1,1,False,False,False,False,False,False,True,False
244,15.418933799441737,68.30842996342025,2.6616494957178283,23.83471768807676,Lebanese,-0.94665565510495,1.6920159167169153,0.1973316313950166,3.211500639511856,-0.13938673710795124,0.3313930189767873,0.45017233723650046,0.25740558916497014,2.8198841617275447,-0.25953058981790617,0.7449873245099402,0.44474295318879503,0.05565538703657402,1.6863823669690472,0.852773391248516,1.9058321414069612,1.90211199740853,0.4888244509210362,3.0629004470514434,0.2805032555503756,0,0,0,1,1,0,0,0,1,0,1,0,1,0,1,False,False,False,False,False,False,True,False
245,60.230459903632074,54.667872192096745,3.3195585282022124,18.956348167636424,Lebanese,-0.8046106244538854,0.38434433240465804,0.28521429138278726,3.627439237617601,-0.3382306861321786,-1.0728147628713631,1.2945750934095168,0.45043250981412114,3.5801764778762757,0.15371057078671568,-0.8295077296004786,1.0421521954533588,0.12127258794826544,1.8181782053728541,0.046310556150241114,-0.20389476028460018,1.0453556293940798,0.3978819439475413,3.4476026632504544,0.18218717276548707,0,0,1,1,1,0,1,1,1,0,0,0,1,0,1,False,False,False,False,False,False,True,False
246,49.83741575151015,20.2342480951611,3.774627728259017,13.471084819633907,Chinese,-0.8011911181233687,0.7823240019905129,0.08300625426641946,2.8944884033625597,-0.420556506837449,1.289448580095345,0.6761092780008395,0.16825569622138478,1.094148292642526,0.10393105425646257,0.2705928328979913,0.9376359645438853,0.11997785525962545,2.633420393418932,-0.1252052160731375,0.7447766292970074,0.815310790068266,0.14535918280304017,2.2679097817141427,-0.03620588158524014,0,1,0,1,1,0,1,1,0,0,1,0,1,0,1,True,False,False,False,False,False,False,False
247,76.06987554511045,65.4018826743254,5.0,24.22271398113233,French,0.3478505379307534,1.3881023198764382,0.32335672294545037,1.673119625966235,0.20866652441488173,-0.08552138303605702,0.4935268057977944,0.6024022667210334,3.66669333754246,0.1420058500868814,-0.1104154712397573,1.0939325838680003,0.58275020666719,3.0532610107121965,-0.6690462621489336,0.39164378225096413,3.311315304740875,0.12243877268041585,3.5373216802060687,0.0817672566314936,0,1,1,1,1,1,0,0,1,0,0,0,1,0,0,False,False,True,False,False,False,False,False
248,87.258910980167,61.80779974824545,3.232644821485865,13.41543944320826,Korean,-0.883665815426285,1.237905718492426,0.09425049175679671,3.2748559978984426,-0.5194011214665087,-0.47662379221319984,0.37693777457540034,0.2900911874243916,3.2128349422074134,0.20796314963546192,1.0299954137122882,0.7596992704505399,0.6051265734884339,3.7399413052276103,0.08439032732280678,-0.7715725727626757,0.724675313820681,0.24535193370661154,2.6193102437559337,0.20789689371153747,0,0,1,1,1,0,0,1,1,0,1,0,1,1,1,False,False,False,False,False,True,False,False
249,66.82724861901607,37.44488163259874,4.580312487453161,28.348499240417613,Lebanese,0.07865828174487609,0.9639066266069839,0.6821469195779115,3.4899612903700445,-0.010356323707663415,-0.9637145312960311,0.7350240191831979,0.5058291058264031,1.8117106148147628,0.23855339978204176,0.8621030067990564,0.837066491619126,0.49704081350417495,1.9407066217700886,0.09553826318319705,0.1262949513014733,0.9974191075711546,0.1145420719281255,3.202674752143594,-0.11502124285715401,0,1,0,1,1,1,0,1,1,0,1,1,1,0,1,False,False,False,False,False,False,True,False
250,35.8168617262023,43.821465551552585,4.444342904457066,14.760745513598062,Japanese,0.19258912823363422,0.3698346058814512,0.3454898347836954,5.0,-0.1306687527118966,1.153983054878971,0.4845053398977906,0.26006275369258924,2.058351447366128,0.3684478008154695,0.7338182126254262,0.5042097824913276,0.2954359616421296,3.224783517997453,0.08280275779955634,2.1495293671214495,1.2257103026328362,0.01792478376380809,4.149884221926007,-0.40917514984662845,0,1,1,1,0,0,0,1,0,0,1,0,1,0,0,False,False,False,False,True,False,False,False
251,53.4120221601614,99.71032627797786,4.663799883711485,24.666206781675225,Korean,-0.4962343099179057,2.2187112185231754,0.2372194331993771,2.6921037169021838,0.28765004390318766,-0.44486605276197344,1.2402121374826518,0.09525901716466191,3.053800227316398,-0.30368905370694926,1.2300482488822577,0.9035153245608332,0.3729593270379816,4.609962300252834,-0.4960765970386572,1.1148359786608666,2.4247979181116786,0.1550039581683293,1.3254541318401998,0.25149746938987744,0,1,0,1,1,1,0,0,1,1,1,0,1,0,1,False,False,False,False,False,True,False,False
252,32.41627922901815,18.038566554494185,5.0,17.67958094792238,Japanese,-0.1862245443976097,1.4877889034161242,0.16206628770690054,3.1528191568631025,-0.17127790164025022,-0.5096440218502606,1.7467517518440063,0.28642739955174273,3.1614845063861576,0.42818423144253986,-1.2021617593542462,0.8856073544281367,0.15136630113283833,4.292464009332302,-0.13721234441573255,1.0109690794009063,0.7651083464617459,0.32331547103207425,3.270411101930221,0.26242577609535167,0,1,0,1,0,0,0,1,0,0,0,0,1,1,1,False,False,False,False,True,False,False,False
253,13.619654942665049,77.76419452478613,3.9969421766272335,29.49431963408259,Korean,1.4453699083701013,1.9874080005589754,0.46378882702690566,1.6356352365352884,0.3859711903388029,-0.4749932447724816,0.7336021779467545,0.361147788916406,2.993302809917008,-0.4540867160725387,0.009847210857387951,0.5262475785035597,0.4419370839499133,2.3159235679653616,0.4031574941404012,0.23784291512508093,1.2470236572736009,0.08741746417874076,3.4047399656424857,0.22101482895022848,0,0,0,1,1,0,0,1,0,0,0,0,0,0,0,False,False,False,False,False,True,False,False
254,11.591970862247114,9.28846223857348,4.845989469707968,13.43267005308092,Japanese,1.6119815201814407,1.9718556857489218,0.16146781255992804,1.6137497719479212,-0.04929875221334682,-0.7914280640014374,0.6308952394202956,0.4480884071726242,1.3981486761678736,-0.2735376089082418,-1.2360998709971998,2.6159859385066015,0.0834725702023463,1.9358566195123232,-0.3383799766466619,-0.26694415088387846,2.6378239628232816,0.025836591777685353,2.628676142117583,-0.37380168481854115,0,0,0,1,1,0,1,1,1,0,1,1,1,0,0,False,False,False,False,True,False,False,False
255,99.66503656148807,90.02327964705634,3.2130680358321135,21.029686616857976,Lebanese,-0.7826330245910188,0.7959105373071765,0.1879325480783226,2.1101382416530017,0.613650207183067,-1.6931185994050697,0.753668696748749,0.2816923387280218,3.287687032814303,-0.21236722952278012,0.5913940516870543,0.8161035904902962,0.04301001661521316,3.8106387906097914,-0.054587518296849984,-1.0725993631126263,0.5071576778973146,0.058860933455727675,3.897844424249286,-0.05665638413849876,0,0,1,1,1,0,0,1,0,0,1,1,1,0,0,False,False,False,False,False,False,True,False
256,79.07223831719942,24.713289586965082,4.868288584021182,14.435266492447026,Indian,-0.19461344414636564,1.2657067351997564,0.3770137385886951,4.207743104924936,-0.11350773904412682,-0.7411629243582013,1.4884358914147813,0.15758143541538694,3.419255132160571,-0.158934571684643,1.6472575982966549,0.36799673589168386,0.15733818467062177,2.2253341470014067,-0.01194396771713862,0.6022071305974915,2.0983376667031797,0.3892798558467905,3.51800124306246,-0.3018170337137593,0,0,0,0,1,0,0,1,0,0,1,0,1,0,0,False,False,False,True,False,False,False,False
257,18.592691434326102,67.79100092547517,4.292691958884979,24.865931965073955,Korean,-0.3721320474693785,4.941713550527921,0.17823542424786867,3.138241931046118,-0.1268323447818511,-0.8876514710992841,0.6331364024455671,0.3411178605468488,2.977444160315988,0.01804285286844735,1.665437042813313,1.5862231305309569,0.5154033097377088,4.284475047918388,0.22469147727655622,1.082492525570868,1.0993514484667677,0.15691952201534579,2.7547630150763642,0.30448940843657024,0,0,0,0,1,0,0,1,1,0,0,0,1,0,1,False,False,False,False,False,True,False,False
258,5.762889116297942,47.14025233924016,3.1256099309520784,25.830690066030733,Mexican,-0.2757665452852372,0.6021206782939749,0.3933076009354492,3.0853000705894105,-0.30487768439169016,0.694384624385508,1.380213247500683,0.26655516428256104,2.984885892641049,0.14913781320456682,-0.3290406726157147,1.4863065121848262,0.34274386625495773,3.6340664670822407,-0.5076749145043273,-0.4076051277815837,0.7074969393247745,0.08444719662091497,2.7053415491238177,-0.0516575822525096,0,1,0,0,1,0,1,0,1,1,1,0,1,0,1,False,False,False,False,False,False,False,True
259,91.77487359855985,62.43245466156901,2.2108226352387677,26.16212537234511,Indian,1.5351378358822572,1.2776775449565416,0.4180502106310298,2.610315045765492,0.34932306825279746,-1.3177830439544063,0.6694451451373612,0.3512883258098441,3.0016387160565974,0.20773752582272545,0.07470125472605696,2.6748077955229737,0.29767525900694053,2.0433152842670723,0.17065687596948687,-0.43508140314637933,1.0900326654653905,0.2981269366437228,2.968628276183736,-0.515103954944892,0,1,1,0,1,0,1,0,0,1,0,0,1,1,1,False,False,False,True,False,False,False,False
260,35.12581983796521,84.83456633792231,3.9012088988892697,15.420531902556933,French,0.6864546383839901,0.7117594163021986,0.1074071049801329,3.2161352680124518,-0.13523197278536558,0.6825553535850162,0.23162182180623872,0.35691102087578025,2.881612795651823,-0.15829214245282763,-0.26714551612953374,1.5137145491740533,0.1008241425503324,3.8404919622057476,0.4887598140378121,-0.10349654895995489,2.174974006008319,0.016016512331647553,2.8307764236779804,-0.4229852666872052,0,0,1,1,1,0,0,1,0,0,0,0,1,0,1,False,False,True,False,False,False,False,False
261,10.324690499780953,63.8490189224186,3.857360799629846,21.21808570237311,Mexican,1.2599157159037437,2.877872428729309,0.09971170439274418,3.7246615674032797,0.2883637922434881,-0.5229826202491189,2.646538167334826,0.14508732608657487,2.6624167621678807,-0.42413871947702647,0.7454394867218377,1.236188707992755,0.32082391586703235,1.8998176837466907,-0.11704489816838062,-0.6949131880888673,1.146542588412761,0.2325680378186995,4.007501654268448,0.5879598378097306,0,0,0,1,1,0,0,1,1,1,0,0,1,0,1,False,False,False,False,False,False,False,True
262,63.663966699929965,88.81442759959093,5.0,20.15475922977454,Mexican,1.7768794880824499,1.1095274274311884,0.2459875428108782,3.499029592102344,-0.1290145836319986,-0.8184180853920467,1.6456422642487414,0.43880180417909476,2.6096370330760696,0.14662913435067226,0.6031961781909169,0.8817128112583575,0.39082801606273715,2.6571832285818,-0.2859386689106721,-2.2149120760201235,1.6361386578734882,0.04770824235394764,3.85488612754729,0.29390412036006835,0,1,0,1,1,0,0,1,1,0,1,0,1,1,0,False,False,False,False,False,False,False,True
263,88.75300285311305,22.911559437099704,5.0,22.721524048583433,Ethiopian,-0.44031350014026416,0.5323203173602038,0.4027383603975975,2.9653618990786947,-0.4183986017512048,-0.17729964562219303,0.8650383092602874,0.28862357124803895,2.4658641563016697,0.10892945492238415,-1.1639189704551807,0.781363559862951,0.07228669848574565,2.687792570221881,-0.25107785329187493,0.37158509820206004,1.1638598828020623,0.5274927492613629,3.887291612787054,0.007074301614070686,0,1,0,0,1,0,0,1,1,0,0,0,0,0,0,False,True,False,False,False,False,False,False
264,41.50723044499812,34.83863491522092,3.194900474150519,24.944370980667557,French,-0.18720727015789693,0.6925082022894952,0.5780362000203805,3.1686692943087866,0.4086850620146976,0.032502083215093146,1.0840932646703576,0.2876089245025341,2.375088520907313,0.3326895102127315,-0.472061812571471,0.6818335052023529,0.034537260128353446,3.1709964919992806,0.09967800660848787,-0.6938062950201991,0.5697767728910793,0.39274585677085716,2.9268331610015235,0.361186810515567,0,0,0,1,1,0,1,0,0,0,0,1,1,0,1,False,False,True,False,False,False,False,False
265,83.44817242162121,49.93785250924285,4.803098064807925,28.069821216082133,Chinese,0.04040658264223305,0.42573771706950864,0.35968591888156204,3.3360570647131,0.35178005539445173,0.10127151774399819,1.1066513581678614,0.14164370474537413,4.097001956836366,-0.22224472923960034,2.6253250554807757,0.6326748594019401,0.521976517728248,1.514163805753843,0.09201553986282997,0.7074474337064791,0.4668308683802631,0.05429463297334955,3.3232153963533495,0.2714906457397915,0,0,1,1,1,1,1,0,1,0,1,0,0,1,1,True,False,False,False,False,False,False,False
266,71.50151600266767,10.932578828546857,3.9006393991501014,11.205621368308954,Lebanese,1.0260364810454987,0.25098641747994244,0.2159658297445393,3.5824949239877264,-0.12309127814324372,0.5759612665265121,2.7237598361757547,0.2679659255886586,3.6400896836488017,0.42881380251492573,0.6777246316327109,0.5034487139978344,0.5869897975103379,3.145879348443603,-0.2485673457602402,0.8934305845502949,0.32946081896054663,0.1543551538376503,2.212936117209405,0.11645819652221726,0,0,1,0,0,0,1,1,0,1,0,0,1,0,1,False,False,False,False,False,False,True,False
267,33.85574853616966,77.06076375044782,3.8780254817155226,20.634767220867644,Korean,-0.09099780713721903,0.19298200240389204,0.2232207061268512,3.325311089956954,0.27665633562863234,0.21037695030961862,0.8189007729769807,0.14169569625056794,3.106796252914823,-0.08345695666367174,-0.250694835928905,0.8192448453263981,0.5386427835760181,2.5962962441781436,0.15657540649257531,-0.2605300009996215,0.9257346406442739,0.18049819738361728,2.3347503573773647,0.17091002497501787,0,0,0,0,1,0,0,0,1,1,1,0,0,1,1,False,False,False,False,False,True,False,False
268,0.4410621132581394,30.948146348068118,2.959112267594491,27.800406253758705,Korean,0.6457863258996707,0.642253018246994,0.24219932505878397,2.800161925543173,-0.5741786448487783,-1.5563143701478375,1.1900294299616396,0.5505766351796785,2.076184957638316,-0.07316898128686034,1.7359940353214294,0.7131920762761885,0.14016001735867015,3.1238826882615376,0.48222669109263916,0.24848356715281555,1.65040480331789,0.15657456883103132,3.1927386292771565,0.726093977998189,0,0,1,1,0,0,1,1,1,0,1,0,1,0,0,False,False,False,False,False,True,False,False
269,13.454615336618803,75.03065235191072,3.7806032964379646,24.009960436880224,Chinese,1.1683086369808429,0.5028842060968642,0.11112730160729437,1.9038596111220725,0.22282364063321486,-0.6933152526936944,0.8634788291005788,0.12360044457973683,4.4168330015320585,-0.2713499145803207,0.002922963492419625,0.40990483562399377,0.18937475028859277,1.8152038012688694,-0.19005012110671143,0.618244931422707,0.5966926015997286,0.26530227694487607,3.1161480256748284,0.5924625912182643,1,0,1,0,0,0,0,1,1,0,1,0,1,0,1,True,False,False,False,False,False,False,False
270,5.902318835661569,14.10846323883328,4.296968332941307,27.258158039545176,Lebanese,1.1632303210126191,1.0925888763817753,0.29298393925855587,3.117924706151064,-0.09837633238230084,1.6246090798682673,0.7016685118774378,0.5499920370175492,3.100824926408714,-0.5944775241300215,0.09993541184519704,0.33320914992088496,0.23543153793460905,3.091770755789713,0.12644604127658954,-0.06316559590627054,0.8469552318626861,0.49621249957549607,1.8844789118419738,0.4678442252920941,0,0,0,1,1,1,0,0,1,1,1,0,0,0,1,False,False,False,False,False,False,True,False
271,51.147601508804364,66.56633143025861,3.503083972833302,15.498977464544405,Chinese,0.44667889141167305,0.6044273906161556,0.13513684972716897,3.0278727056407253,0.07429409665250945,-0.12066553732810621,1.340076042857813,0.2678005989019742,4.185752536884482,-0.21666655338700924,-0.9850682638857003,1.5298121145734531,0.5367638893115767,3.7290975540949884,0.05525692554998059,-1.106717766671766,1.9022759240732796,0.5002349897613605,2.9163698305715453,-0.39428985124561394,0,0,0,1,1,0,0,0,1,1,1,0,0,0,1,True,False,False,False,False,False,False,False
272,26.08036008711484,78.94244173505923,4.535111487730753,22.07488820959188,Ethiopian,-0.7887154278616201,1.1436403125130579,0.4268196067163074,2.9308755631914463,-0.07944704736024899,-2.3485817363239256,1.3541891827549466,0.21297902441014235,2.260924624140013,-0.16416613795245114,2.2885701610573865,1.0103921758126237,0.07284117448122016,2.3366372284704577,0.34341060063562245,-0.3113781102469754,0.6319508021184187,0.20488571775832964,3.744198813883212,-0.8289062244473078,0,0,1,1,0,0,0,0,0,0,1,0,0,0,1,False,True,False,False,False,False,False,False
273,93.70862454288306,79.74621017873474,4.097243752898418,16.356169956017435,Lebanese,-1.5541020981347342,2.923704251484048,0.1651745268885894,2.6654844315265405,0.04594682781557401,0.16725726665755197,0.7439095130963852,0.28021908121224526,2.7920029401786564,0.4148956748729374,-0.2676603729724386,1.9300136761976472,0.5082397386975125,2.5205753089227985,-0.1856132602426461,-2.739377552092114,1.5048469487492095,0.33186495031114055,3.0511118332520843,0.2367259183518632,1,0,1,0,1,0,1,1,0,0,0,1,0,0,1,False,False,False,False,False,False,True,False
274,9.127513143575284,71.28512129970275,5.0,23.089793920678602,Lebanese,1.1216330813577764,0.4886081200151037,0.2324934903383108,2.084945130878278,-0.07242890932300756,1.6999647012314982,4.326027110521457,0.4893494446022227,4.314320488054602,-0.07558237538057273,0.4692631722038399,0.3764623994400275,0.20588474454207129,3.3205840394519255,-0.3066144572727137,-0.4645974475846366,1.0739905758275008,0.2724514935493202,2.441436040626412,0.08190046672516264,0,0,1,1,1,0,0,1,0,0,1,0,0,0,1,False,False,False,False,False,False,True,False
275,34.09924455484783,66.15402331247321,4.637025863952207,17.68976981175576,Korean,0.4565999372010111,0.47821504155242295,0.3627796710300653,3.8428583440892123,-0.15500718970496383,1.168898811831805,0.18375833660136992,0.16225150056033943,1.6769283965931272,0.22379638182635556,-2.365728577747414,0.5277873644924657,0.12064745879747632,3.9432018828699054,0.32034108386373933,1.9581863275124372,1.1921330961755265,0.1646009443237343,3.8150326414845575,0.20286541795084817,1,0,0,1,1,0,0,0,1,0,0,0,1,0,0,False,False,False,False,False,True,False,False
276,51.839875211721264,69.3922453608193,4.376726425857664,23.433144462215832,Mexican,-0.9374758818319201,1.8124980544643468,0.09759341028903777,2.462407338736845,-0.04027542386131437,0.055337899870542245,2.4820488209478833,0.15379703708491127,2.909397533673719,0.11411688045573833,1.7138222746975706,2.425972810744999,0.6164553109359451,3.541714841744516,0.06464185223211262,1.5219396730600243,4.029126943350828,0.30781683963861306,1.713232514985557,0.33977154027078765,1,0,0,1,1,0,1,1,1,0,0,0,1,0,1,False,False,False,False,False,False,False,True
277,19.50282398710059,77.55422747020751,4.126824633346254,21.685204775805566,Chinese,-0.5050761779729077,4.144563237440975,0.4005062061731059,2.932395540287333,0.05600716895147645,0.21788077924664956,0.5094897066451295,0.38703212253147457,3.5203269297347917,-0.09847885101682186,1.2814793497462698,4.088318056996875,0.37320672074693084,2.1646037202635724,-0.27092154594890866,-1.3084074944836643,2.796412363947366,0.25432507157248546,3.8189462944393697,0.2418583833162298,1,0,0,0,1,0,0,0,1,1,1,0,1,1,1,True,False,False,False,False,False,False,False
278,78.17000870628452,89.66512669581853,3.6998288040105263,20.488101529504434,Mexican,-0.44880049891457036,0.5870521245643835,0.44270065680530574,2.6014867023032573,0.25562889755532847,0.645574756027175,0.6412265980114936,0.34065066497369395,4.171790923882356,-0.1537490482512866,1.666248538967572,0.9180570192846267,0.3313136090750713,2.39750171102836,-0.26855522797703163,-1.7851394863023784,1.06823918882315,0.06552787289027324,1.0,0.19805607183324003,0,1,0,1,0,1,1,0,0,0,0,1,1,0,1,False,False,False,False,False,False,False,True
279,98.08113191127258,49.04461969124767,4.770358105861404,15.993265002975683,Korean,-1.6749490012071133,0.3576693012760096,0.532883377084685,1.949350102370829,0.05845939675402429,-0.15826108007362297,1.503957300965611,0.27851014840400323,2.870819591562428,-0.3361642280971439,-2.5502964158335013,1.0248580330447445,0.07769498780619825,1.7987238705632655,0.46121364905954126,-1.1492943686444599,0.6638514171428168,0.38887679790994445,3.8789529202241395,0.08448749897024628,0,1,1,0,0,0,0,1,1,0,1,1,1,0,1,False,False,False,False,False,True,False,False
280,46.316107429774846,48.22665768375646,3.5525172777470426,17.1702577695727,Korean,0.2515460937437629,0.8361509678471615,0.0568956732966728,3.520488437294372,-0.1917324478293891,-0.4888210072719866,1.8151991271251684,0.08569671842968007,4.24710876390634,-0.02848890413973325,0.5336450584239099,0.3229134834398531,0.23276488940820184,4.269078026925109,-0.30983046291367417,-1.1404794514685828,3.047181232716497,0.3499829139513116,3.5482672073750248,-0.05840580089865269,1,1,1,1,1,1,0,1,0,0,0,0,1,1,0,False,False,False,False,False,True,False,False
281,28.00509184565424,60.74351067955642,4.603756144622145,16.967196829458594,Chinese,-0.7870391389430396,0.7800247304144983,0.5575716778537092,1.727616722956233,-0.05739529790039438,1.6321222776583764,2.3657125363371,0.389961777226383,3.0009638590934236,-0.4091049040178337,0.5598853796956231,0.29021013463388984,0.1945983400336495,3.7236609968554544,0.16488468850836746,-0.8872499238451823,1.1531608675765093,0.24716748099501745,2.8331335190085873,-0.23404343455423818,0,0,1,1,1,0,1,1,1,1,0,0,0,0,1,True,False,False,False,False,False,False,False
282,82.17632224056625,0.8736241020241842,3.9719980785866924,17.95530935541228,French,-0.2944067332377958,1.5361881487207196,0.16281016925420863,2.9500141632546666,-0.10654350035902452,-0.401225487181291,0.4393039085325304,0.3617784470361165,4.423964477364012,0.20674831137310745,-0.9603797605235944,1.4142567559055448,0.3535858497265613,3.344038903981145,-0.00018492971300981397,2.1869531989964317,5.230418567335758,0.36151311107016265,3.335423660504557,-0.09231642292034448,0,0,1,1,1,0,0,1,0,0,0,0,1,0,1,False,False,True,False,False,False,False,False
283,24.538246097246162,60.06931318028437,4.1358186180365575,18.723519788698685,Japanese,0.7397007056320224,0.5232973566283744,0.29491002699743535,2.622632896823461,0.5543948762969229,1.009359921398319,3.6866744175537645,0.26424354617325546,3.480456595955906,-0.22289441910603117,-0.11000120692691114,0.622146323851588,0.21645881177730808,3.2180777988510587,0.21323683914109728,-0.21995922618584154,1.7605843094285258,0.23263530570220847,3.2473997457017862,0.10939526031219769,0,0,0,1,1,1,0,1,1,0,0,0,1,1,1,False,False,False,False,True,False,False,False
284,62.005022527615196,47.22929766791773,5.0,21.929115591504825,Ethiopian,-0.0956359052901485,0.8502539525773282,0.1414100871735763,2.9704282694538993,-0.3793235688389127,-1.5775183505339356,0.5687970410485823,0.10297893539627029,1.6863052691828506,-0.08867181326090846,-0.9823298578914004,1.4416257397298688,0.18844609762736722,2.8850077609842453,0.10113187001575559,0.674201896700027,0.7565701540792741,0.23076610247773496,3.2427416600613204,-0.8286222508664935,0,0,0,1,0,0,0,1,1,0,0,0,1,0,1,False,True,False,False,False,False,False,False
285,50.287714658550975,75.17821831731855,4.594555489266229,16.969034873443867,Indian,0.5430531953495163,0.8256156158469455,0.31903131998266865,2.1499031472465298,0.053356779128693285,-0.7883232979983409,1.29316026329321,0.3645279748646023,4.06559662199216,-0.67519167433612,-0.21726709451172163,1.021318110990099,0.21719923354885792,2.551737200021683,-0.3489568968680234,-0.2405265905794178,1.4877882026438316,0.33386010167217056,3.0599200594548717,0.1617458367234052,0,0,0,1,1,1,1,1,1,0,1,0,1,0,1,False,False,False,True,False,False,False,False
286,82.41993550664047,31.847981598174247,4.619976461213162,25.102101738114122,Mexican,0.42238523871944633,0.38239055536986555,0.026923859676602293,3.768253498247498,-0.34457874355835794,-1.1564474875225934,2.348260586451198,0.2885417030111059,3.69838192873546,-0.22699399856069502,-0.19958816941206872,0.5823708699711104,0.4573483510268984,1.6370419470980657,0.3504835086591209,0.329156168828434,0.674030992435849,0.09764715750682153,3.163703496748404,-0.48704604605312357,1,0,0,1,1,1,1,1,1,0,1,0,1,1,1,False,False,False,False,False,False,False,True
287,54.69593449089292,42.990474965376734,3.688494548069512,21.06930539069556,Korean,0.03166912697607089,0.3839103094139811,0.7708477956067314,3.9916141486520558,0.1545800154134485,0.4105452859393413,1.1023106687579258,0.1252766509592166,3.489561291728277,0.4683952389009777,-0.8671551886154596,0.82964232415197,0.036464760660230515,3.5085251661934502,-0.3682416000945961,-0.9419765063395954,1.2220252368748192,0.16432323837818696,3.0181073583470504,0.1477235661942509,0,0,1,1,1,0,0,0,1,0,0,0,1,0,1,False,False,False,False,False,True,False,False
288,18.663381276907465,28.544506481630837,4.023207803013067,20.188012536458604,Indian,0.04883097621970391,1.3079078178413048,0.5896094591789838,3.515849039525885,-0.1740773312334206,-0.6332122797679601,1.0218928462752397,0.1721432680507316,5.0,-0.0013749799934208893,0.9244056997200186,0.9789508415794872,0.4091827276479288,3.3138240575198257,0.356244809608028,-0.04054005283524364,0.8722726961842733,0.043376214079556503,1.541556763656502,0.45460551260479,1,1,1,0,1,0,0,1,0,0,1,0,1,0,1,False,False,False,True,False,False,False,False
289,99.41781261207797,33.40604007698841,4.1635339794850195,17.860977489454104,Indian,1.8616133562506236,1.3901398040477466,0.24403472310924257,2.5629905119365963,0.0017455872658643215,-0.650858403338899,1.7925298942425976,0.4616365917148419,2.9041357545065423,0.011246190546519536,0.001376826177396451,1.5648590178032782,0.30045372471359383,3.290798279445833,0.017218225623300033,-1.7704213057609548,0.5614382416862983,0.2020690721592388,3.640645103881929,-0.15077510895820567,0,0,0,0,1,1,1,1,1,0,0,0,1,0,0,False,False,False,True,False,False,False,False
290,5.248381960371173,56.04334605662039,3.41656067605708,22.170841768616686,Mexican,-0.1706758926166885,0.6146250287129441,0.041033501680252646,1.8865826811206323,-0.18141157378890563,-0.9250588182785858,1.0807663056411816,0.08056030791300932,2.8918594450644144,0.0435362549936581,-0.6294577825614719,1.2058869490809094,0.12575424657715578,2.886671026354383,0.2045654325753513,-0.7712627284189755,3.5581984832662927,0.2276246637095703,2.345545490678191,-0.07778447889284132,1,0,0,1,1,1,1,1,1,0,0,0,1,1,0,False,False,False,False,False,False,False,True
291,77.7237433215132,27.16590904711137,3.2448723673245996,26.221028608309325,Ethiopian,1.627672044485904,2.5818854324541385,0.1744989377679846,4.581560397995277,0.25004437680090236,0.14316354562686054,0.5400892496634423,0.20762923570710548,2.643742727970698,0.25689077879139227,0.8666506843656756,2.3705131119641654,0.1204762416466414,3.2706322038624913,0.5202073237752388,0.24325698438661042,2.4845220326873045,0.3699232406957556,2.4068328832122567,-0.06832701629200898,0,0,0,1,1,1,0,1,1,1,0,0,1,1,1,False,True,False,False,False,False,False,False
292,7.187661520662603,47.2812411312396,4.19860184143476,24.048446636146668,Chinese,-0.9140007031345446,1.7609456340616207,0.5064072477791666,1.3840923208165417,0.36249554991992644,0.9755120887212344,2.1184192435757216,0.16346503280290117,2.475338698215353,-0.37749812354170437,2.0715295900257824,2.4102223805324057,0.23660024894655096,1.5054918030802888,-0.13878625884893278,-0.2539726236868564,0.7669680432496822,0.2552585297082694,2.4907562423925063,0.32561627764568274,0,0,0,1,1,0,0,1,1,1,0,0,1,1,1,True,False,False,False,False,False,False,False
293,87.11840589458069,73.99901701651689,5.0,23.105048270888314,Ethiopian,0.7294006921678696,1.3223873105041763,0.3270814537452895,1.9835961150952488,0.18045981830778843,-0.5997551110634831,2.1333092011538843,0.20363492610963752,2.3773507039366053,0.08677451454602883,0.09134449616801717,1.0535163951880118,0.2871576528878337,2.8088533276130483,-0.12148687036151848,0.9409810983697754,1.2426908043599671,0.23327373126859713,2.643092083061753,0.11798453450051256,1,0,0,1,1,0,0,0,0,1,1,0,1,1,0,False,True,False,False,False,False,False,False
294,35.502322057279,89.26889606537067,3.062756487273591,19.606703307536336,Ethiopian,0.1709054274932763,1.44541603668758,0.5504738232991583,3.2328364950334807,0.2469086972528561,0.6070990618638816,1.5846987990045427,0.1764499441479603,4.31130771521824,0.35052122619528076,0.6681673592316776,0.802917418411579,0.31022988436275495,3.274634840395689,-0.067495890047187,0.06110135418301049,1.630520094880401,0.040463803467320564,1.4881350543805685,-0.8350759361844697,0,1,0,0,0,1,1,1,1,0,1,0,1,0,1,False,True,False,False,False,False,False,False
295,75.88095652645256,32.358254210154755,4.113377887691841,16.43864096637224,Ethiopian,-0.7292544365305466,1.2337057145000867,0.19635369411751713,3.3647468016266813,0.11398989585093468,-0.018603160737415404,1.409961084081717,0.40261253030770083,2.977661417013214,-0.07587096035827869,-0.35575609243722,1.0730113338950833,0.15072952808435844,3.7627538201376334,-0.1155387063538989,0.1464736650904891,0.5782090581930707,0.2548057416844562,4.043431026846495,-0.5552005253806583,0,0,1,0,1,0,1,1,1,0,0,0,1,1,1,False,True,False,False,False,False,False,False
296,90.64025053047277,43.612238065733244,3.4494176291783125,18.998080363228993,Lebanese,-2.6474645255622646,1.5477483704289583,0.1258619278771315,2.014621476984739,-0.9083156472311342,-0.6215596019172807,2.223202831389375,0.5654015595490823,3.0160537660867055,0.46664369272383577,-0.286455422454326,0.5176765585544885,0.14572689836332442,2.7060951411946954,-0.1682655790591566,-0.5961534163557333,1.0206353024124686,0.43845790274196605,3.194053851483519,0.12008850221900644,0,0,0,1,1,0,1,1,0,0,0,0,1,1,0,False,False,False,False,False,False,True,False
297,36.71619848033926,31.992488888254822,4.385096225179428,10.514615747264667,French,1.5949247147448804,1.6881679678591597,0.3857311242230987,3.3313230088436327,-0.3217255021996734,0.3466104006915761,2.056974821667245,0.2741788580899152,2.2601143254223635,-0.0487961594513553,0.10681004662895974,1.0532940289959396,0.21529991755509784,1.5800700228566291,0.18933248498344749,0.03730870915843631,0.938809972319494,0.29486584856464665,2.767784095161686,0.32816419731052876,0,0,0,1,1,0,1,0,0,0,0,0,1,0,1,False,False,True,False,False,False,False,False
298,90.97872903273614,75.53021617727033,4.278488404154858,21.801032910451287,Japanese,-1.155204047708843,1.0397435334312755,0.3733082461031651,1.8326611973859432,0.08019648871110646,1.3374913681560578,2.3495086969294663,0.22448916867083918,3.4046260293846733,0.3326557539097368,-0.7297576529576284,0.22719195384518565,0.1978908651470673,2.6565080481355756,-0.4820530850496027,1.0182551622897493,0.5408081085097862,0.18637179352116368,2.8959921314730983,-0.2862756993415126,0,1,0,0,0,0,0,0,0,1,0,0,1,1,0,False,False,False,False,True,False,False,False
299,78.10835790446325,64.099682078935,2.986961408686818,27.48148974255061,Korean,-0.963054050910983,0.285611269301152,0.29075370905745596,3.530514622707196,-0.13770643333878893,-2.604996411526023,1.4380660309768707,0.14510875791996058,3.1152577619032615,-0.06203892701706897,-0.7134722521175827,3.0080115554114184,0.20847906343336858,2.3236737446862366,0.007112368107817738,1.2785121733880467,0.8661973690511569,0.19016198134986806,2.3812613345992424,-0.15623796015166844,0,0,0,1,1,1,0,1,1,1,0,0,1,0,1,False,False,False,False,False,True,False,False
300,73.45813722345231,1.0658626377199276,3.045318388204827,27.50970159704364,Chinese,0.1296300122955591,0.9030450933285972,0.38598518940686627,3.288097984672305,-0.44649992952637857,0.695247694194697,0.3487211373047853,0.10694601543272797,4.212576837753817,-0.08381169446349185,-1.2946002030827315,0.6062465047644848,0.5734628533334474,2.6725599671049074,-0.5687414113737903,-1.1540352054175784,0.837917830919269,0.524974925043877,3.2445741692917656,-0.2255302003464966,1,1,1,0,1,0,0,0,1,0,0,0,1,0,0,True,False,False,False,False,False,False,False
301,42.85487486642171,78.48718324528588,4.366673895123177,15.660482247270583,French,0.057139143298687564,0.5995689539707051,0.2562390630822354,2.9604645849332027,-0.6133148374134819,1.7658713996710769,1.7329716301179607,0.24676938990325237,4.407558122164345,0.12214109810092069,0.27618878445195066,0.7520807010110078,0.05518631639880125,3.281575801192247,-0.3592502023194243,-0.3651945701164334,1.1505072055035326,0.17125823151416356,4.141639989461355,0.41008528763006147,0,0,0,0,1,0,1,1,1,1,0,0,1,0,1,False,False,True,False,False,False,False,False
302,91.785010820115,52.248120051497935,4.1308366379772075,24.94873436864735,French,0.27879611440993346,0.48260706639514955,0.3256220783306688,3.8352728915381653,-0.22554326149168652,-0.1733167580815765,1.6891686399066712,0.3264848799666067,3.840116599645723,-0.3218339625693018,0.24768220972180305,0.8006526914412044,0.19629256407030354,4.368217028089495,0.5445175193296792,-0.526404515232258,0.946094296751855,0.15266707835327778,2.283015349201278,-0.11064593280602156,0,0,1,1,0,0,0,1,1,0,0,0,1,1,1,False,False,True,False,False,False,False,False
303,68.85667973719704,95.1934972421207,4.273562777570768,21.2523398239961,Lebanese,-0.2540781422862163,1.4332648523699154,0.1585845560011328,3.2394668546257703,0.47485815710058377,0.7634357092487589,1.9343026794954905,0.1486906784196152,1.5314696989759455,0.1393987577131952,1.8149140958349852,0.941571831511799,0.6173854943471055,3.836935517202596,-0.19383645504034167,0.2888627738860848,0.572825440866917,0.46041917960709855,3.976625588535482,-0.15116621889761447,0,0,0,1,1,0,0,1,1,0,0,0,1,0,1,False,False,False,False,False,False,True,False
304,55.79229972303727,59.38000620810271,4.479149543954726,19.050603947676674,Mexican,-1.4996158281510457,0.3358810952545717,0.2498463289094567,1.106685644595291,-0.2799070808406504,0.9769370628362609,2.8046565182777217,0.3153963660948617,3.1987422933354077,-0.19423709296294603,-0.19202403427163717,0.7260019399373204,0.08364909238156733,1.7139279768652802,0.36963164365606405,-1.5756112561542572,0.7384543080132713,0.3497214736570793,2.900696507873086,-0.14097643221189135,0,0,0,0,0,0,0,1,0,0,1,0,1,0,1,False,False,False,False,False,False,False,True
305,43.434664960340506,29.578061637628238,4.514922871006227,13.594973283183494,Mexican,0.8670126209661474,1.6529934905800545,0.23672519809227027,3.616585783339743,0.3422658217654312,0.5176062611294486,0.48614547264218155,0.44934542645409015,3.4998607256407643,0.5113975962568317,-0.28354031748926006,1.897483985770809,0.19571196988379458,3.5179128009941962,0.37190236425590173,-1.1576922895951236,1.2933427442621215,0.3356633955633664,1.4471892387809173,0.34671005108388275,0,1,0,0,1,0,0,1,0,0,0,0,1,0,1,False,False,False,False,False,False,False,True
306,69.76703308360393,46.60048254269127,5.0,12.369342148218163,French,-0.9046867816509581,0.6738542480655555,0.08215686720727268,3.208387838664596,-0.24053366954536867,0.24917095537563727,0.18694599426947875,0.23116567569037216,4.365221718872201,-0.2774080457699905,-0.4472410695567876,1.989755363296432,0.13910549510312195,3.030438945723644,-0.43536254898623866,1.0222179112889809,0.6061366746612549,0.37379398516496826,2.3804920313212423,-0.03124957491849367,0,1,1,0,1,1,0,1,0,0,1,0,1,0,1,False,False,True,False,False,False,False,False
307,3.7586506790687757,23.44039246475651,4.319922353870231,25.707579373560343,Lebanese,0.2232899860178605,0.4704256068073202,0.5921574238411608,3.763430403064446,0.22994530380278194,1.3044528655430536,2.0460777916530786,0.3453302980514988,3.8822843259169395,-0.25321325776201586,-0.32801059695099155,0.5876911365400336,0.25062711922843484,3.386347773697692,0.1606836256573157,-0.14885459614597155,0.9182999522026241,0.08103855923407023,3.4794314166046876,-0.25308977077500405,0,0,0,1,0,0,0,0,1,1,0,0,1,0,1,False,False,False,False,False,False,True,False
308,97.31354448504985,73.9968439092041,4.041728105240283,16.4225422311306,Korean,0.5744411328094213,0.5848928416277073,0.06752306978478516,2.813646356667911,0.13089190693137884,1.1165435717804442,1.7077968022665877,0.1594052802551013,2.2785456898289502,0.662964127719356,-0.7170174299058919,2.1681765272459836,0.143817246553708,2.1897748535134944,-0.10956513105638956,0.7741924592446581,1.3055099689131953,0.2922757005946417,3.8156259016071434,-0.43967789799876766,0,0,0,0,1,0,0,0,0,0,1,0,1,1,1,False,False,False,False,False,True,False,False
309,57.6814415692143,28.327368558424293,3.7580860787421075,20.68956415391456,Japanese,1.1822252274858696,4.1410735672928745,0.25460598590766426,3.610431312277642,-0.2877671050464592,0.18615566519096313,1.1357682314542874,0.2670805626020259,1.8077276790538446,0.3757356866222603,-0.28120094513093014,1.1895642314889412,0.34281403032710855,1.9022372197230015,-0.02099222638207745,0.0994437623135201,1.0917698521389785,0.04331276679618264,3.0496200874879174,0.3105578320419088,0,0,1,1,1,0,1,0,0,0,0,0,1,1,1,False,False,False,False,True,False,False,False
310,8.116166933905088,66.12731421741177,5.0,19.705286538150162,French,-0.217903410574504,2.445705950057666,0.03345310349195089,2.7325701215151272,-0.23543019825747796,0.6629840071829539,0.5266286438367551,0.3401119291436049,2.5407432598149167,0.07419386464372767,1.2306101814960027,0.3009111877320312,0.12711109219161826,4.017250726097684,0.38153519691817644,0.5835437507815545,0.15933829463782895,0.42045109745141096,2.388235274302449,-0.14061002281955556,0,1,1,0,1,0,0,1,1,0,1,1,1,0,1,False,False,True,False,False,False,False,False
311,33.85906970420751,87.82477084324142,4.837144649878516,15.318728132807164,Chinese,-0.3054390592469231,0.8367140665554573,0.09896231520154727,3.358070450217358,-0.21590078665425974,-0.904908731330222,3.2103883014842043,0.24443968805151858,2.2344337209547143,0.5179678416552653,-1.7200302132545158,1.12462886196144,0.37844364879315695,4.478063896618098,-0.053723530520297755,-1.13150072418539,2.8754140105484653,0.26658249932751144,2.249261100416949,-0.20526811752086707,0,1,0,0,1,0,1,1,1,0,0,0,1,1,1,True,False,False,False,False,False,False,False
312,95.41936288477436,78.08900159408758,3.4983568122398947,21.708111800546806,Indian,-0.23331191858949996,1.9088296209043598,0.46377852097498473,3.733907435375201,0.15927517572908906,-0.15893869482318215,0.8900740099459187,0.3278018194013476,3.8143329991760377,-0.1413669552481148,0.12537406486566025,1.7816696502274358,0.352859635577587,3.122754161853358,0.33732678122304866,-1.597687636420461,0.22279187486123841,0.1451116458912462,3.295966956310692,-0.09483267890808507,1,1,1,1,1,0,0,0,1,0,0,0,0,0,1,False,False,False,True,False,False,False,False
313,38.973686032495834,35.210109623507435,3.1703594753904456,20.145681559061217,French,-1.8485851893870515,2.9519164523113166,0.46427230501394934,2.5766440196304656,-0.4827817011448994,0.13186528753746085,3.97739806101883,0.12363272208093014,1.8352201859323212,0.362210186127415,-0.6086951649549145,1.242344957626849,0.46200931744796103,3.976200521586219,-0.20342232022140638,0.627294985346492,1.1840482688739349,0.5209566970779771,2.2408073420574155,-0.08322729033656835,0,0,1,1,1,0,0,0,1,0,0,0,0,1,1,False,False,True,False,False,False,False,False
314,38.22368137291087,76.07188416718863,3.1532673514834406,26.24827140436264,Korean,-0.7548163579788724,0.5836561830487598,0.15167007389387085,2.5120435511232655,-0.03682575908631989,-0.04385179195324622,1.3620097693145237,0.21492060998048854,4.5944729003657745,0.13874369362303465,0.33107924052667276,1.4823436717359686,0.2885175191334458,3.8279914090693508,-0.3485058545606988,0.42036859060334775,1.6398527240611507,0.38568748756114457,2.5987744208337435,-0.0715432676106931,0,1,1,0,0,0,1,0,1,0,1,0,1,0,1,False,False,False,False,False,True,False,False
315,53.23029262213039,81.51044634317388,4.7214933110559425,25.50721176318126,Lebanese,-1.0043840391925005,0.8345602374181081,0.17536137029137708,3.0623115966823464,-0.21134518963616913,-0.6663555944524396,2.180606349276895,0.14003011794653505,2.4782417517135475,0.4668991829340387,1.0437919840946488,0.7790768362503527,0.20833748699484658,3.4343166671106142,-0.017947150823708718,-0.169604271708074,0.583921075719553,0.4353244038370103,2.2751294610696924,-0.09068016946068386,1,0,1,0,1,0,1,1,1,0,0,0,1,1,1,False,False,False,False,False,False,True,False
316,42.20981253311522,41.624713328328745,4.825883372014762,21.68790976607969,French,-1.1498630429647272,1.7445397620078449,0.14872054285553446,3.6583200828336486,0.491626588230269,1.2652981428852716,0.22474337552003792,0.17163281986777243,3.4764718838955355,0.10048355473123542,0.9381572947802657,1.378059203585802,0.18633804437913376,4.076280048458083,0.18517986823819674,-0.5205533066479582,1.6107714912074684,0.21602116044552713,2.372595144980376,0.11465085956112656,0,0,0,0,1,0,1,1,1,0,1,0,1,0,0,False,False,True,False,False,False,False,False
317,75.02335620644234,56.618902804921674,4.161335124167182,26.684307360729306,Japanese,0.1676933905380508,1.2709199277853345,0.31630094197386455,3.321362964884206,-0.39028941373834003,0.3506267568891583,1.5482248974271915,0.07569583952443608,4.165841291281128,0.09550784508822309,-0.23989596291150359,0.35641867137530503,0.2660249015181431,3.7988147397671526,0.22238181229971407,0.9615125115739522,0.4300525453975563,0.42701997047604473,3.4269483279829944,0.393851250990003,0,1,0,0,1,1,0,1,1,1,1,0,1,0,1,False,False,False,False,True,False,False,False
318,3.598388924872886,37.074581580046754,2.4888268829067792,22.150102901757204,Chinese,-0.3114882545576137,0.7919354971382432,0.309138041659011,3.159763584482387,0.08966372302746667,0.7376714841377882,0.6907806167235494,0.1313510191592182,3.5438093351581648,-0.6651449242262746,-0.6050442506283633,1.8044305905520535,0.5025608583909679,2.153946685099094,-0.19825379512965072,-1.5735226803648492,0.9204330560173768,0.47947115476845736,2.2691253675649006,-0.30392810349561566,0,1,1,0,0,0,0,1,1,0,1,0,1,0,1,True,False,False,False,False,False,False,False
319,26.501721372723562,7.184700882197371,2.925616295406009,26.939001498255816,Chinese,1.5962650396770315,2.6903233864737928,0.28653232853906424,3.576589991173997,0.04090924050828137,-1.3001514479081582,0.4811795648599891,0.17320133355723602,3.374875120306569,-0.3800335691722484,2.49546149815971,1.8588153347429537,0.4759071805566105,2.3147415456261373,0.5947199058915678,1.0249981168088849,0.605436820693556,0.26410736447958705,2.819085709072429,0.038424742240419106,1,0,0,1,1,0,1,0,1,1,1,0,1,1,1,True,False,False,False,False,False,False,False
320,3.4549706372776767,47.43726785797805,4.292223148068968,13.00580934555775,Indian,1.488958881676849,1.3579672914965875,0.09795617181664282,3.3297475675008656,0.4117703275681698,-0.5113636055616431,0.8719397818630582,0.5570177824123754,2.8533139696495935,-0.3794591468855459,-1.8701922174700742,0.7840906318775523,0.2515471147168414,2.556752866349823,0.2887430687514522,0.4869093896322352,0.689660553357851,0.19173751515061532,3.012243552513244,-0.33884440646857744,0,1,1,1,0,0,0,0,1,1,1,0,1,0,1,False,False,False,True,False,False,False,False
321,13.877165028477611,26.10074563408087,3.972555007486026,17.083436105703544,Ethiopian,-1.8824488336352412,1.6147882565244451,0.3373136984948299,2.2106426227421023,0.2891881178722286,-0.6928394241663416,5.936914280330426,0.20043294549422605,3.971055191173613,-0.5458268812600706,0.37808479354997776,0.39623782184778167,0.2873601400746476,3.147535138675403,-0.04610197974236937,2.916173864609584,0.7556929795791519,0.16899967014199033,3.528142866582425,0.5830379360842594,1,0,0,0,1,1,0,1,1,1,0,0,1,1,1,False,True,False,False,False,False,False,False
322,19.20021251716858,44.99030558577469,4.060548297876732,15.604961153827645,Korean,0.1225792161725515,4.301235714585463,0.7012982920027331,4.104115026035837,-0.4779301788369846,-0.1835165865302751,0.7401182899036537,0.04777366248864324,2.095649722305486,-0.4810729360813514,0.7895052275005751,0.390469481879446,0.17516845603422834,2.6345484696822883,0.006864352315466182,-1.1857857571644146,0.8360682327558288,0.1839873420843858,4.222965015842182,-0.11924302458601307,1,0,1,1,1,1,0,0,1,0,1,0,1,1,1,False,False,False,False,False,True,False,False
323,93.43285099276353,38.05360233676217,3.8356126299821063,21.22985206768274,Japanese,-1.0011644815020244,1.3429647259807473,0.14353571215794486,4.052156920508839,0.5005383767880544,1.6823772961136187,0.36017967283490604,0.6747391301240395,3.3369256597633474,0.2683695068036974,-0.6988803333302908,1.1316467490766302,0.20308931208666592,2.6860812015653432,0.09377072873859951,0.3717909799306417,1.4518076751919695,0.29284927162165286,5.0,-0.06279645711912989,0,0,1,0,1,0,0,1,1,0,1,0,1,0,0,False,False,False,False,True,False,False,False
324,14.491120460687501,56.94043007053345,3.6005738687403737,16.669934785765495,Ethiopian,0.5561905345956872,5.031689099824177,0.2862677933238602,3.881909892049252,-0.1306805767087901,2.533323712777457,2.1423724154966535,0.2584383012238159,1.8239400701910524,-0.5510204623470254,-0.39440381183362677,1.0925491843522377,0.09756194819425701,3.379847612077973,0.13938617599518785,1.1534476625571133,0.9933561533581278,0.35114923702702233,3.2761706172183134,0.26344067809210026,1,1,0,1,0,0,1,1,1,1,1,0,1,1,1,False,True,False,False,False,False,False,False
325,6.5075524115654755,1.6878019662153076,4.237278515907935,26.270190044452864,Japanese,0.15811975472923329,1.2003250057909072,0.3515168284827861,1.6768114187499696,0.13045084236470483,0.20096155298730065,0.6158756217772853,0.14621834323801058,3.251923605611854,-0.30546731034466496,0.1647582874908541,1.7141271164337832,0.3122163776173512,3.7153446326934954,0.04479255487284072,0.8926283517718094,0.553545558735345,0.13688480246544377,2.3259911566670475,0.3609394819938415,0,0,0,1,1,0,1,1,0,0,1,0,0,0,1,False,False,False,False,True,False,False,False
326,66.10112089110682,60.37830610887639,3.8579885205376807,22.41788544557653,Ethiopian,0.9305168352790645,0.9019622891562614,0.47891054469933714,4.019838630075966,-0.7288466741006349,0.3764789538867904,1.002020561908306,0.387719979137782,3.3376634697739394,-0.07972471725950599,-0.8642929626575788,1.381147798506725,0.12116608394376159,2.5097845785739343,-0.34314490578649415,0.9349021563933568,0.6708247715606929,0.3549967732627961,2.364925586235581,0.12365078573567426,1,1,1,1,1,1,0,1,1,0,1,0,1,1,1,False,True,False,False,False,False,False,False
327,60.333000647536124,35.89730742598718,2.6369190393198516,23.778992677808855,Japanese,0.31083281321188827,1.0774307371292586,0.3153830251111948,2.163966072268589,0.43212424991700676,-0.19333753935497813,2.9116172283298125,0.04904736143032482,3.0867086172714076,0.13468805211214058,1.1597818127305068,0.8235848789843724,0.3016397828705901,3.2955671352709,0.4551799986754136,0.29631715882833914,0.8404163238570213,0.23181361448007698,2.91670348219425,0.2259239317087066,0,0,1,0,1,0,0,0,1,0,0,0,1,1,1,False,False,False,False,True,False,False,False
328,30.80233361590742,82.33350903557357,3.5617767246931513,25.570145377508243,Indian,0.761206486408791,1.6996026394123631,0.17923156496348858,3.0311387795120215,0.015581060082748375,-0.5363731085409307,2.0314130047534977,0.09473322179393096,3.8629668193621467,0.20501884620919764,-0.6575262817285409,2.7094165072464955,0.56948683544644,2.874672797853446,0.3388960826859033,-0.11104016092288678,2.179589178204163,0.2040302707272288,4.0664173305475995,-0.18926980941292873,0,0,1,1,1,0,0,0,1,1,0,0,1,1,1,False,False,False,True,False,False,False,False
329,56.081190382087485,34.70410382735372,4.237556687397602,16.683054685632808,Lebanese,-0.29857060204296876,1.487925529497744,0.20606763841134482,2.880882517944583,0.0201064834803666,0.8903652291550901,1.620796484374266,0.1601774455582133,2.2402247318157813,0.2312220600072118,0.2777521188503756,0.6856555831798758,0.5057745616862516,2.5399864892314623,0.43510059847282134,-0.8322210481605381,2.2526613087188294,0.229504029846064,3.811465951704385,0.33616651018311705,0,0,0,1,1,1,1,1,1,1,0,1,1,0,0,False,False,False,False,False,False,True,False
330,67.37552889072293,70.01429714196364,3.6929510428660053,17.463858032874974,Korean,-2.5080932778997505,1.2506813973333855,0.1426891135756457,4.337407221330565,-0.13987608183053055,-0.4057706160905982,2.1030939478562414,0.5295143888608067,3.72291273844327,-0.3375907367472863,0.8727359911771375,1.3300313769191947,0.43543624220837973,3.413924237892868,-0.24506569495592528,0.6393593799756995,1.251013424926655,0.49689367258888306,3.9692419219942607,0.29576576542876304,1,1,0,0,1,0,1,1,1,1,0,0,1,1,1,False,False,False,False,False,True,False,False
331,67.41984219488121,67.30480809096939,4.541988437980513,31.20430701476011,Ethiopian,-1.185082832286841,0.400588495890866,0.4142402049517364,3.805378719539625,0.3500087615009175,-1.0374390116762497,1.019774673349045,0.5621640066713984,2.415143429348267,0.07834702694052086,-1.3006529023428988,0.5556354520206713,0.15074372730964603,3.4385003851441334,-0.08504864601452951,-1.4928527070365694,0.561412539184593,0.3141510414689851,2.6463533745928767,-0.1478345105736085,1,0,1,0,1,1,0,1,1,0,1,0,1,0,1,False,True,False,False,False,False,False,False
332,85.33039727007309,52.7303882340609,5.0,30.76381226254966,Mexican,-0.854932064632513,0.5106890880763981,0.4297803911208084,3.02182094632917,-0.8754292779048415,0.6390480526856055,0.4933477929438383,0.22828851805197045,1.8658080101247578,-0.08041536367053685,0.10834819443619247,1.155345889386143,0.13035016255516763,3.962788775959629,0.47559683675452347,0.8932407256076426,2.180453370247385,0.17969753175996944,3.174920235794682,-0.19757067751905402,0,1,0,1,0,0,0,0,1,1,1,0,0,1,0,False,False,False,False,False,False,False,True
333,56.49407817294517,78.74203870988168,2.9157844749429866,11.486888274950328,Mexican,-0.4901495526084476,0.8450895656491716,0.23628633439761026,3.4094537401596896,-0.07300460608855311,-0.15651588438127956,0.9703255639758914,0.2263543392858876,2.925358543553196,0.18979175927863517,1.1640794711878535,0.7405399190301254,0.2487809658154087,2.0277290752213903,0.03108061295216535,0.9940434059018621,1.3113848085570472,0.4120410950411344,3.0695702575618324,-0.765537965424729,0,1,1,1,1,1,0,0,0,1,0,1,1,1,1,False,False,False,False,False,False,False,True
334,61.485185823528674,44.20573347185923,5.0,12.693828618805382,Chinese,-1.012162446469123,1.5541387432856433,0.23196401682654477,2.5468784944541185,-0.30149547473892924,0.3313928118573363,0.7909075507775607,0.17693445432703514,4.822230657590602,-0.21508850594835482,-0.6776962676313408,2.507560860023312,0.2048458715841813,2.799843047325314,-0.5106842279596149,3.0,2.764582255388647,0.058574402938902266,2.9078825948709937,-0.4742441143597393,0,0,0,1,0,0,1,1,1,1,0,0,1,0,0,True,False,False,False,False,False,False,False
335,16.112477034235372,51.05653646947365,3.6207019541234224,17.664333509749376,French,1.6331813662562917,2.412472566069788,0.19289739034148676,2.1731512376249156,-0.06619189008239844,0.32106659146014255,1.0422786825335777,0.46487355145255943,2.4024213562269296,0.14426061141519195,-0.626215209625339,1.7540223538921342,0.2201261756335066,3.579641477605168,-0.3084163826113776,-0.8937145659371347,1.5214478907147693,0.5781460918347334,4.016896493061684,0.00906446913382688,0,1,0,1,1,1,0,1,0,0,1,0,1,0,1,False,False,True,False,False,False,False,False
336,67.184307472858,62.85485229809187,3.8783236689631906,28.531981688562567,Korean,-0.16815642273750053,0.22812920416881313,0.3220892760559975,3.5524999457116104,0.4165553615591187,0.980989187780832,0.9856330433070343,0.3574304662330765,2.5847924665343864,-0.3325729278252398,-0.5676206907646931,0.5991745751418868,0.22995498589456706,3.8257968349365,-0.3858865275967398,-0.17634050543762203,1.5025708307647292,0.30346982385576365,2.870807320038039,-0.4035743251500531,0,0,0,0,1,1,0,1,1,0,1,0,1,1,1,False,False,False,False,False,True,False,False
337,79.118392084332,81.09068697996497,4.475044376031156,12.940238746415245,Mexican,1.2960508648088362,0.9067287126561759,0.2736605124211701,3.645969243995796,-0.316534643677281,0.6368153241843176,1.4039308614764547,0.29252870516013413,2.4329453843936224,-0.38942018378778087,-0.11345533440244814,1.3945182774986478,0.1586091089004149,1.211333940689428,-0.13308881887958515,-0.1421957600574757,1.3320216123297508,0.3207272896911417,3.0236025489542193,0.2206152440517305,0,0,1,1,1,1,0,1,1,0,0,0,1,0,0,False,False,False,False,False,False,False,True
338,35.18592613466964,70.61540037626332,2.8872215051165777,14.837050291099539,Chinese,-0.3382731943741905,0.7493095042642369,0.18381394002482324,3.066707978929476,-0.08517798129777986,0.9332622871580765,1.8711225318426794,0.2659056170175808,4.373839241766692,0.17057032357202068,0.789805472309328,0.9862425421688457,0.4374413479431466,3.8234784589337827,-0.23216293882290934,0.6152857935935406,1.3813983982421376,0.22343097771237022,1.5350715632877938,-0.3746491335541385,1,1,0,1,1,0,0,1,0,0,1,0,1,1,0,True,False,False,False,False,False,False,False
339,5.681181127667068,60.966123091146315,4.077439793782358,12.86056724767518,Indian,1.6542691097907953,0.9277619519053034,0.30024423969997577,4.288080248532283,-0.4051332951652745,-0.08268327368755289,0.7288037457921386,0.33634483297896955,3.033212893599059,0.030814724901192213,-0.30553579541323617,0.8122083439457853,0.5334208916581461,2.328173002930138,-0.4624751958218428,-0.21408138900894394,0.3995937041280647,0.47849484639758283,2.3305589473173756,-0.04455711967955862,1,0,0,1,1,0,1,1,0,0,1,0,1,0,1,False,False,False,True,False,False,False,False
340,3.517751682105519,90.89544992475543,4.018626275055062,20.94000568208996,Ethiopian,-1.2002767427885788,1.1283255794994926,0.3714442736218698,4.478577919384233,0.20048997278279065,-0.07749633494261242,0.866407172802768,0.2503824616065209,3.670449223744431,0.2701374441464785,-1.2703991700103283,0.5830328243099387,0.3321021178548388,3.3976222565225913,-0.30373503442813027,0.6157319782790013,1.108221768396852,0.264274341512709,3.5024621093534427,-0.0919232021379349,0,0,1,0,1,0,0,0,0,0,0,0,1,0,1,False,True,False,False,False,False,False,False
341,48.87998813255807,90.14148887228689,3.5810144318810826,23.246938350324502,French,0.5996606397728095,0.5874681960183976,0.34454423338306994,2.69879210298864,-0.055444974788648155,0.4104307903570139,1.2485396789964798,0.5871835303588135,2.507870824315696,-0.16113543141407485,-0.6156534939648953,1.6757233853999742,0.6481030339487127,3.0497679374928484,0.14854844559124358,0.4541987002347756,0.8160372390043615,0.04582252950770742,4.735657828209338,-0.19400120945783791,0,0,0,1,1,0,0,1,1,1,0,0,1,0,1,False,False,True,False,False,False,False,False
342,51.85191778012723,58.88554835609716,4.2367250403780545,21.444677015596387,Ethiopian,-1.3299641962901436,0.44002878571823045,0.3540529811066974,3.267157812556936,0.32390345904884366,0.2752774047550023,2.153529795953464,0.16587037004986763,2.399760355997975,0.6654172883463904,0.8830801145241808,0.5672072036193565,0.11981343751810329,3.3770883315706746,0.1001898857978511,0.16328697494451305,0.9196466311917285,0.21796950945493954,1.2455944525161124,-0.04675079179605787,0,0,1,0,1,0,0,0,1,0,0,0,1,0,1,False,True,False,False,False,False,False,False
343,27.9834817280059,35.79058271036185,3.465868941589308,17.51266486134617,Japanese,0.4420576690486375,1.8436898211721593,0.25529734654486824,3.45832635471015,0.5236786932732757,0.5252072469388573,0.8356368551114675,0.49589007233536164,2.8825997782439554,-0.19599384876966772,1.7042765800680566,1.8172888466841912,0.16831008173590603,1.9206517460637214,-0.003926499974496787,0.3031474360730999,2.2787285025778656,0.3788503619951986,2.570965675663321,-0.30085127533621087,0,1,1,0,1,0,0,0,0,0,0,0,1,0,0,False,False,False,False,True,False,False,False
344,55.842291676154986,56.09215382230575,4.038149712303982,22.614579938394183,Mexican,1.5867044483506092,1.5715146568691134,0.12537110298938825,1.5485385363984678,-0.7055669765916592,0.39870810128923884,0.30747236856138493,0.2207142354486958,2.939026294940603,-0.4832050251265508,1.0878233127641996,1.573108276439902,0.3075576936657861,3.4887181668644414,-0.8596264399992246,-0.6001869723133084,1.7185740564597516,0.0921791278127917,3.355761064206218,0.3212241644986071,1,0,1,0,1,0,0,1,1,0,0,0,1,1,0,False,False,False,False,False,False,False,True
345,48.724923997670956,97.79329649378754,2.7353295990074002,24.496046473742705,Mexican,-1.6339945804982015,0.7668374463503195,0.1098091189925558,3.99078860002225,-0.5992406554279894,2.1934507085803965,1.8645509040276216,0.3646233503525091,3.668244915189225,0.0608106915558488,-1.3286572162316252,0.5973885149251458,0.39004002647882585,2.9727463322610097,-0.1563559540689682,1.0806478024372022,0.727650768538784,0.16090443416297684,2.4870294501323857,0.15581838520975294,0,1,1,1,1,1,1,1,1,0,0,0,1,0,1,False,False,False,False,False,False,False,True
346,36.19947707863247,87.5085044015805,4.459477512296686,17.054321224181,Korean,-0.871977598124169,0.9193331643312419,0.2069592830896814,3.8617330841523496,-0.23231662033153136,-0.15928286084006013,0.46292059876993513,0.4640595809386361,2.614620859584999,0.38999715855879935,0.03321685262504165,0.29274404923084413,0.14483582074040885,3.078088037233354,0.11842434454021113,-0.21254043233266465,0.7223464293498572,0.21366515312863074,3.887438172158956,-0.1077899076350848,0,0,1,0,1,1,0,1,0,1,1,0,1,0,1,False,False,False,False,False,True,False,False
347,49.52720854078496,48.6756460282206,4.7454647773413265,14.591647107206677,Indian,0.24524478565021116,0.6477248006918234,0.15144727827118873,3.390777338382056,0.007278535891105153,0.5147088072060018,0.8054102752318281,0.2707811089463746,2.9813573997169494,0.012178422281474829,0.3816343243389843,0.9082873709842563,0.11130261079030875,2.901267860193506,0.18103935773581534,0.9030370300100709,1.3673981928378118,0.1030411829507739,2.797791433240889,0.03234953972276378,0,1,0,1,1,0,1,1,0,0,1,0,0,0,1,False,False,False,True,False,False,False,False
348,95.75122404774191,38.457162680887066,5.0,20.283931734292757,French,-0.1859278763957235,0.41717289293865695,0.12354106692723085,3.0630815439112546,-0.2744070054930666,0.16829810194665284,0.7638222522885847,0.5018881641586803,1.8088085637807825,0.3046081002807832,-0.7640542886981231,2.4165992343325953,0.08384631432885623,1.923481113599068,-0.22821537108916526,-0.6052630762917857,0.987307237114962,0.3434726614420289,4.303713778858456,-0.41645824568841056,0,0,0,1,1,1,1,1,0,0,1,0,1,0,1,False,False,True,False,False,False,False,False
349,83.78901603774605,68.52707975847258,3.424863415574006,15.384787703988504,Mexican,-1.3690440007505713,1.4737681780665184,0.06371200024770053,2.7881695408095233,0.16571882764503848,1.3705298784765025,1.48803287926068,0.2511530631912616,1.863416325333429,-0.05864917086165067,2.3479432862390195,3.3148056218604007,0.26715613782180725,4.528223809395931,-0.10909684490622515,-0.2942117826626253,0.6340814961244897,0.36216391961970407,1.9341178435140018,-0.2458008104123781,0,1,1,1,0,0,0,0,1,0,0,1,1,1,1,False,False,False,False,False,False,False,True
350,31.654255780653195,20.39605779321876,4.491171084776711,28.244629194776824,Ethiopian,1.1566889631183457,0.6571562172277102,0.28156784530021045,4.187004892137052,-0.042906409218573006,-0.7288007287688346,0.3422766376984785,0.07180507163982144,2.217483966646167,-0.4804106374738417,1.0426392355211183,1.5995324666201511,0.22534560143368892,3.0120005136719556,0.09291085515154876,-1.380590430710573,0.931523172670883,0.12563658674159042,1.7921655613507632,-0.1162151953948732,0,0,1,1,1,0,1,1,0,0,1,0,1,1,1,False,True,False,False,False,False,False,False
351,94.90612661965994,84.08271792412789,3.7854091045273646,18.91994813945622,French,0.05231493016737879,0.4976454120406427,0.13758170247655246,2.595569742752454,-0.4422718972559674,-1.2039041169064675,2.3331463617785144,0.44455772850721664,2.873905893440554,-0.32565417746327846,0.47237247824941775,1.053155170342814,0.15874268956298343,3.6707329218503304,-0.4175522332308395,-1.5652695174868767,0.5008810530148913,0.33760313053164137,2.889994445024973,-0.36043400548850535,1,0,0,1,1,0,0,0,0,1,1,1,1,1,0,False,False,True,False,False,False,False,False
352,87.48790789887398,32.005151075612545,4.748547427763354,29.614290947580603,Lebanese,1.2935507885939366,0.68392718170285,0.3602255396042411,3.412974811139992,-0.0333871594904333,1.2292950864942251,0.8116499975894436,0.20983824012350824,2.804918245642626,0.0013701073004882963,-0.7774437319635474,0.5659490618847219,0.4864668320106324,2.445682793113264,0.13374898187234355,0.1800942622376328,0.923603517614218,0.0697977682341744,2.870002051030188,-0.1212037833844787,0,1,0,1,0,0,0,1,1,0,0,1,1,0,1,False,False,False,False,False,False,True,False
353,5.726995065657814,19.84257049204029,2.769317384429285,12.859491833126363,Mexican,0.3186222562782197,2.7033393884348604,0.43049942517062806,3.0248353474860656,-0.3206399805526025,0.7795501213121446,2.1573900439582565,0.448140654090048,2.819544319133369,0.4617687079045341,-0.008504302334138656,1.5894778722620786,0.2714441633768817,1.576637225708842,-0.44754847883829074,0.9838223302282967,0.7651620806491568,0.3665024657980155,3.7797038174656303,0.38189056502242297,0,1,1,0,1,0,1,1,1,1,1,0,1,0,0,False,False,False,False,False,False,False,True
354,39.52899460026872,32.334838406218644,3.49239936027026,16.549677160599085,Chinese,-1.153398304579039,1.2982906264510141,0.2918853612985803,4.12339834725113,-0.41018541462025265,0.21573635895744622,0.8778316438041684,0.09365138809140716,2.8242679961177077,-0.12319725528118958,0.6940251836105359,3.6385849125186827,0.24296453866427373,2.3771779642085287,-0.00022610811991309005,0.9630941665287904,0.7294411849067252,0.2803190134744282,3.679176052044363,-0.48385253284465335,1,0,1,1,1,1,1,1,0,0,1,0,1,0,1,True,False,False,False,False,False,False,False
355,37.941232917893686,88.30227586499902,3.937130079643387,16.780745099828096,Chinese,-0.48124193664901377,1.143139430644761,0.48639299844636785,4.266879924508177,-0.09088975946604186,-0.731836617900309,6.201496170685479,0.14108008684106865,2.6394224933337957,0.11310825865136835,1.5364094327617601,1.2001132162694985,0.49325432274471187,3.6090441884631423,0.2878271836949531,1.4181799257808727,1.1510836112141762,0.5305989272317011,2.50289733024707,0.00028578601206629095,0,1,1,1,1,1,0,1,0,0,1,0,0,0,1,True,False,False,False,False,False,False,False
356,33.8474673917892,0.7690249168720409,5.0,19.668381543661635,Lebanese,1.3820987236420772,1.0459948088358402,0.11494038273358863,3.201828618072312,-0.12056530243696988,1.2908186921772953,1.167272386931808,0.5003167220972266,3.5902042393469475,-0.29512668343724396,-0.7851655614427137,1.163519183261288,0.543232935642471,4.028397087514391,0.017204121727824418,-0.8114756106640784,1.0508418217352995,0.35540192326078457,3.1231377865274914,-0.3324867864065974,1,0,0,1,1,0,0,0,1,0,0,0,1,1,1,False,False,False,False,False,False,True,False
357,25.137918536736336,55.58239682599337,2.6517707470915552,18.657235838507976,Korean,-1.3858582540686621,1.6788017611212678,0.13587535948848023,3.101234785347499,0.1848134973408418,0.4552512030925286,0.8816150564878151,0.24295133288284312,3.8828522725769874,-0.03137548489117902,-0.5512396888302974,1.1284991708052,0.14839975135942712,2.9291153239354273,-0.2979414651845293,-0.3203995507668812,1.1693226894410673,0.2721322512015788,2.696645704689353,0.5129601823026675,1,1,0,1,1,0,0,0,1,0,1,0,1,0,1,False,False,False,False,False,True,False,False
358,74.63804314117105,59.712957036608294,4.580711886237008,19.39171752759484,French,-0.4657971602848702,1.5500822515044186,0.3780359483598848,2.1242466205716464,-0.4771433493369762,-0.5713278898073026,0.6988701241729478,0.03521490105064356,2.8687287168441795,0.2943349400923957,-1.9671734569900965,1.1843294426769848,0.2417084829698586,4.1946695130139915,-0.1421975774612647,0.19193768560530114,3.651641219179863,0.28773735981795917,2.9268654105335683,0.0904163184489086,0,1,0,1,1,0,1,1,1,0,1,1,0,0,1,False,False,True,False,False,False,False,False
359,70.85354222835628,80.33639506986808,3.9646831335486223,23.34812604709147,Lebanese,0.6006247234704005,0.444226731072334,0.22139192602863408,2.250096928769973,-0.5269082799216204,-0.4654005850029552,0.23870313867708337,0.20814540981843563,3.2174554141655918,0.13771558408443696,-0.15492321095794062,1.4861262354459581,0.18005085337226379,4.049234047456276,-0.15893669563206114,0.4281447146740178,0.7051371421443108,0.09488771697499016,1.2151625581039862,0.07162608838375674,0,1,0,1,1,0,1,1,0,0,1,0,1,1,1,False,False,False,False,False,False,True,False
360,86.42739218917026,76.6585624328013,4.294362472585657,21.04046641120999,Indian,1.0150264673360454,0.8531417304511035,0.4412536968200366,3.363372092070629,0.16712718049909228,-0.6325708138998423,3.0088045105694428,0.41372596061648736,3.2556160669927294,0.733654766635855,1.0709739119154982,0.6666456547071328,0.36334829315018435,4.0367994728396415,-0.5539759860203851,0.44797240227405444,2.019821010051237,0.3560317651489452,2.2301266499070707,0.37798058987389144,0,0,0,1,1,1,0,0,1,0,0,0,1,0,1,False,False,False,True,False,False,False,False
361,60.77946295983468,52.76055908020611,3.5645305136012526,23.591512159522118,Mexican,0.8273610894383678,0.6632955294998344,0.20989188174546827,3.42290540259987,-0.1092967095116849,1.413624136535604,0.4431719172299745,0.1603091781847464,1.4481974474735744,0.10007241706700258,0.23963784686662165,1.346098562563864,0.19350846180444894,2.6877246534401196,0.26000230144690356,2.907154335600562,2.7213802768051965,0.06974224630412287,2.844698152509127,-0.08634970878995518,0,0,0,1,1,0,1,1,0,0,1,0,1,1,0,False,False,False,False,False,False,False,True
362,74.2906555348738,99.33046142816268,2.7997348390674386,18.35057221854917,Japanese,-1.4742026834577786,1.1262832128985607,0.16586566931434463,3.0948992528318255,-0.0686210154130391,-0.16727322522196955,1.2238515485644523,0.31738306338639416,2.603150708554678,0.2747251231597459,1.8431011228757244,0.6369923650655543,0.39427909257937144,3.0247375985060034,-0.1758062325590323,-0.9189734181108911,0.7030962357165096,0.24656667236303356,2.4308095765126643,0.07791809657987372,0,0,1,0,1,0,0,0,1,0,0,0,1,0,0,False,False,False,False,True,False,False,False
363,51.07411187837104,74.55852108706719,5.0,14.825252223781046,Indian,2.0863777198018134,0.9496201444478997,0.43414806906751324,2.1086971859867996,-0.09490984472345358,-1.0161314531707264,1.8046263298132563,0.1613010606619855,2.685852753300899,0.5093677131455405,0.6011751900579471,2.2588947316751855,0.11267673127795662,3.2373378311547687,0.08215701337832237,1.0752768057118791,2.332731778524072,0.1581333837724739,2.5459282933363316,-0.26949751965130486,0,0,1,1,1,0,0,1,0,0,0,0,1,0,1,False,False,False,True,False,False,False,False
364,11.03247130841879,17.82261430003247,3.146363364109289,16.31253470727993,Chinese,-0.164667521296398,0.289618567867709,0.34518113184269383,2.2970825633526513,-0.4988494170624453,-0.5796588591511999,1.6848151597337715,0.40350317093737037,3.633740827956725,0.09141143731157202,1.755098152284863,1.230089825088556,0.3956559627935248,3.1482088107707757,-0.37808342453394633,0.6089201382827235,1.2549735102939774,0.2469975503201909,1.9085125376108203,-0.34223760800290154,0,0,1,1,1,0,0,0,1,0,1,0,1,1,1,True,False,False,False,False,False,False,False
365,53.08963481312442,98.95941853561521,4.122170418126129,18.58349502592762,Indian,0.012235653693513508,1.99494032502323,0.1318685459208166,1.0,-0.4014268403609037,1.1212769248580432,1.043196633995855,0.5175329046068133,2.643164337136068,0.21067064820646544,0.7061447051513191,0.2878499635580275,0.22243194693986884,2.3276583972466165,-0.030114706543594254,0.8267938918517813,2.720757527932223,0.16526048289674827,2.6173002016836713,0.06879958119923749,1,0,1,0,1,1,0,1,1,0,1,1,1,1,0,False,False,False,True,False,False,False,False
366,65.90299536430936,15.627424730336703,3.1658335634989077,21.805038449302934,Chinese,-0.0030090790940214035,1.1563503378371884,0.16753646500982095,2.892496577615048,0.0690906906344121,0.619557647976105,0.6945480784882987,0.27442575221355575,1.7804959611791247,0.6176889905896731,1.709589780360305,1.7654199320458697,0.4257618240590183,3.0140849521543074,-0.04295173064099969,-1.3273979497217643,0.639317966252233,0.359271913644352,4.3421882694012055,0.3883553009480489,1,0,0,1,1,0,0,1,1,0,1,0,1,0,0,True,False,False,False,False,False,False,False
367,14.780956209000095,0.5522811118141235,4.214385858179228,15.837122260638798,Indian,-0.23195084361277807,0.33983807148286477,0.2175725284826342,1.0,0.014063805574131682,-0.7023893007298988,1.5490623912237385,0.05643670485590999,4.358341637419475,0.0062186129255515895,-0.5364574567020821,1.0045153323596376,0.2243752867108438,1.8265477092170952,-0.2061021331048069,0.5156098724882121,1.1713113891933886,0.4102472761337292,3.9841477619229924,0.28430337969856007,0,0,0,0,0,0,1,1,1,0,0,0,1,1,1,False,False,False,True,False,False,False,False
368,85.93716531904721,41.88270839057678,4.946108822708064,12.667464146067019,Japanese,-0.9670981468987875,1.9827004258344434,0.46533153473705835,1.4408643222215511,-0.08849700231971452,-1.1608880254040164,1.0088702034792913,0.15113255922078284,2.9513552444174893,0.26298365435860205,0.7767319458045515,1.4485521494295839,0.4949993955723565,3.0111044775888183,0.3539289096671489,-0.09295693572968025,1.5329060514592325,0.3772688007644679,2.382664822259817,-0.004085353460893623,0,0,0,1,1,0,1,0,0,0,1,0,1,0,1,False,False,False,False,True,False,False,False
369,93.76656505924949,28.218034619361266,4.255496473009497,20.400061282418864,Lebanese,-0.3269602794870085,1.060184642995017,0.24760013652975155,2.167255940770295,0.22312564115162978,-0.5793286711447387,0.400703439743145,0.6288089108574443,2.040674465444206,-0.17712240036545152,-0.1326681924914113,1.490624854790846,0.09442854292619732,2.0703910370537826,0.09223768265613008,-1.2789403666341845,0.36673094206577744,0.504113937860687,1.4572797088892233,-0.02102907351938527,0,0,0,0,1,0,1,1,0,1,1,0,1,0,1,False,False,False,False,False,False,True,False
370,25.385292959646954,80.82952032510806,3.5021624860196954,19.85832491501351,Korean,1.3223417590574935,1.312116052498225,0.4024164660790151,3.715849081349039,0.43103230114298613,0.27984073548641275,0.5798609587421074,0.36889618549475894,2.620227746141416,-0.12923257760393905,0.7255558960315326,0.81990850958171,0.3750123521998327,1.0,0.11306720866890867,-1.5551860782417641,1.0387265419342837,0.7438371207425757,2.663097545701706,-0.07052339606052632,0,0,1,0,1,0,0,0,0,0,1,1,1,0,0,False,False,False,False,False,True,False,False
371,24.033866685288075,68.6128403773893,3.896889865676133,18.69051191284018,Indian,-1.3621455007427083,0.9993640277857548,0.5676655825201239,1.9753224643068292,-0.06036992831985505,-0.40960178505973943,1.559496227122442,0.3372065204768545,2.894194844574193,-0.28484356108988274,2.879112100753405,0.46931073147021407,0.23198126245450315,2.6754500187281267,-0.5778229946503775,0.3745888836372464,0.6876279020800674,0.4438214544296156,4.572360431057873,-0.2572030152338906,0,0,1,0,0,1,1,1,0,0,0,0,1,0,1,False,False,False,True,False,False,False,False
372,12.93189518411756,62.44979612498555,4.285981946038676,25.518121399954723,Japanese,-2.4322541067346033,1.0822892710048948,0.25620693578727394,3.4103721118543495,0.18490051092405932,-0.5697166922078556,1.8538825166403554,0.2420010772712248,1.8556310329097314,-0.37504165860180727,0.6457987547310543,1.0632689981064432,0.2099497632483952,2.196509345248603,0.4487274086701886,1.5405003980725422,1.9621809001678123,0.23403850405837617,2.1437784100425374,0.19695273312419578,0,1,0,1,1,0,0,0,0,0,0,0,1,0,1,False,False,False,False,True,False,False,False
373,99.9863472508978,72.17947090235394,2.8318124290500752,20.574189099951408,Japanese,0.5349728872363971,0.7184971411404782,0.3338834248589819,4.44657774058855,0.29713864940853535,0.02090259824268652,0.23369848958540848,0.047731927945177506,3.759516135333032,-0.30400955172789673,0.025596306353351316,2.1705635531285306,0.18469811242382642,3.3710532912255236,0.34202992409270566,-0.4349951440044471,0.4772734051628528,0.43490452194332446,2.950595093694024,-0.38721628657432716,1,0,0,0,1,0,1,1,1,1,1,1,0,0,0,False,False,False,False,True,False,False,False
374,53.77390219381585,17.70917335676848,4.431710109629056,17.758750789629442,Mexican,0.3376592166371596,0.35260742218507746,0.3517514308674969,3.4697138347241028,-0.03948502273284807,-0.5761437360292535,1.2678860913699037,0.1776915903944905,2.829488807345455,-0.18846922694620014,-0.15341937394364016,0.3060398625218228,0.6200856278121399,2.409980815061819,0.09132974446389387,0.10305711257969531,0.8326217204110862,0.2989252319935277,4.408554198664225,0.24314309527550157,1,0,1,1,1,0,0,0,1,0,1,0,1,1,1,False,False,False,False,False,False,False,True
375,32.44150018066861,40.15360234998605,4.110288961275213,23.116499918302598,Korean,0.7278632039532988,0.6686094109090869,0.0647696166655255,3.3609848695220776,-0.06372438370545434,-1.1037203655802506,0.8995183128365195,0.29394501717262883,2.3551914332804884,0.3276286279117755,-1.3208300402714264,0.8698046334496811,0.4489403827441644,3.669535265422062,-0.23745106627511092,-0.10220973217727604,0.27691494674230815,0.12162327085181529,1.9225708180527983,-0.4757572325674857,0,0,1,1,1,0,0,1,1,1,0,0,0,1,1,False,False,False,False,False,True,False,False
376,34.88889141236905,31.429507166923564,3.7563547271051276,20.306492559530007,French,1.7271905511744374,1.0895503058881526,0.033166017033935805,1.9423269271909605,-0.35030017021597865,-1.4099869275494818,1.8489499585765297,0.08446261890394036,3.2082753897827554,-0.4166873032631104,-0.6285533880529066,0.4437438582440749,0.33227607152325206,4.535658750494264,0.24868894607346298,0.27726108758071616,0.7066620739157063,0.06669656415355452,2.9160899987102016,0.35313235380866564,0,0,0,0,0,0,0,0,1,0,1,0,1,0,1,False,False,True,False,False,False,False,False
377,16.530071449665506,96.39729452863767,4.4640307847510465,22.538997005184772,Chinese,-0.7252909547969476,0.997843196244915,0.20039994060963068,2.6244260395137804,0.31416105773596137,-0.939964472074622,1.1041650789053228,0.5940786168902339,2.9563966013272927,-0.1999342635775056,0.16013413207015256,1.4692221243917851,0.05988596786192965,1.40096116343922,0.39980845693786166,2.1954985642185916,0.4118263156721072,0.18924738242213948,1.5940998730479772,-0.09583454596190967,0,0,0,0,1,0,1,0,0,0,0,0,1,1,1,True,False,False,False,False,False,False,False
378,23.901808224787835,50.899524731617,4.4238927525171325,21.972109833791563,Indian,0.17716218430585454,1.4506314513920557,0.4301474916007442,1.5579576194032096,0.11770269653827138,-0.7222521473877197,0.9076341249790649,0.2908877933439353,3.7548619432269374,-0.06151979583340402,-0.6799876206643732,0.68658342719997,0.3861400814775092,3.5326324299516365,-0.18393612844154833,0.5811042219164121,0.47877062859684316,0.014751573818534335,2.8577493170449104,-0.29380269486203053,1,0,1,1,1,0,1,1,0,0,1,0,1,1,1,False,False,False,True,False,False,False,False
379,10.940333965552663,7.047182557351695,4.021568645738581,20.495169743770155,Lebanese,0.5025693314840128,0.9172945889607174,0.3661375838163016,3.3842148307116102,0.02769206078839958,0.25152471770623414,1.8734092881776017,0.14379191804067262,3.81124842109941,0.22820410993976473,-1.8812174037851477,1.0079939394635082,0.09187620827516314,2.9871927117389356,0.19928250339674677,-0.0029297212673323257,0.9355897580310377,0.1581913012601258,2.8243596407960014,0.19720839525264225,1,1,0,1,1,0,0,1,1,0,1,0,1,0,0,False,False,False,False,False,False,True,False
380,76.1528351529372,6.091371754714203,3.840152286565862,25.01730668015068,Lebanese,1.231624180190663,0.24566568419171525,0.35001123770258413,3.325355632258326,-0.2056005886702098,0.07851605836594927,2.089677742117854,0.06826339863747016,3.3454346289046466,0.30815719812558773,-1.0206327174398924,2.1777730143764416,0.06460524752893443,2.800447380098678,-0.24672925214031272,0.33864483336252593,1.2219533766459199,0.6222124275707717,3.3756983140236185,0.1695156510493919,0,1,1,1,1,0,1,1,0,0,1,0,1,0,1,False,False,False,False,False,False,True,False
381,53.56209654734286,15.664407210210761,3.5350844888970667,22.363902942377454,Mexican,1.025922920512373,1.5194038958992078,0.16837208879486565,4.0228858814751725,0.3057585582841717,-0.8372451402853658,2.164248951385676,0.49224104579293454,3.10096117550849,0.2830768694187914,-0.21187191561769564,1.4748447093149624,0.21822341520074848,2.5815235084381913,0.39619570905537416,-0.42136542463533716,0.5689469782631299,0.2004448600761461,2.363942193058738,-0.2298223781796859,0,1,1,1,0,0,0,1,1,1,1,0,1,0,1,False,False,False,False,False,False,False,True
382,35.58128624416147,71.32602412996442,4.3319119994049915,17.1472389015402,Chinese,-0.843008707002265,0.5903427215359144,0.2271037537143365,2.9405829125916547,-0.4922711400182559,1.0947950087973897,1.072321245373024,0.07174398874076683,1.549266650346489,0.34716677250047634,0.1201995702121691,0.6394324499282036,0.22047261900118417,3.8493298438300054,-0.1660650171260341,-0.4923852764766813,1.3079513482716578,0.5338217339437779,3.7700957477267694,0.07257666093985961,1,1,0,1,1,0,0,1,0,1,0,0,1,1,0,True,False,False,False,False,False,False,False
383,84.68414971390263,55.58566080236857,5.0,23.511046000412097,Korean,-1.3775037564323172,0.42524042185228755,0.4875996994279181,3.1624012426420123,0.20184669324209858,-1.2141961682760878,1.4574814832664857,0.22627154962146767,3.215661503540032,0.4588608229845911,0.028351445526361145,1.3115382892832932,0.4816987655283626,3.133135800742083,0.4365417720765028,-0.002225504771027306,0.5410712885744712,0.05514929523115629,3.7665110547745684,-0.011480773997094813,0,0,1,0,0,0,0,1,1,1,1,0,1,1,1,False,False,False,False,False,True,False,False
384,3.5256811471496396,15.55207882479518,4.462136152074111,17.009540262458213,Chinese,-0.27268000011220705,0.7938521126388629,0.6892703184987798,2.2157708329615384,0.33281231698894015,0.9599648893189976,3.1813619561928705,0.38107626059371214,2.277312498831322,-0.0028120968253488284,-0.4728207989273769,0.42173024774146534,0.28123178590419634,3.3271669263945056,-0.33415057648235746,-2.5375656505819504,1.074202308454356,0.28940507822074885,2.3904247665916736,0.07580950371940859,1,0,0,0,1,0,0,1,0,1,1,0,1,1,1,True,False,False,False,False,False,False,False
385,78.4778844575789,56.86369275209685,4.594400230225983,15.247548219848401,Japanese,-1.6128692382025145,0.4185773642515664,0.22977095802992023,3.241318221254433,-0.033632781746248,-1.1678003684040228,1.0057923193327445,0.17868459673943426,2.5160001117858917,0.23214628121649156,-2.0157372364820514,1.821237973257762,0.39589467227033487,3.1354514019769124,-0.21431946813181343,-0.03243568709139231,0.8113818168404506,0.2826957785828317,2.497411482238072,-0.3863403489335427,0,1,1,0,1,0,1,1,0,0,0,0,1,1,1,False,False,False,False,True,False,False,False
386,23.51618033642585,70.90878069882572,2.987008576285871,14.008981449720103,French,1.1095451162241716,1.2007186215212724,0.18401430768030244,3.8805245507098456,-0.3193162912443217,-0.3340898941312843,0.683846242111357,0.10517902353346252,2.328707785462645,0.04370840277578326,-0.545221320412695,2.0344718331159135,0.20145903529051248,3.738733666722811,-0.14064195627988627,1.1458377619772322,0.9164194908027677,0.3072755752916677,2.6976055617130372,0.32604206806205743,1,0,1,0,1,0,0,0,0,1,0,0,0,1,0,False,False,True,False,False,False,False,False
387,58.12105012004108,73.84599375412381,2.7718239700925213,19.37171385417489,Mexican,-0.39478950223027476,0.5466187844028834,0.08744343989677769,3.312451309983737,-0.32443310665893116,0.8274242236885915,1.4223750154965382,0.14208006771650963,3.8861511556301576,0.48208336127218265,-0.013682590997782329,0.5763994350418462,0.5112481370524918,2.021531324468022,0.00853993458610377,2.1683857038911953,1.3635307901578433,0.1657669143501317,2.789944135408939,-0.23290706620436408,0,1,0,1,0,0,0,0,0,0,0,1,1,0,0,False,False,False,False,False,False,False,True
388,51.051688614766654,56.50164641496056,4.529402090061025,17.635372659153344,Indian,-0.35611197472224787,3.1501418113277624,0.20656427592948293,3.5694018352378976,0.2379558564979879,0.8650170058117177,0.6087471683526942,0.5375364725091465,2.91713214972197,-0.5852907063178471,0.3795761077736093,0.9925387875807635,0.3254989968663634,4.120647019547167,0.12001647504314143,1.1908110524455828,2.7500612364431425,0.46208867365995904,1.8646041269502114,-0.4333519330649846,1,0,0,1,1,1,0,0,0,1,1,0,1,0,0,False,False,False,True,False,False,False,False
389,6.770630228453756,98.84251926267997,3.5321163557268305,14.467706299361732,Lebanese,-0.8899950964908588,0.8243587864956573,0.19417113521367035,3.0092513284186793,-0.055208067444153776,-0.8554049436745027,1.9309155273021439,0.41565161102654397,3.5866940632418425,0.07775896525091837,0.8172250794817478,4.034836519285369,0.3711085094693294,2.92411041163142,-0.33826023713647635,0.918201798989586,1.516480946963713,0.22596059237524158,2.2576723893951627,-0.18502094007764355,1,0,1,0,1,0,0,0,0,0,0,0,1,0,1,False,False,False,False,False,False,True,False
390,58.96341910048755,67.23815410010967,4.929439594917637,25.516906666036416,French,1.5235430210339906,0.6827834268174032,0.44150831841448035,3.3243149649986306,0.21319217630869738,0.07181684249859324,0.6515521524631712,0.3396345599370363,3.597655089146081,0.3171117085978406,1.97552217662123,0.6355643304243678,0.13046120250058424,3.093654492861441,-0.13863501874044928,-0.9920868677886867,2.2175449089941557,0.297511865905585,2.468827825200962,0.18023581937008848,0,0,0,1,1,0,1,0,0,1,0,0,1,1,1,False,False,True,False,False,False,False,False
391,7.104393737098935,74.35566720078016,3.825967523731738,27.06066204330174,Ethiopian,0.28785430365757125,0.6427662259922559,0.6909434502823002,3.0474399638902754,-0.22699245727383968,-1.1259548357408058,0.8922000819272252,0.2845657168207665,3.629752669139649,-0.09313293253452735,1.0766638663541703,0.6440426460568145,0.35554235055573796,2.402675018354823,0.37872870555339866,0.3086165967539594,0.6855502615686802,0.010329464910120595,3.350731111313247,0.3051609972022112,1,0,1,1,1,0,1,1,0,0,1,0,1,0,1,False,True,False,False,False,False,False,False
392,84.68339053587496,70.52209289029362,3.8800258299311814,26.36177766176564,Chinese,-0.41233891618981383,0.25584115034701665,0.23100895192616439,2.2684001809499947,-0.3730548157951504,-0.20630936489585003,2.193993034301513,0.5850601394902631,4.01748715803794,0.446177670661426,0.4417685704773804,0.568420310047809,0.42443758174597446,2.918376497873302,-0.18418966118605046,0.349735121125697,0.2764989185790705,0.3355228881832816,3.219981530582444,-0.320232500927067,0,1,0,0,1,0,0,1,1,0,0,0,1,1,1,True,False,False,False,False,False,False,False
393,58.360901238903004,2.3347715885561837,4.339636312666182,17.124598625186877,Chinese,0.6114326014426704,0.5627034392943622,0.22928215608848146,2.897409227567549,0.8302315888269796,0.42158037241025487,0.6234795291526949,0.4771684256688904,3.561485956011774,0.13149580438383557,0.17604089559254846,0.4983987549653892,0.27498059800346986,2.4238855713759584,-0.25619340302472554,1.9609501049288325,2.2962458924517364,0.3077185429344382,3.978036426074313,-0.31746381804425583,1,0,1,1,0,0,0,1,0,1,0,0,1,0,0,True,False,False,False,False,False,False,False
394,3.1420588547423023,65.34552732977453,3.7013119046454337,12.552709271148773,Lebanese,-0.0854758924807994,0.6020240885802055,0.21677204175408687,3.555535629116184,-0.2927437430449266,-0.5522897496368047,0.891864133436331,0.3910999898958362,2.450817457901892,0.07226797805153319,0.539281837398418,0.9242957758359637,0.09549137076344943,2.7672631276140502,0.3490647984028997,1.1677302856144334,2.45602148053377,0.29719062460503964,2.735244486802461,0.10235438934541231,0,0,0,0,1,0,1,0,1,1,0,0,0,0,1,False,False,False,False,False,False,True,False
395,58.2681285308329,62.573176157982545,2.1897436187000556,29.672631994901863,Mexican,0.5934978736177409,0.7815774842389451,0.5521664855653139,3.2396282261272598,0.22665258667516602,1.481051975506123,1.4005626210406152,0.1591600257766709,1.6693394159339467,-0.018524771913039726,-0.18249743820149908,0.22803534051997135,0.12655215366487207,2.713548840770345,-0.2627872421780824,0.8012192474883177,1.6450013491772422,0.10705460849199672,5.0,-0.39037994610003446,0,1,0,1,1,0,0,1,1,0,1,0,1,0,0,False,False,False,False,False,False,False,True
396,58.05084723748776,31.342794789384154,5.0,24.97769191731061,Ethiopian,1.3188113624692468,0.2462659654088338,0.0683451608555499,2.8762065485277937,0.3317890019804275,0.49592591321345436,1.3589996931930823,0.24642457582839622,2.9136583041418063,0.3322313878657917,0.27018685244851653,0.9674876212547173,0.20009488509467985,3.7319985976282446,-0.19209195392520145,0.3813830694209154,0.2701660245836413,0.19312999919258655,3.5738447431715863,-0.04948289851915429,0,1,1,0,1,0,0,1,1,1,0,1,1,1,1,False,True,False,False,False,False,False,False
397,86.78168423612317,53.462606756066954,3.7491395536165655,25.202934491200313,Indian,-0.2648842620253546,0.9809369384414698,0.0694492742970758,2.2772142371599537,0.0024465559361319103,0.6826733285329928,0.4542201318386827,0.08468715237146814,1.664979166272018,0.3219453610486069,-0.5072963895012851,1.1698587117666597,0.1123636326387682,2.7638719787796773,-0.18765737198242022,-0.6798037857164005,0.9060819630844684,0.2532763311994388,1.9033434941871312,-0.38271762805498755,1,0,1,1,0,0,1,0,1,0,0,0,1,0,1,False,False,False,True,False,False,False,False
398,4.654079362983254,73.18904820371156,4.350386795164119,17.05071043963438,Ethiopian,0.5121361702588696,2.10385001929697,0.19076227391198095,3.3870302416647284,0.09129155733145779,-0.5653767499651815,1.929830006101148,0.08188111244302332,3.297017895691725,0.10521566361817562,-0.14929577080287398,2.605571353721293,0.11995709342062327,1.3206958216070337,-0.7133256521327495,-1.813012052070084,0.624908614299367,0.49532177718932696,4.253679362437912,-0.1418888208446297,0,0,1,1,0,1,0,1,1,0,0,0,1,0,1,False,True,False,False,False,False,False,False
399,76.1785106571364,93.85951713096294,3.519157753064106,21.90813183838462,French,0.47788562938351886,0.7375606196831377,0.08126679608762373,2.5547116588423378,0.12683087385162212,-0.13180546925064623,0.9823362849426495,0.2057234868751451,2.766905111733274,-0.2872399027798543,1.0044926814429944,0.5668643733401304,0.3048817923282487,1.7760252294043368,-0.31592112982448806,1.2310621388683964,2.4454279344115326,0.48269388019146275,4.288911977457579,-0.05750070733891779,0,0,0,1,1,1,1,0,1,0,0,0,1,0,1,False,False,True,False,False,False,False,False
400,15.306151266277057,20.0060901163013,3.703617744508111,10.0,Ethiopian,1.1341889857300655,0.9287658436449565,0.13287702497175982,2.809128011192111,0.5469686473537695,0.3008738767140375,1.1857388300157947,0.36494232017815353,1.449744184445712,0.00043073269904295267,0.5659116066868718,1.2356775039372407,0.11628737400596714,1.5293400265899957,-0.04377162835390388,-0.7582802401203249,0.568260245286207,0.21823443360278133,2.48248681817959,-0.017778377450092912,1,1,0,1,1,0,0,1,1,0,0,0,1,1,0,False,True,False,False,False,False,False,False
401,17.603554847604386,44.408257286632804,3.9018562723829864,20.84269090509705,Japanese,0.59434380859671,1.2464019377060804,0.311005173122847,3.4832493548498773,0.011005376309372268,0.867759605462107,1.6814578283945862,0.19610774882040324,4.169300575238306,0.27468163328321527,-1.0190143554759534,1.4538160705784287,0.05216357932048696,2.6305548555305034,0.1416848016976911,-0.776391706218376,1.9922476522367705,0.15155404471088813,2.479408010368433,0.6211477147221585,0,1,0,1,1,1,0,1,1,0,0,0,1,1,1,False,False,False,False,True,False,False,False
402,79.20633094500832,46.51258979230736,4.557084722454565,20.393416089592577,French,0.032284260803177804,0.5893312502894018,0.4733293689336962,3.8287541972127555,0.1905789484915397,0.7081624702741636,1.7881766886721167,0.517686106642731,2.959052846500794,0.20598373986677826,0.6551978167704905,0.7023336509046589,0.16867981199873813,3.3896961079639945,-0.3206367166085503,0.787168178698975,1.0079015363927202,0.30244894527408117,2.6000661246737002,0.2499692959303792,0,0,0,1,1,1,1,0,0,0,1,0,1,0,1,False,False,True,False,False,False,False,False
403,70.15944449065825,65.74062662120052,4.349684416493203,13.1701394989189,Chinese,-0.642887558631725,0.7359941698408049,0.15077775038064067,2.5290572076267113,0.5431051770152016,-0.40508292526654005,1.2676318637367658,0.7123546354593808,5.0,-0.2989100041272708,-0.5516974351203716,1.1023523727892814,0.3704448201153905,1.8849249775345251,-0.012514873560920943,-0.5975943839759665,0.6262968650267606,0.19654889976401665,1.8716993203506676,-0.021234250701327107,0,0,0,1,0,0,1,1,1,0,1,0,1,1,0,True,False,False,False,False,False,False,False
404,8.263563291718533,38.7963070991184,2.747452501731233,18.864687160429995,Chinese,0.2946655495263298,1.7257101068714154,0.029122316427184998,2.662081721090601,-0.2673528295726485,-0.8391694235697431,1.8623054633886382,0.3734811081663256,3.291222458960065,-0.1716943359736032,1.6790946065561358,1.3906108903200052,0.23191700210308966,2.098472632547304,-0.6413232767759282,1.2844633641571466,0.7786657527840823,0.2718866107111415,2.0546174417897323,0.05359227206225418,0,1,0,0,1,0,1,0,1,1,1,0,1,0,0,True,False,False,False,False,False,False,False
405,52.71753701149201,26.332035436503464,4.503481436584842,28.443669051835265,Japanese,-1.0463804582070444,1.0840469864135514,0.4896112263741113,3.575970629598804,-0.3263723322894031,-1.18438540514404,1.2538689107671759,0.11133445498827804,2.5466736507397885,0.16054996481860864,-0.34201001250849977,1.1869606252657428,0.2314796141033037,2.294526400528238,0.3761306955715784,-2.5535632693907266,1.2392513433660564,0.29495386539777746,2.5850322277787616,-0.7889002061440241,0,1,0,1,0,1,1,1,1,0,1,0,1,0,0,False,False,False,False,True,False,False,False
406,56.17611780897014,58.58394955367737,4.120173502311815,15.494673644260232,Ethiopian,0.654463056416046,0.456679847014244,0.05699344356254502,2.753535283914738,0.07772093506450621,2.1395435594892263,0.4927168024114153,0.6798959454534862,3.0108594865130716,0.039351091439790285,-0.21040583819414824,2.436288627502322,0.19921065669946939,1.8069548239526911,0.036740858399694896,0.71446672956926,3.216613892248454,0.20309518844944352,1.78708630702805,0.44526910399544345,1,0,1,0,1,0,0,0,1,1,1,1,1,1,1,False,True,False,False,False,False,False,False
407,69.10525804128457,63.07385091471333,3.9460080258082972,30.38693937717018,Korean,0.05937127538516257,0.3254925219542619,0.3315806427804328,4.344155855119402,-0.016066332453017456,1.135556943554454,0.4824478597673188,0.18262269026853048,3.2003042123794567,-0.23549929644788184,-0.7051629011943233,1.4517065704486773,0.35305426158497866,3.541032020141128,0.059327174466773255,-0.2590756420692719,1.005935838994973,0.520281346237293,2.7795798035801704,-0.23415061825666394,0,0,0,1,1,0,1,1,1,0,1,0,1,0,1,False,False,False,False,False,True,False,False
408,63.76272442963189,90.61529745858066,4.740482062379668,23.04641899533817,Indian,0.5488950146548157,3.9214822964593465,0.3923347660173854,3.7584284995569615,0.341309560147012,1.454700477757112,0.6116253597565582,0.24759111689001842,3.185140748352204,0.247313652408707,0.021321144921486634,0.7337012861550448,0.05930719217288255,2.956882310853948,-0.30293977797857913,1.8849685011985626,1.342320332252739,0.372825038922094,3.055848693842031,-0.1033347031801445,0,0,1,0,0,0,1,1,0,0,1,1,1,0,0,False,False,False,True,False,False,False,False
409,8.255203351605566,78.03025522725552,2.387580588211488,15.683589065424911,Korean,-0.5198492743759168,1.2751318654669257,0.2879280910216566,3.0543969754026765,0.3081186873816964,-0.14722888829559505,0.5701461176562728,0.01854411090535515,3.2031294856098893,0.6409275189568195,-0.5630469900114179,0.5301227409676739,0.14431595676331707,3.002239774902938,-0.8093384811640875,-0.8284697891908307,1.1199605140351023,0.079671058393411,2.3363144044264486,-0.49976719353186,1,1,1,1,1,0,0,1,1,0,1,0,1,0,0,False,False,False,False,False,True,False,False
410,26.557806010025576,66.04275272870575,4.202711440492313,20.057508823890423,Lebanese,-0.8018870695251511,0.36904720349531595,0.3711216897434592,2.1209002206756904,0.05303287074767956,2.0274492120593695,0.8421473310995153,0.1931175398172813,3.311922931905702,-0.1081473932769303,1.1002243986890863,0.4009213934720838,0.22894164692451857,3.4448212083873986,0.2564897445691805,-0.5172028464531198,0.7158892690031218,0.2977721063868798,4.169271088303575,-0.12054440990555726,0,1,1,1,1,0,0,1,1,1,1,0,1,0,0,False,False,False,False,False,False,True,False
411,34.979664556582144,30.01278740485227,3.956237151758197,27.717004894375545,Japanese,-0.9135165529367315,1.0714819214456983,0.15695845730096475,3.643941804374754,0.27244052427222964,0.5142769626613994,0.2575655661496378,0.1205899827927441,1.462528809327086,-0.41029238894869696,-0.4910693727933543,1.2650718284607632,0.10852221399684003,2.202382127149769,-0.0870059905916918,0.11747172871632637,1.7086984815269881,0.13600553254442174,1.3270890625376313,-0.18503171632714277,0,1,0,0,1,0,1,1,1,1,1,0,1,1,1,False,False,False,False,True,False,False,False
412,54.734632793281826,28.136615927341357,4.625385725572914,23.761723343647702,Indian,1.106695446595586,1.4767858231098907,0.0638907067094517,3.1356828376002754,-0.00400789435379544,0.23796905802856,1.081026825135638,0.08229082758421218,2.0277061556861544,0.21323566514330766,-0.656424353262053,2.0915815087385763,0.1706741375044509,3.160151375932582,-0.18069110187271117,0.3828867795048327,2.1435165002722907,0.2710262450310099,3.542943035063488,0.1814468908089347,0,1,0,0,0,0,1,1,1,0,0,0,1,0,1,False,False,False,True,False,False,False,False
413,85.41671328398928,83.69959109683958,4.394112607546628,22.873291135497833,Lebanese,-0.21907652502403824,1.0513118997350785,0.2053551604211493,1.7876424064633656,0.8324606318840724,-0.5256505202985604,1.5900298058292575,0.421163181802408,2.7601826082101395,-0.1688905304891998,-0.005051735524921122,0.4805896462457305,0.11033137821125927,3.643219815928097,-0.15977238363962334,-1.200538939588076,0.6033121036274708,0.3667624301348884,4.436389321210823,0.6791360263517918,0,1,0,1,1,1,1,0,1,0,1,0,1,0,1,False,False,False,False,False,False,True,False
414,39.45540664521866,2.8669611377741266,4.747351228015165,22.711796624556857,Ethiopian,-0.23033150386912096,0.31110670392183243,0.2607237098484641,2.2677776884531338,0.41985997451871204,-1.4117516345284964,1.6123139028318174,0.18476172722686976,3.668506991037824,-0.018264410540660025,-0.3330505387841168,0.9975803154720447,0.2772942258405693,1.882332202190783,-0.4441984976417044,-1.2693750942198965,1.0557153940743746,0.4320096690779993,4.881654234160912,0.19627360516621348,0,0,1,1,1,0,0,1,0,0,1,0,0,0,1,False,True,False,False,False,False,False,False
415,1.744485457553191,16.93536868537694,3.1017406616411227,21.86377838387063,Lebanese,-1.7896612147069357,2.965976947424536,0.5053771953102107,2.8335565821768536,0.03786739620206956,0.6829154268409365,1.0289279609929258,0.2614180350325976,2.194262127865911,0.05015844356031338,0.48498577399127524,1.2118419944233108,0.4250670891054156,3.873976787494218,-0.5108739989655756,-1.2552117812987496,0.469342408839392,0.32008007344471817,2.994022533981184,0.25597562589255163,0,0,1,1,1,0,0,1,1,0,0,0,1,0,1,False,False,False,False,False,False,True,False
416,63.57565624246262,42.66278406710728,4.786033628204414,10.0,Mexican,-0.05712151880202024,1.4163434054345732,0.271061271664361,3.504478827297312,0.8457848047836259,0.07471930676713287,0.5129767785449159,0.2333436695010652,2.875614485629389,-0.3876955721909335,-0.09728957163278082,1.0761181010174627,0.413294169099971,2.5532408788776757,-0.07043027056113815,0.08414664457347279,0.3838011165600179,0.42178242178347053,2.854599998643184,-0.4536093818473903,0,1,0,1,0,1,0,1,1,0,1,0,1,0,1,False,False,False,False,False,False,False,True
417,65.31070577270292,77.25308223950502,2.9324224991469956,21.127066912061814,Korean,-3.0,0.8724776298581494,0.0968011267931676,1.3927099343143776,0.13101984616105464,-0.0036314677362401333,3.7711100861266673,0.03342115278007402,3.4753367357871134,-0.3009451640008958,-1.4090921083154506,0.8656816777114118,0.2648889288753121,2.8289169284549964,0.0090958975338711,-0.6091880742773449,0.36959326986778496,0.3981987770358769,3.217785567059477,0.027860362084219274,0,0,1,1,0,0,1,1,1,1,1,0,1,0,1,False,False,False,False,False,True,False,False
418,44.281461002034895,76.56021867585076,3.920012600508319,19.01870079425135,Ethiopian,1.3621825575627018,1.49428721883735,0.32698751681484245,2.8585081375926227,0.3430022761664885,-1.3489151487823428,0.6447562069448245,0.11701849769598731,2.5163110330677045,0.5365541111818717,-0.0442905526814597,3.7240243611204495,0.21667049207108866,4.104403944280623,0.6707887141392291,-1.3888598299284043,1.3900713654740755,0.473825305883238,2.1047077789909223,-0.04218142978632882,0,0,1,1,1,0,1,1,1,0,1,0,1,0,0,False,True,False,False,False,False,False,False
419,89.16415916863815,13.730201350093306,3.661770465433558,15.725502450319125,French,-0.24174051418207734,0.8597324075659197,0.2611663279965344,3.0613719400169224,-0.17246583703361515,-2.00218931738011,0.7566884050296132,0.3905802955823495,4.074683748435652,-0.26222201064461054,1.157446539944965,1.1963778005394328,0.3360501194511373,2.711741738991193,0.0316938869815323,0.6420591032774957,1.1816353766938428,0.4094172440116152,3.4428376092647803,0.0025303416771530283,0,1,1,1,1,1,1,1,0,0,0,1,1,1,1,False,False,True,False,False,False,False,False
420,96.45995744541487,74.47911570524002,4.490179402791693,28.7818403425793,Indian,0.020920964419089177,0.8045041346887295,0.243631581065253,4.7205598247804295,-0.25411467479043204,-1.1098514080427597,1.0445186901448296,0.47058788636057713,2.718788570062773,0.7189806681913065,-1.2077357188473632,3.0547701959354443,0.37858681501403346,3.656795409859711,0.18816013423285646,0.360140103142351,2.2514363080811384,0.2851695118401844,2.6902051228058097,-0.10573794741423069,0,1,1,1,1,0,1,0,0,0,0,0,1,0,1,False,False,False,True,False,False,False,False
421,64.2586406239781,90.07952388462206,3.8514245539048297,20.72235658349537,Japanese,-1.428653274975484,1.7031339226309512,0.47776253155346887,3.155621526342511,0.5944835359995704,0.8867520000881065,0.4042454848988684,0.25089880080635774,2.453931974944978,-0.10864767116851277,0.5060603606467136,0.8048842864055252,0.20447899995232136,3.924540703917793,-0.5364843996495462,1.3586404545131747,1.418945138458719,0.22273595372638322,3.623337633142778,0.3326581042148417,0,0,1,0,1,0,0,1,1,1,0,0,1,0,1,False,False,False,False,True,False,False,False
422,96.84257872260409,61.16144412780745,4.366749975990161,16.744963011387917,Chinese,-1.095846421313446,0.29493556444600944,0.05370120564839084,3.115280194699897,-0.04049070657564773,1.9039377977106016,0.4453411180735627,0.27851858421868975,3.2812324507672437,0.4712707584839373,-1.8015593852036649,1.1742953897992392,0.1693295286534698,3.5762493923614787,-0.23267128761176542,0.2643599051164431,1.920777630644997,0.13540043114899364,3.38801911188041,0.24792479492190087,0,0,1,0,0,0,0,1,1,0,1,0,1,1,1,True,False,False,False,False,False,False,False
423,31.3534696496656,99.38844933417501,4.440531861618672,11.019137595663288,Ethiopian,0.604649306159697,1.8268203647796915,0.645960340753407,2.916137890286564,-0.20921849797049497,-0.6523781225844679,1.0312300782202315,0.30225385475459804,2.794388125087316,0.17696548676690563,-0.7665502451002906,0.39641114137999495,0.3060702396056324,3.4064183187400014,0.32601750857497536,-0.969244737867768,0.7476374456295642,0.7132206423291656,4.3826476900061655,-0.10084575677571755,0,0,1,0,0,1,0,1,1,1,0,1,0,1,1,False,True,False,False,False,False,False,False
424,21.721284480009984,60.026981522077214,3.7746627435339617,19.116730098526364,Indian,-0.2085382799560252,1.2651412613126654,0.3476027878734396,3.2091246553899553,-0.14993408901408029,-0.329414926104244,1.965537780889189,0.49767378612818647,2.960292342268182,0.062136757766800665,-0.9782078848443382,0.4494002498372081,0.19317078454144512,3.280299827345639,0.2535854961206865,0.5791534476422089,0.9621411411590882,0.24330752369044492,2.284920589557658,0.304596607965596,0,1,1,1,1,0,1,1,1,0,0,1,1,1,1,False,False,False,True,False,False,False,False
425,39.485835981310046,66.08817214813925,4.717311826334681,10.511321158536028,Mexican,0.429234416274999,1.5797765102664474,0.2310472716002676,3.4196714760677924,0.32639713616151217,-1.5700444150333377,0.7950243786242531,0.23532291119308268,2.6797662011784324,-0.1473123105431432,0.35079885867659427,0.5603962640639523,0.21287988978042716,3.082292337060154,0.27661643151463716,0.547018777000991,0.553509536944588,0.3390578032309375,3.4060665613512677,0.155688271739011,0,1,1,1,1,0,0,0,1,1,1,0,1,1,1,False,False,False,False,False,False,False,True
426,12.462748648248834,78.81580723141194,4.188442625596448,15.692634470922048,Korean,1.2708301222941167,1.737483387148321,0.48750672550762836,2.7645927601954727,-0.0692920332647599,-1.011834593751892,1.3305944039969921,0.3078297204828064,1.854340639638224,0.25271761013650706,-0.4462489002869921,0.6150844570124904,0.30044019625112467,2.5555997974365674,-0.07864341156759787,-1.3361107625773692,0.33786424760458245,0.23795316831260704,3.23757464077193,0.07071383381358776,0,0,0,0,0,0,0,0,1,1,1,0,1,0,1,False,False,False,False,False,True,False,False
427,18.062517916591492,23.415212398969153,2.4981349271345867,14.70643794743124,Ethiopian,0.6632379015381875,2.577979504731198,0.3006227246981542,3.3231769550247177,-0.21345394196084164,0.31976477561134226,1.4136823629860387,0.11881968602632959,4.501160633849965,0.17313531471244084,0.6690401612294006,2.0627582151783925,0.3180960495752869,3.4987309598066614,-0.26541092448992065,0.5062760665582416,0.7035784557159679,0.3062542639982605,1.553650739064683,0.2927942559757328,1,1,0,0,1,0,1,1,0,0,0,0,1,1,1,False,True,False,False,False,False,False,False
428,32.98747120431593,8.061515429857069,3.19043271907063,21.687429988577836,Japanese,-1.8989418144512211,2.4084430340715235,0.38466613489106666,4.432838618878995,-0.709090758446011,-0.7732229896381557,1.1979613975673635,0.028020094855918474,3.4375095268258318,0.1034311971489934,-0.925718013378089,0.9359264247727929,0.11457305017870238,3.8448505209448336,0.1133636912253001,0.5669032673412109,0.3634868941377887,0.3034833378806864,3.8382721435315297,-0.3160717757447419,0,0,1,0,1,0,0,1,0,0,1,1,1,1,1,False,False,False,False,True,False,False,False
429,74.50141940910532,73.88874005666246,3.340543282446558,20.794409236752912,Korean,-0.984491995270784,1.715815222664736,0.17899696238470214,2.744115661108397,-0.18248158994364908,0.10202664844200844,0.5892644727232614,0.048596801841692926,2.958260106682892,0.7100174094716366,-0.7099130912372804,1.133607331114101,0.21807287029858421,3.8570993126707798,-0.2007388727737901,0.4544261867885006,1.2997859095875464,0.389433808832345,3.6714442885555747,-0.11842747190683738,0,1,1,0,1,0,1,1,0,0,1,0,0,0,1,False,False,False,False,False,True,False,False
430,55.838897974064736,49.243548224401565,3.857574319736503,21.182007382864903,Chinese,-1.1357257149909428,0.7906345682761184,0.13227945444532718,3.4411831021377877,0.12442537394845511,1.2325096651484575,1.9277738250572538,0.4353022766480106,4.028307522265088,-0.39340271958032436,0.607613849149323,1.2451064935644598,0.12458211719993574,3.1163165063927685,-0.0636586687820647,0.4846835015977225,0.5546122860920244,0.3357651424849363,2.659492914198486,0.2255054196045559,0,1,0,0,1,1,0,1,1,1,1,0,1,1,1,True,False,False,False,False,False,False,False
431,95.09871492726683,36.33759550083544,3.574274480480733,17.29027443691781,Korean,-0.90996440708757,1.527906389701476,0.16984238222617692,4.469918711485304,-0.09637662591426004,-0.1876078149840477,0.8963001161476819,0.2460306490718375,2.8963133579599636,0.2962641977779333,-0.5558808260073926,1.0044856230062753,0.49362106363033753,3.8382442217928077,0.15818516619890732,-1.5599428943057838,0.32737704929196293,0.307239202229621,2.1833717138394544,-0.39498930333229315,0,0,1,0,1,0,0,1,1,0,1,0,1,0,1,False,False,False,False,False,True,False,False
432,93.4512974885556,61.9366734020719,4.373965790571441,13.588972722046035,Korean,-2.080232335160698,0.7495588756806791,0.2813634932094434,2.3463608310175634,-0.1365506820347287,-1.1599896934333118,0.5514128112811691,0.24679689116619033,2.227434739484219,-0.06330555873472651,-0.3034708890271386,1.0174002241949665,0.4559398865784023,3.748173561182727,-0.15790299447675582,-1.9868282319618111,0.827058011706368,0.3203568237451964,2.908596682279164,-0.1924468066121438,0,0,1,0,1,0,0,1,1,0,1,1,1,0,1,False,False,False,False,False,True,False,False
433,37.54303913354937,17.081750910004512,3.506322118023644,20.835720848596374,Korean,-2.051728368658032,0.560929424402539,0.02882016904771301,2.9316483278568883,0.6848259659688237,1.6637112549104769,0.5221332574292632,0.7504880508868857,4.439160980162884,0.31342200965468375,-1.8162907753750666,0.9213205839945338,0.26107013134091545,1.6789468320222427,0.20955497713434196,-0.4314027423074143,1.1070013226101727,0.3809606606656326,3.866369722622905,0.180047631014198,1,1,1,1,1,0,1,1,0,0,1,0,1,0,1,False,False,False,False,False,True,False,False
434,51.69655197132227,16.697137146899742,4.6641246779395065,22.794542291963584,French,-0.7437912792334548,1.3313247482502024,0.23472400120264583,2.439665168190593,0.2354442277716326,0.606942781355297,1.8680836064747157,0.09878501219851935,3.0864065221688093,0.13877918843607182,0.20652817087029654,0.36039160831910577,0.16878586861343128,2.859423676744975,0.14843573189139977,-1.6735251808701983,2.201818281442402,0.46507943862634266,1.18225993754122,-0.5714901163066108,1,1,1,1,1,0,0,1,1,0,1,1,1,1,0,False,False,True,False,False,False,False,False
435,91.22918810183651,44.17654383661341,4.3271052580044955,25.72657630402145,Korean,-0.5979988660535394,1.255892526630774,0.5867849489334148,3.629697035935256,-0.09940784595074884,0.2051044614593193,1.0901603956320314,0.21818718807459977,3.3533024355124623,0.22159333895014324,0.6468085383385297,0.7297853222609739,0.38573581799446466,3.6540955471355976,-0.21986307247428083,-1.5275629552177843,0.49890757706027994,0.07221877791493247,3.57992389063942,0.6158506402658613,0,0,1,0,0,0,1,0,0,0,1,0,1,0,1,False,False,False,False,False,True,False,False
436,89.03562436910924,44.179047525270754,2.701816473131804,33.960113019665734,Ethiopian,0.5163273020490561,2.0915569754627805,0.14076301609603295,3.8388902976260657,0.21500466582710262,0.31588507987564857,0.6740328961499251,0.3238478357024619,3.8237898458055146,-0.3185526103978331,0.4165551268686677,0.755186703205473,0.2533605950323633,2.4110800393325142,0.09923676827939222,-0.8032234812073785,1.7321682206039912,0.2140973474600434,2.8717906192300675,-0.3657985268882015,0,0,1,0,1,0,0,0,1,0,0,0,1,1,1,False,True,False,False,False,False,False,False
437,62.91511076114059,49.73051253698071,3.890108983627361,19.007855356644455,Chinese,-0.3247586012226988,0.2735473544897176,0.1062367841893016,3.3123408325254093,-0.23622950675992405,-0.21736815521237807,1.901006058441584,0.2394293573228888,3.129815956389378,0.16459151423179963,0.35526406597955074,1.207799162217569,0.4278111313701763,2.1179070369637616,-0.16111990374878546,0.7516620532919394,1.0859805008804246,0.4153260344156146,3.523953779658805,0.332057970034341,0,0,0,0,1,0,1,0,1,0,1,0,1,1,1,True,False,False,False,False,False,False,False
438,93.09043435713575,41.74558674179235,3.435840730660275,21.014339341240817,Mexican,1.4214401135495212,1.4590624364426288,0.08938575803033959,2.9360164329409724,0.23816161138527656,0.6914737111225763,1.6289155424572235,0.1325100763765518,1.4857610426961012,0.24149947653932763,-0.07013440463899379,2.4796790628675796,0.4268631813603266,2.5251732656150447,0.221664274331377,0.0423243642195395,1.289305637538976,0.2249173315821661,3.0728357497460066,-0.30926808113396204,0,0,1,1,1,0,0,1,0,0,1,0,1,0,1,False,False,False,False,False,False,False,True
439,57.59759533807943,13.73604127711342,4.474365915588094,18.82094100130747,Chinese,-1.8269053107502176,1.5275168531247796,0.23223741295449596,2.896650394458784,0.5266339883485532,-1.3904564699648654,1.0338556565799606,0.375132030777052,5.0,0.3929424891978738,0.4399137515908618,0.5207918862861943,0.18079561064248448,3.7134520970853337,0.5062187139407448,0.9056235949839906,2.091753709662854,0.27382359682746404,2.1914704769605757,-0.03732519527283516,0,0,0,1,0,1,0,1,1,0,0,0,0,0,1,True,False,False,False,False,False,False,False
440,47.16285223531914,53.19938739430561,5.0,22.81958706855902,Indian,-1.3917164825293296,1.087430686381367,0.15644670876365846,3.1084719281284525,-0.013846709367891188,-0.02092370341994127,0.49005636355790594,0.28443150023277175,4.547847797099155,-0.3589283329017203,-0.7233025293294681,2.79875164723714,0.519766051532191,3.586984739206057,0.007813850291788407,0.3374779789906081,0.8161056447328155,0.27237389725011196,1.9632770413675473,0.052782039858423356,1,0,0,0,1,0,0,1,0,0,1,1,1,1,1,False,False,False,True,False,False,False,False
441,59.24557482103029,83.36176055887346,2.851918723145092,21.203472850105904,Chinese,0.24931152236631435,2.5118825699454024,0.3814732676078992,3.856142027708476,0.4413356332681452,-1.183858557329809,0.9519882309713876,0.17837520661868297,3.0842462425348973,0.3269226320453367,0.45148044607238136,1.4852377402144432,0.37518492321844255,2.1010778643659083,-0.10915394979911729,0.5897722864436516,2.3295158117770662,0.3904837188351955,4.507149889151618,-0.2718625283539081,0,0,1,0,1,1,0,0,1,0,0,0,1,0,1,True,False,False,False,False,False,False,False
442,84.93060656476449,41.366768221136375,3.7560835168651563,24.717159756892137,Mexican,-0.274068922220403,0.5965345444273081,0.44877161820713496,3.2758840088728745,-0.07957662795923277,-0.07065526462745422,1.2291079921786483,0.22600471687642396,4.284067093682554,-0.14247110204228206,-0.755050094893457,0.40326468933486054,0.21410125545237874,3.3112373520523417,0.4544928214319313,2.0313999632102333,0.9672766024447608,0.27234351215329894,1.552443152266913,0.22211221423507657,0,0,0,1,1,0,0,0,1,0,1,0,0,0,1,False,False,False,False,False,False,False,True
443,97.57225185679196,94.50697463319506,5.0,10.820811857909385,Japanese,-0.9898275853232873,1.2513446234194006,0.41508535588970874,4.173974654947294,-0.34638832728648244,0.6420565179137449,0.5647326176891192,0.5600376151670522,3.7982275000504804,-0.25037429182763543,1.274994393238179,0.7095161523470123,0.17711233437206836,3.7286544726410855,0.5338647262468328,-0.5756757993516648,3.5152543942530365,0.45904002606392186,1.9038246300399488,-0.3716068432741305,0,0,0,1,1,0,0,1,1,0,0,0,0,0,1,False,False,False,False,True,False,False,False
444,28.66569776819524,21.031778308155356,3.0324882740527515,15.76616468944729,Ethiopian,0.7678562495792152,0.8118413049667099,0.22117836279770972,4.572427416268914,-0.04163128247136192,-0.17173287800490217,4.780265199442686,0.3447153021076891,3.026191284057202,-0.09114252234195835,0.3629152013443245,1.2019614617137522,0.36576620482805816,4.065602081340391,0.1283945570398202,0.4959408527254194,1.5746658023631328,0.48033950917128687,4.1199454185400795,0.17871722720145766,0,0,1,0,1,1,1,1,1,1,1,0,1,1,1,False,True,False,False,False,False,False,False
445,97.53971548028012,99.65959367933085,4.4565755653448775,15.116977995411885,Indian,1.0868767449051138,1.010827155809895,0.21324870847573646,2.7585227669009704,-0.016548207244176067,1.7563812184560819,0.9601639911840977,0.34654755295733536,2.816703810594466,-0.22893583223004757,-1.3401102560608773,0.46710564538015553,0.4828948307622043,3.1144541036798232,-0.04537099257407496,0.4759517324671047,1.1764402248880428,0.26562659479791206,2.1215910625686596,-0.3396510069538152,0,1,0,0,1,0,0,1,1,1,0,0,1,1,1,False,False,False,True,False,False,False,False
446,17.559010889512837,91.25721709899938,2.416901304464624,13.917573744440709,Indian,1.3087111787420955,0.5646902618208303,0.09371310870832009,4.328132357286509,0.30188961968958633,-0.030532144885406943,0.5365809773468021,0.09185433937710452,2.528101277105818,-0.17572895915623155,-0.5394175765945718,0.8480896144560764,0.5063751288575468,2.113988761232127,0.2727696666889466,-0.8184906223419001,2.2225315475908185,0.30984688541109057,3.290429540118633,0.246007082610668,0,1,1,1,1,0,0,0,0,1,0,0,1,0,1,False,False,False,True,False,False,False,False
447,70.94632398136874,99.72642842551274,3.8372992562874955,13.839183454574087,Korean,-0.40074671634903297,0.937945831989145,0.10636510722567165,4.045960502160962,0.07950265537658928,-0.6906979214662128,0.3885913072850428,0.3789029918874736,2.3504654051898637,0.5467329712090518,0.3319194550322743,0.24023578843028712,0.47667796923827754,3.9466408572707032,0.508146595704126,-0.8209917401974521,1.217606362212079,0.23157189736869857,2.159732153578229,0.08090440382854679,0,1,0,0,0,0,0,1,0,0,0,0,1,1,0,False,False,False,False,False,True,False,False
448,83.81523508854988,45.42014039839043,3.6713649774708657,17.236373319887782,Japanese,-0.009172539285803874,1.5407920520359695,0.2049161008772212,2.95357606490617,-0.1670771908408457,0.32312485061127155,1.977689309024549,0.16109447270342803,3.1624385799556403,0.18321372506178077,1.2054914781163393,2.5280951807533145,0.41728975206857194,3.4849857444180286,-0.5758827536147844,-1.1785559749030567,1.0258618791319285,0.12953614892867774,2.600305075557411,0.11539417189961429,0,0,1,1,1,0,0,0,1,0,0,0,1,0,1,False,False,False,False,True,False,False,False
449,58.702931447484985,12.544379925414816,2.9496500642389205,15.077787953114829,Lebanese,0.225701384286443,1.0997585104438292,0.17904815262697613,1.1516113548107398,-0.08922214695873834,0.24196693020810187,0.9510523583537527,0.11035558631410082,2.083959617124551,0.2186403767046561,-1.1888034513395624,1.2917182748530527,0.28809127354475134,4.082621277927028,0.11143651159320052,-0.39122184510767466,1.1627550782013982,0.22323432244811592,3.133125656218111,0.7431793169641759,0,0,1,1,1,0,1,1,1,0,1,1,0,1,1,False,False,False,False,False,False,True,False
450,96.69339207784677,32.188465974971315,3.023347612413527,21.13300378894025,Japanese,0.05525821938526311,1.2623914009727135,0.16070357389900883,2.215612558509747,0.030070159978383214,0.33901036744156576,1.0081279194711792,0.5048190411589056,3.274637876276704,-0.011373578863098059,0.26687062014087354,1.257962279330617,0.20963919955503757,4.276594175143077,-0.17817187037342588,-1.0199593825874689,2.2249477352662645,0.2103831643232233,3.990793284471962,-0.3410396468626325,0,0,0,1,1,0,0,0,1,1,1,0,1,1,0,False,False,False,False,True,False,False,False
451,30.95181577190339,66.99763749481463,4.682647272177524,23.44301124729886,Ethiopian,1.0182673445198025,0.6407802830808811,0.07607004918980112,3.580463535061638,0.18461291925691561,0.055761219671546645,0.6584428760759863,0.21054732318579758,1.5775414607666645,-0.13421106051861684,-0.31046578619496484,1.700365266681882,0.2032306638866105,2.2806678593096805,-0.3339541651517045,-0.09876496759325744,0.5461805020336293,0.1876544772979891,3.363420405158311,0.029344473607005896,1,0,0,1,1,0,1,1,1,0,0,0,1,1,1,False,True,False,False,False,False,False,False
452,16.510024260523547,23.567136062795,3.88473364296431,23.52405392457355,Chinese,-0.4931939851463895,2.6947116311997483,0.7564982836581107,1.5077375680364518,-0.27887522602677867,-0.09064419770591733,1.550889000344995,0.41772900418599146,4.285249679369008,0.04968295735823941,2.1066572812580393,0.5973164602463954,0.24581809515339065,2.926193250877966,0.24610568902136198,0.6291061842805971,0.6278202965071891,0.4502576281691924,2.5550036094132538,-0.13785883566246432,0,0,1,1,1,1,0,0,1,1,1,1,1,1,1,True,False,False,False,False,False,False,False
453,66.11121203903014,58.20154891350236,5.0,27.874661521567486,Chinese,0.36797135122506724,0.6688787942953845,0.4131862877632432,4.039951341377362,-0.166896406691521,0.946606655831094,1.2573813443797304,0.2788244504411238,3.3646418602027452,0.17230367738045935,-0.7474863072568486,1.8407856061050576,0.14856528433195393,3.129040132919031,-0.22337608255485833,-0.31651712612930866,1.8895021090501418,0.17153869858910006,2.711620609162053,0.22720187316230872,0,0,1,1,1,0,0,1,0,1,1,0,1,0,1,True,False,False,False,False,False,False,False
454,90.16959934901588,68.32364224185643,3.338122953729687,21.813122598956102,Japanese,-2.21271239132125,1.0359943887208891,0.4157887144616763,2.296144447785011,0.0008868524958721874,-1.6209903023745134,0.5256861465327779,0.33306132627090074,2.4876149245064343,0.03992220777075904,-1.3794034090185112,0.3740922754920506,0.20719058536596968,4.083269128223066,-0.5392322449214545,-0.8859817236276452,0.9675254862183185,0.2384646773381202,2.2092874309943324,0.2535417640467105,0,0,1,1,1,0,0,1,0,0,1,0,1,1,1,False,False,False,False,True,False,False,False
455,32.55505611235361,94.54287754835786,3.6635750535310283,24.429339786793765,Lebanese,0.7528996073450089,1.4656683196900322,0.26527071923458573,3.180013474460988,-0.25815249284589825,0.7572486339224258,0.7710679324428221,0.09707865245404272,3.7005229991005546,0.17782482641490974,-0.7916549037649216,0.572825888528727,0.3372670003278158,2.2828671082877046,-0.43918234321735433,1.1269445194482766,2.5242951793774275,0.6202211852372639,3.289406767655444,0.2053923980347056,0,0,0,0,1,0,0,0,0,0,0,0,1,0,1,False,False,False,False,False,False,True,False
456,15.404521188160402,37.62853869568268,5.0,19.55766917174918,Lebanese,1.6374394120569127,0.9165409401860649,0.26991330825844967,2.442952803069895,0.3520596366656093,-0.5690465952095408,0.4565896727085945,0.2975391289389174,4.743991161354293,-0.28164878527702636,-0.32153361369348055,0.8139291611228285,0.038718983485049444,1.9061589157787244,0.2779212083910199,-0.8748471373721008,0.6283604907376515,0.38366485615958806,4.325068497190035,0.15874538484722522,0,0,1,1,0,1,0,1,0,1,1,0,1,0,1,False,False,False,False,False,False,True,False
457,49.60759157359605,64.6652127979658,5.0,18.059615390409807,Chinese,-0.028777471569969182,1.625848430509245,0.07761660360274704,2.633690055580245,0.028776143231470742,-0.10117851942714731,1.322303080424923,0.4337320625202001,3.2453926995793405,-0.03572803290981816,-0.06903158534016952,1.4373456143132526,0.18084685335672948,4.694913733516761,-0.06433216734319322,-0.3386335368231891,1.5679254576223471,0.1447333863137091,2.51794509230558,-0.257204794136564,0,0,1,1,0,0,0,1,1,0,0,0,1,0,1,True,False,False,False,False,False,False,False
458,1.692152263888147,83.72833733488915,4.664688652351276,24.69368077372641,Japanese,1.035026304374565,1.1529424808305029,0.15670961055594199,3.137048089184236,-0.3122953921763283,-0.881704764555025,0.993795926873642,0.45300676374070875,3.5100432455336983,0.3521200185295493,-1.108822003647771,0.8663470196273266,0.15441160208902951,2.316384057988051,-0.016867382600669886,0.33443072277892966,1.3670818770465758,0.2696512381848307,2.8685268165878544,-0.3318190455288815,0,0,1,1,0,1,1,1,1,1,1,0,0,1,1,False,False,False,False,True,False,False,False
459,98.53266779482853,43.032655834213315,4.351534586001929,26.9316595207333,Indian,-1.664157209009976,2.895436466033511,0.2889622718633412,2.0020578504350572,-0.22825162755123096,1.2704764809900093,1.7716340992447415,0.1617160749033278,2.6245366872101323,-0.39181490591193885,0.856374821327556,0.5976362880335724,0.6637268673208303,2.8965352547150514,0.07516734950769545,0.22603017696104527,0.2588698789334538,0.2645219989853158,3.8876026903694556,-0.09396415840010232,0,1,0,1,1,0,0,1,1,0,1,0,1,0,1,False,False,False,True,False,False,False,False
460,11.879796523746878,24.329146001991653,4.514734020810215,15.418788969362923,Mexican,-0.3352254504536403,1.4338001523369641,0.5733224081353953,2.749633455310511,0.3551589706129173,-2.05791852104942,1.4291525291027891,0.4543074563292579,4.719079860695431,-0.32934769239701284,2.2949116312997337,0.3068712149527085,0.133429926469901,3.806868437612214,-0.12444666126680871,1.5023321085719872,0.9733940335603454,0.09589359160046153,3.6961245339862794,-0.6139215709319764,0,1,0,1,1,0,0,0,1,0,1,0,1,0,1,False,False,False,False,False,False,False,True
461,96.47827902007297,55.84288519686683,3.955311716248923,16.495505431588356,Chinese,-1.5440554497934051,1.3064134964686074,0.12196468460472677,2.5192416059743694,-0.1279465064086117,-1.2277290566071497,1.6623981623621054,0.4705842313461984,4.047075578932068,-0.32945344393473047,2.223552957633488,0.7966116182158494,0.36239742123597035,4.416472073476203,0.7580088839778135,0.6036558660365845,1.143060771967571,0.1936848510285241,3.1720632657343413,0.2230960035724842,0,1,0,1,1,0,0,1,1,0,0,0,1,1,1,True,False,False,False,False,False,False,False
462,82.30463404991258,42.725718356814355,5.0,22.009921898659442,Japanese,0.3169854966582796,0.6267567945546552,0.19006673457716616,3.5435174765038897,-0.2732554166412457,-0.4209426403886754,0.33931032407645806,0.28034683051832193,1.6765577549679742,0.33002845427506705,1.1295454128682958,0.434689029833674,0.24697514233604037,3.4319695092175353,-0.20295864523606422,0.611931757039739,1.4679726757482685,0.32614297197799785,3.3107627476972588,-0.776148286360514,0,0,0,0,0,0,0,0,0,1,0,0,1,1,1,False,False,False,False,True,False,False,False
463,55.86451582587105,24.998953849855145,4.838765911615859,18.84426727858272,Korean,0.5207938112211163,1.3587404846313638,0.27180442518924514,2.148198775905264,0.2153471044947615,0.6860601626752019,0.6488698214589341,0.21319977439597598,2.8456206794720424,0.0016472777921465217,1.2669241273649654,0.6448045203355794,0.6682399352997286,2.349060245552244,-0.04224998728016359,-0.18141053629865905,1.9555637273365036,0.3848096190511108,2.8019334535383256,-0.15257613445676405,0,0,1,1,0,0,0,1,0,1,1,0,1,0,1,False,False,False,False,False,True,False,False
464,56.813702900067796,84.052848078357,3.425032009894453,26.566153465482838,Japanese,-1.3727057875573725,1.8894073302840957,0.19677098015438832,4.598655615437651,0.3414534321673633,-1.31943213281654,0.5002386722141315,0.36373015958691046,3.431470302247309,-0.111137789664601,0.3287302826395851,1.785175701787148,0.24774381587777228,3.919148611081844,0.3243390977971605,-0.009329018619575594,0.788107411870529,0.3454668953539497,2.859700294791685,-0.23785329994928506,0,0,0,0,0,0,1,1,1,0,1,1,1,1,0,False,False,False,False,True,False,False,False
465,59.95179341447647,16.020316482742068,5.0,19.44422997340678,Indian,-0.8486165113359894,1.3195095309385867,0.17425954852642045,4.323101145626335,-0.4784037010620979,0.5232866792935337,0.4155917875525288,0.3798732489719592,3.895072929091414,-0.38139280988465063,-0.4863633595122014,1.067805520898107,0.2554638292034822,2.7993721883072253,0.35054267431625535,-0.011640133974322567,2.693969809931545,0.14323708612041539,3.057752045171457,0.014373589805959791,1,1,1,1,0,1,1,0,1,0,1,0,1,0,1,False,False,False,True,False,False,False,False
466,72.88298886600592,16.925381750409684,3.7443554291418484,19.349029633627076,French,-0.5872429029548064,0.5811065547103184,0.37276953226604265,1.9795636194846784,0.07653949036153865,1.0877528240780048,0.6014242878053095,0.5589225186212218,1.7301053522415115,-0.11645448733394667,-0.8631283842215695,1.3174999488158052,0.16857744526654056,3.8664620238546665,0.02582518785518464,1.3398078364379242,0.4090404053990067,0.18041037934597884,2.0763734768861872,0.1357581590618221,1,1,0,1,1,0,0,1,1,0,0,0,1,1,1,False,False,True,False,False,False,False,False
467,5.9821314022211025,7.4018034838644775,4.046195516149513,12.296008908118901,Korean,2.4208612863586922,0.7336878365643245,0.25715503851417526,1.938213783255124,0.5324986336595054,-0.8983176431440161,1.880669618783649,0.232346586064673,2.8717856109324025,0.15925915306460972,0.09636343870837809,1.6196957038715925,0.047221972187252714,2.7197711560887448,0.6179682159862763,0.2104176191607632,1.5123444326696494,0.12572794431436646,3.0086463388259332,0.3658630707325254,0,0,0,1,1,0,1,0,0,0,1,0,1,0,1,False,False,False,False,False,True,False,False
468,38.48435383509099,0.9476920967415148,4.356193310294803,27.945758381961237,Japanese,-0.07487924615682946,0.8880506150849291,0.36943979141933997,2.5333872102657566,0.662612537355928,-2.55857133955266,1.644200560232376,0.2349659163520423,1.6831718997572047,-0.08410037953511455,0.010913921359380368,1.8983256220765294,0.29524006320244234,1.2285935304795013,0.11157362113340823,-0.10138731946231468,1.0073025759569536,0.21821872131141568,5.0,0.13712924409509816,0,0,0,0,1,0,1,1,1,0,1,0,1,1,1,False,False,False,False,True,False,False,False
469,2.8061361284020037,19.11901470873586,3.2500152500662156,13.038791931185346,Chinese,0.11869563888336541,1.0345060571318747,0.24347414376298768,3.22402789264972,0.33133339438343595,0.7535088449474453,2.480626976304155,0.10155363272510053,3.0255319526372637,-0.22494256754034,-0.16027329956940733,1.0635596186275398,0.2453538998536026,1.833627015635731,-0.009242039861753749,-0.8269133514893783,0.5957304278076908,0.193153617278125,3.2183713552519753,0.4061279804103967,0,1,1,0,0,0,0,1,1,1,0,1,1,0,1,True,False,False,False,False,False,False,False
470,97.43046815770381,81.99937038280424,4.461537718765211,20.25238608264915,Japanese,0.35916783557411325,0.43991893136510146,0.12743449992311834,3.4298945812425337,0.21244874986358028,-0.1700290025657958,1.4071610382462745,0.235644462639741,3.3070871118305494,-0.22642388597093058,-1.7750331316334922,0.6622621603557227,0.21024730150690707,3.0216911648348783,0.17053594283284704,0.3694123003952928,1.48464190134373,0.21263418278520207,3.0504086167590487,0.34952390754683044,0,0,1,1,1,0,0,1,1,0,1,0,1,0,1,False,False,False,False,True,False,False,False
471,61.545863105336494,58.76743865843699,5.0,19.926655533200986,Korean,0.2962310929930621,3.1879312693808313,0.07904989910133593,3.4814118254833293,-0.3432562786753088,-0.09238895531578355,1.3875536100456018,0.4580694154347723,1.8703834891851587,0.1226945024219668,-1.1989320040445344,0.4297807211243576,0.38523639335584653,2.8771429944056646,0.2374021444104723,1.5668536430170639,2.3076929227602005,0.20912625485023395,2.300849837839158,0.06366876262271014,0,0,0,1,1,0,0,0,0,1,1,0,1,0,0,False,False,False,False,False,True,False,False
472,30.767770473797817,11.11177209291181,3.247895134100279,10.0,Ethiopian,-0.2406081635347835,0.9601315810187033,0.08207230133453651,3.632077412048723,0.23270262471988554,1.0749542401848344,0.8231335386311078,0.6277994816136709,3.0644543562705455,0.5931038539709509,0.06319559002745201,1.4461083989215082,0.2330213284183043,3.277481849602411,0.007161225256098621,0.9468274694777473,0.4757697662228366,0.13297294167943613,3.4287082948242307,0.517341074703525,0,0,1,0,1,0,1,1,0,0,0,0,1,0,1,False,True,False,False,False,False,False,False
473,82.46842296949983,90.36422580961036,2.7133417935713813,14.016328667688537,Japanese,-1.332698644314621,1.092471695721755,0.3224548205895843,2.907763475837727,-0.13889465490351957,0.7583532124953298,0.8300465813685207,0.18508130734441686,3.198180535794522,-0.365910424056182,1.6766772507059793,1.148499488391327,0.5724163678402403,4.140409525178077,0.027104533227050007,-0.9845339402040341,0.46680798723374944,0.1027009520862504,2.5106964550780133,-0.2259563506498,0,0,0,1,1,0,1,1,1,1,0,0,1,0,1,False,False,False,False,True,False,False,False
474,83.3652938392477,20.984580589969816,3.7592281169822797,23.42767311632649,Indian,-0.6809726509542254,0.7790916875248208,0.10061790609643533,2.030098036027947,-0.08589389164768023,-0.5680038692409642,0.8073227304624199,0.22356910868713642,3.0136512236897044,-0.69628710564146,-0.8164003905706955,0.501694680718377,0.11892293644650447,2.308468893724493,-0.018787365757471138,-1.5531804486546903,2.9688123170606993,0.06878780212007979,2.3673441330132583,0.00016644888617918708,0,1,1,0,1,0,0,0,1,0,1,0,1,0,0,False,False,False,True,False,False,False,False
475,13.287763607367442,89.95989524412155,3.6272364154678916,18.02447212773141,Chinese,1.6329922792115223,0.9923198355816809,0.24847750112291772,2.2169950767615103,0.2242658415248551,0.1512023603882849,0.6050397621210015,0.6293423048899665,3.753103808143717,0.490042120060431,0.45439907544118024,1.606320916416116,0.3132776159899755,2.7473582763200564,-0.26384155817396393,-0.5808702018524764,2.1187848617342575,0.4984020570386448,1.9742386615251037,0.32509728012122324,0,1,1,1,1,0,0,1,1,1,0,0,1,0,1,True,False,False,False,False,False,False,False
476,18.13172250174261,90.59997795645867,4.9490970242746215,17.367676072957607,Chinese,0.25475119393000917,3.2644179653929015,0.16498145277089454,2.652265091780707,-0.20457708905018798,-0.8826445205413673,0.44890014518598653,0.37168400677324404,3.01385937966812,0.1861851298401013,-0.06485711491116102,1.4465114030541055,0.40418647665035307,3.516193811760488,0.235675759187846,-0.6926403764168968,1.0647417925027847,0.11838171026213201,3.664675292470383,0.37105796703694305,0,0,0,1,1,1,1,1,1,0,1,0,1,1,1,True,False,False,False,False,False,False,False
477,93.45278457368491,82.54422699273483,3.1220756245016834,20.51028736835803,Japanese,-0.37378078119264646,0.5716706563698627,0.10321947927683797,2.3326394621653037,-0.11288593819525145,0.44698123794318484,1.0758351082571715,0.16457444628839962,4.046301254429294,-0.2626457512648402,1.3668175634818878,0.89022338933142,0.20550184085059817,2.5647002137498376,0.24404108749688552,-1.012900291312499,0.6263845422758448,0.3211411330601404,1.982573148704853,0.5371520484515846,1,1,1,1,0,0,0,1,1,0,1,1,1,0,1,False,False,False,False,True,False,False,False
478,81.50758053518655,7.470073813031419,5.0,15.343004209412763,French,-1.3545710022111837,0.7413016234800173,0.5474479109892022,4.862602168589938,0.5734287535725644,-0.07205478860914934,2.2515976022313846,0.2538141819198675,3.384038128420298,-0.10467336349299976,-0.890259829290535,1.8546128860831912,0.040426868186242554,3.4775699964939326,0.30588373024922066,1.1110663062897894,0.4042833522231868,0.4100640337862485,3.295764250613232,-0.2785062427000192,0,1,0,0,0,1,1,0,0,0,1,1,1,1,1,False,False,True,False,False,False,False,False
479,32.833726872923066,61.36233165321716,3.1161191229495384,27.651058385559075,Indian,-0.057408400886979356,0.5414194766820144,0.5047649089932884,2.6212321960922496,0.22301342728890405,0.5092503000670647,0.5339823495941971,0.15779993238291873,2.6476588411897963,-0.42827536424811125,-1.0779430571794077,1.1507108950101386,0.13672505101847499,3.1194710475236245,-0.15637591007555232,-0.12442247035603128,3.2621723588916067,0.30527065195988917,2.6530809043066097,-0.025875693783961862,0,1,0,1,1,0,1,1,0,1,0,1,1,0,1,False,False,False,True,False,False,False,False
480,62.434353789276244,57.62138150001823,4.339085524122879,10.0,Mexican,0.03015097896805575,0.726267301638814,0.20099291708758887,3.9523287605375157,-0.4829128266523738,-0.6424699104021523,0.47459372173225833,0.22910527677991901,4.273597514634676,0.09402344489606242,-2.2242588173255142,0.19374387990707198,0.30615716044703645,4.089702646099962,0.09001485035600608,-0.17448668507094633,0.7143369448813731,0.579044350149033,3.6538589427294776,-0.3345947475449489,0,0,0,1,1,1,1,0,1,1,1,0,1,0,1,False,False,False,False,False,False,False,True
481,53.75650811123391,32.62502088531617,5.0,12.96928997029754,Lebanese,-0.6541569525778282,2.5655089876355355,0.2153656796507139,3.575016408865964,-0.21797579855307936,0.22030764544490983,1.8573613724446496,0.2873173486643949,4.495875146593649,0.03909204676969506,-0.31897540863423246,1.524068247959354,0.4832026761593551,2.47199398967245,0.19757628572760097,1.9153550611819896,0.6797769151655048,0.24467975430125716,3.077400322981985,0.17015736235370876,1,0,1,1,1,1,0,1,1,1,0,0,1,0,1,False,False,False,False,False,False,True,False
482,34.63978160217113,7.379206301185725,5.0,24.879814581071244,Ethiopian,0.8904254603373114,0.6915715013211764,0.22845324564909247,2.312995331105314,-0.34920084492485065,0.33246369908334567,0.9138765136908205,0.35809414883741914,2.0676189291082694,0.362096386963424,-1.3045804403585621,2.7187373493427214,0.07423982307849478,2.203235314523227,0.4313215311022103,-1.3496275076233442,1.0600060910240987,0.26456039735453457,1.9722264839929955,0.08204970885786281,0,1,0,1,1,1,1,1,1,1,1,0,0,1,0,False,True,False,False,False,False,False,False
483,91.1192515664574,82.77299547865259,4.804647569155848,18.777503344184186,French,-0.5902919701732602,0.7676236078414512,0.6219175687909998,1.9105333048506508,0.08715312980625785,0.5681514354408774,0.35904653548840393,0.2965226454373603,2.3410334031185456,-0.16383849632355482,1.3139707272043386,1.409764553579483,0.2966417704675087,3.259869316090859,0.07688470782299117,0.5675120588538545,2.352445081259375,0.44060738348045436,2.4304639677378836,-0.04807663528625461,0,1,1,0,1,0,0,0,1,1,1,0,1,1,1,False,False,True,False,False,False,False,False
484,4.090539019847306,89.89108541377036,3.982424352230977,20.406245199511467,Mexican,-0.16980033225687277,0.33797714722390676,0.4530940550118383,2.7216927142713994,-0.3231120735694059,0.08296216515380773,0.8782166905736848,0.06431071439981577,3.3449260607598634,-0.18356936785867467,-0.7968492222877771,1.5670454311696884,0.24950837778287815,2.717047166421817,-0.2716685896033649,0.9576535971713216,0.2637738096370693,0.2389704725814034,2.775893722286769,0.3219380574929415,0,1,1,1,1,0,1,0,1,0,1,0,1,0,1,False,False,False,False,False,False,False,True
485,77.07393082278286,98.53116359034281,4.241459119551434,18.40996147789198,Ethiopian,0.841362536593094,0.8132239289322357,0.49371152873290786,3.226103031868958,-0.03507040019262582,-2.028781498436987,0.23285477815123534,0.09249612356835685,2.760623862161328,-0.16266343465292646,-0.14114436337047118,0.7880324555325143,0.3733618870652886,2.859284638318071,0.24012790100091005,-1.0679050538364678,0.35784369690611806,0.39432330822153194,3.408827405669323,-0.6790006146759987,0,0,0,1,1,0,0,0,1,0,1,1,0,0,1,False,True,False,False,False,False,False,False
486,79.37632180111738,29.619574215340016,3.3861016332386735,23.629146397152265,French,0.22292553431905937,1.1609262219921823,0.3404673544824681,2.7098486212268487,0.01715665261300441,0.507314628669038,1.1600181567647814,0.30257092081924875,2.844477350714629,-0.02299231508188958,-0.5705927319948751,1.1501122751788335,0.4151774706969868,2.492750421984769,-0.006513426690668811,-0.019971435937196153,1.9645669374782153,0.1970548499897478,2.8338968734667227,0.33401087817748676,1,0,1,0,1,0,0,1,0,1,1,1,1,0,1,False,False,True,False,False,False,False,False
487,56.686085709257625,93.71801371443773,5.0,12.427074689190038,Mexican,1.1215615406379107,0.7522218443490892,0.1676519574054448,3.844531476879894,0.150118946479048,-1.1866632546976938,0.7699850633965749,0.5098078238647161,3.2821950635285315,0.46254252871748625,-0.3946293403574618,2.2188646560572702,0.40508279064279373,3.034416292108624,0.28753848319650394,-0.15569462255367716,1.0702771626980527,0.3955417166131328,3.467275369690498,0.005090341037948573,1,1,0,0,1,1,1,1,0,0,0,0,1,1,1,False,False,False,False,False,False,False,True
488,65.67175551858068,53.15945242445758,3.639258194531419,22.758586829506985,French,-0.23053319042049558,0.794641741874778,0.25604008889646923,2.4760121554049292,0.040338445223848156,1.0212760404621086,0.45771215165093665,0.39348022872295113,3.236761792067338,-0.30850133763250387,-0.01614710917352804,1.607561093758749,0.2899406288462212,2.433641457757737,-0.3747663977599622,0.2807740672342138,1.1559274041134795,0.20666581742268086,3.144469274992028,-0.6853297576866683,1,0,0,1,1,0,1,1,1,0,1,0,1,1,0,False,False,True,False,False,False,False,False
489,28.871524446587816,16.27860065368377,3.710060462889047,24.239217689660375,Indian,-0.43367733686258647,1.641572563001926,0.32234130286005547,2.4684408873006407,0.06864178579414043,-0.019103401251918905,1.0990339269690759,0.05931842957491859,4.113243130271536,-0.07902745098394309,-0.2348335637390464,0.7807855810075951,0.06979723823524381,2.850677835724374,-0.48480756184329515,0.15653188956061473,0.8370697576902258,0.15768069713185023,1.6968980724446812,-0.011114665250480858,1,0,1,1,1,0,0,0,1,0,0,1,1,0,1,False,False,False,True,False,False,False,False
490,45.776541896426615,36.89118388751731,3.905254841810619,26.803906780592527,Lebanese,0.4669634585963319,1.3926806447831626,0.09143967691037103,3.202511924503073,-0.010592110598905215,-0.0026151980708090774,0.7372388011290649,0.13132113645028232,3.49740904841192,0.18146125433468732,0.1747262951623826,0.9106067562715296,0.2356159225761131,2.5891429941784887,0.06837421172039825,-1.2061866141149273,0.7627023306532181,0.6299008934101018,4.635263397708221,-0.19097504650086666,0,0,1,0,1,0,1,1,1,0,1,1,1,0,1,False,False,False,False,False,False,True,False
491,17.454493968409956,89.41429634783155,3.8599328884982307,13.028538285204295,Lebanese,0.21361897531922835,0.9504447486654356,0.5687541746376457,4.571528361145461,-0.256357973336706,-0.6499502971121319,2.3270991152389833,0.24928095229262479,3.2864437917010294,-0.004212006746897691,-0.4076594889725254,0.5256130472987441,0.10183696879275839,3.929944274192692,0.3663643531850076,1.7993171015888092,1.0221041789167462,0.6715455704685775,2.155709945065366,0.0955262634632944,0,0,1,1,1,0,0,1,1,0,1,0,1,0,1,False,False,False,False,False,False,True,False
492,25.332625797741994,48.191545462436544,3.507819936809488,20.44136958775137,Mexican,1.1847291588877855,0.6299974111516393,0.5526132820169704,3.636178366986048,0.2726808717096751,1.754051581421699,0.6569780813743992,0.22751934287977194,3.101090204201816,-0.34473883352495216,-0.10848735693912369,2.297629827781447,0.2960703592265431,2.731292506801682,0.06333638620742298,-0.40433072013186666,2.0823271930571288,0.35713488219556894,2.041698288992272,0.05460356931313716,0,1,0,1,1,0,0,0,0,1,0,0,1,1,1,False,False,False,False,False,False,False,True
493,45.12456798898084,89.82780900771068,3.9065220555179776,26.335339117756533,Lebanese,0.40529031595465187,0.40686420358732317,0.07614547383064142,4.455151820560552,0.017034992031604437,-0.7776219709454106,1.3313409078818805,0.5303959059178533,3.5253511211017448,0.1335521604244442,0.6005539884451458,1.176324380204102,0.34542762994512843,3.2739348017391943,0.19236621252065728,1.2069069869946523,2.0588668136748645,0.5428080818995523,3.5612210096039196,-0.20415074189671156,0,0,1,1,1,1,0,1,1,0,1,0,1,0,0,False,False,False,False,False,False,True,False
494,18.231742576718624,37.763465078572466,3.7364987368924334,17.389971909964128,French,-0.026987153327896633,2.7992413729682335,0.07361608026810558,2.6557562868763656,-0.22533921792227496,1.3896800769500655,0.5529795350437856,0.5696016718147905,3.2835314526278796,-0.032385443437661456,-0.5410599005493377,1.653050710751119,0.14900534329213558,3.4210169789061164,0.008935328712511063,-1.9186202351870885,0.45203993199328124,0.07411716161032338,3.4595582739801403,0.26920970438299646,0,0,0,1,1,0,0,1,1,1,0,0,1,0,0,False,False,True,False,False,False,False,False
495,9.579688401291442,68.5297813987587,4.503537077399165,17.264407126419158,French,0.44887378733962446,0.3969265261592923,0.40705437133223515,3.8827570948458616,-0.39019845951251625,1.641922491084025,1.2699335488717485,0.08861908210086676,2.3387948408179957,0.02593417696157903,-1.5077610878810306,0.5832503586420659,0.031682279870321156,3.4737201608402426,-0.32586336292027845,-0.6354665444000485,2.348669214849766,0.2468404704020591,3.7473617559343677,0.17963234014409415,0,0,1,1,1,1,0,1,0,0,1,0,1,0,0,False,False,True,False,False,False,False,False
496,26.21477538226512,67.99532058019763,4.5687833187522955,19.22633052013922,Japanese,0.6547235912940476,1.4962844248229359,0.36897695040140105,3.3972798122123535,0.036258132912306416,3.0,1.549222596085406,0.31436294320988717,2.4689146982455386,0.028468657560580788,-0.7941330533212346,2.0112974024157007,0.07597155792099344,2.6019786415682375,0.054875434282992734,0.33855575587790515,1.9807715000901955,0.22508253101846049,2.4212659338386517,-0.17408181745561635,0,0,1,0,1,0,0,1,1,0,0,0,0,0,1,False,False,False,False,True,False,False,False
497,93.5328565057033,10.566425178836148,3.8664889882963225,19.712571516081777,Japanese,-1.1213390332264699,0.8985030789323354,0.10731887188957963,4.985109279265407,0.30052269787998703,1.383955546520584,1.6733549518905617,0.3320174205837795,2.764950115989254,-0.3412903282944387,1.4017418242740352,1.4489364957526931,0.1739669897205028,3.4933683336784065,-0.07068893387121479,-1.2850350593915518,0.419500594990145,0.17472713904302534,2.7754743173010175,0.21189440673892476,1,0,0,1,1,0,0,0,1,1,0,1,1,0,1,False,False,False,False,True,False,False,False
498,5.239039397948808,58.210041519585,3.808394641300438,15.00325143604318,Korean,-0.14342907537731306,0.6497438159823912,0.49114603363915016,2.7383088427820668,0.06232194094574536,-0.07731628611948763,1.8217254658195299,0.28471105215059883,3.021961513956496,0.3793439694388478,0.03018232935021161,0.7065972613224167,0.24826025323718948,2.834186379128619,-0.24126140290209852,-1.5464138542276984,1.5686075323358977,0.11127408188996725,1.1323974928578036,0.4485209296146446,0,0,1,1,1,0,1,0,0,1,1,0,0,0,1,False,False,False,False,False,True,False,False
499,6.9124573991219185,6.122619843627531,1.9859577610728247,22.85190168197891,Japanese,-0.3345723768280467,1.728648240516478,0.47157121857979156,3.234240643458176,-0.3792449256622121,-0.9118263342090117,0.4800143689664575,0.3183973627873477,3.490593057190123,0.3337236793523825,-0.2582585406163198,0.5329967448356373,0.546484952347954,2.1688814547077624,0.12540066980660938,-0.8635725338264589,0.9354415666252186,0.37006588022243825,3.5053403675473174,-0.2526936329189927,1,0,0,0,1,0,0,0,1,0,1,1,0,0,0,False,False,False,False,True,False,False,False
