restaurant_id,x,y,rating,cost,cuisine,c_16,c_17,c_18,c_19,c_20,c_21,c_22,c_23,c_24,c_25,c_26,c_27,c_28,c_29,c_30,c_31,c_32,c_33,c_34,c_35,d_36,d_37,d_38,d_39,d_40,d_41,d_42,d_43,d_44,d_45,d_46,d_47,d_48,d_49,d_50,Chinese,Ethiopian,French,Indian,Japanese,Korean,Lebanese,Mexican
0,87.34294027918162,96.8540662820932,4.000886843769769,14.075292569238677,Japanese,1.7494547413051793,2.608642420211607,0.372311208479359,3.7255876335897495,-0.0759908465392446,0.47298583148997897,1.3559653122070119,0.23466454002329967,2.2543593922292215,-0.25207246756199053,-0.7232213001067072,0.5492875731813196,0.3411178605468488,3.632130680829569,0.35543030460223407,0.49021613632095445,3.4617249035468056,0.5376052141292867,4.2291275462094085,-0.07552328403674538,0,1,0,1,1,1,1,1,1,0,1,0,1,0,1,False,False,False,False,True,False,False,False
1,86.919454021392,53.085569155559895,3.768364744599841,14.846240425650478,Mexican,-0.28607299681629417,2.7793944879325854,0.4301205054976624,1.2763007478715027,0.7414382898680187,-0.6814258794394451,0.6900285454209354,0.2392518931962382,2.979526773857607,-0.23330700027834744,0.9066653091214245,1.4289036761975993,0.26655516428256104,3.9651105674638276,-0.12776431692209958,-0.023634994959843145,1.017537633579455,0.22429784902260072,2.95222341180678,-0.5016400034682029,0,1,1,0,1,0,0,0,0,0,1,0,1,0,0,False,False,False,False,False,False,False,True
2,23.27283279772907,1.1398804277429897,3.1071469575484687,15.425573781479368,French,-0.4845651322211443,0.38530812639995293,0.35696097923459763,2.772131038003691,-0.23165869895905217,0.24243949669047796,1.6071714856018169,0.49899871734833307,1.2477777900908242,-0.02591834933495678,2.904939923050403,1.197023895140347,0.3512883258098441,2.924132274377773,0.36100470582699146,-0.5357388990081827,0.6916387268122606,0.4731261781766353,1.9526209672670094,0.24175785974622463,0,0,1,1,0,0,0,1,0,0,0,0,1,0,1,False,False,True,False,False,False,False,False
3,43.04688182924905,40.235136003736486,3.9896937946033644,15.878961281123502,Ethiopian,-2.653318559261479,0.7974406157195875,0.40584794988433254,1.8509791665748343,-0.15582304624635132,-1.7007356340383315,0.6061407736115273,0.35503832873913277,4.127638243658996,-0.10863840149599262,0.7213742271230317,0.8541089224560865,0.35691102087578025,3.4286523672747324,0.6757134471244116,0.012060203212148844,3.752574911574505,0.2732522844763691,3.5958384320367474,-0.0006243006421319278,0,1,0,0,1,1,0,0,0,0,0,0,1,1,0,False,True,False,False,False,False,False,False
4,52.267467135256965,47.83917958024024,3.6973108286336656,16.313348026346873,Chinese,-0.00828462937293585,2.008731253806943,0.4569984688245467,2.4924906867011125,-0.3336679622192592,0.7531428339492002,2.193902613212232,0.2747585750574334,3.677451127551804,-0.8238776280223461,0.7919642655811135,1.1818430996741165,0.14508732608657487,1.3435932381294027,0.43286463732126884,0.18988296554464987,0.17353949496358434,0.5715078259006562,1.6112495375687876,0.22309343967649498,0,0,1,0,1,0,0,0,0,0,0,0,1,0,1,True,False,False,False,False,False,False,False
5,55.535647382233044,54.338601754254036,3.615091709698477,24.28782013762956,Japanese,-0.31963136376429857,0.43722155373815325,0.2527754848078752,2.6941784540941143,-0.4384036680666358,-1.534721340208044,0.4755680719618619,0.0811123795405686,2.774488484270896,0.38634032251676503,-0.44804316359296,0.4379187959593491,0.43880180417909476,1.8460671954366197,-0.3439874293497911,-0.2895216360185771,1.6851290283326645,0.2565427524941858,3.2273332445709335,-0.4926833006239245,1,0,1,0,1,1,1,1,1,0,0,0,0,0,0,False,False,False,False,True,False,False,False
6,76.0895575602929,71.23745740820912,2.786135056963462,24.7359360895417,Indian,-0.53662936223473,0.5744182968605136,0.13532550954895511,3.379994765051338,0.29841290739836535,0.0051270781322723565,0.4859534249583526,0.3860291015132268,2.4802609577914767,-0.20835095324417663,-0.7938495925502261,1.9453470584368486,0.28862357124803895,2.666575843226976,-0.08571174016661888,-2.019294835958612,2.567441902686414,0.2218500560383734,4.111592916853757,0.18657433683406444,1,1,0,0,1,0,0,1,0,1,0,0,1,1,1,False,False,False,True,False,False,False,False
7,61.96820961034396,42.60917704761922,3.6073024150226027,25.984859492862498,French,0.3154026684256969,0.45909044797315807,0.2438671687683271,3.940198038260284,-0.20801546681305222,-0.12022767015619135,1.5184467847462935,0.11080826662818069,3.442163212535143,-0.07946201253295433,0.7257495555954071,1.2510526244857603,0.2876089245025341,3.7128522901829597,0.5170074387360102,0.05796599916795306,0.4598746207902837,0.392847748624791,3.5804818400710197,0.33690207564644353,0,0,0,1,1,1,0,1,1,0,1,0,1,0,1,False,False,True,False,False,False,False,False
8,28.90750280180877,97.38552412004462,3.807455537197862,29.490420273981886,Japanese,0.42105071625547846,0.44168402118430855,0.6188848480589534,3.625447200467807,-0.19103427639772347,-0.8069818785729513,2.9077821629939815,0.47187564520819936,2.793200816107113,-0.09210778257117473,1.7446973726039006,2.2740508716170424,0.14164370474537413,2.6192721127477507,-0.2516424642671675,0.5012976327288423,1.1881339358071141,0.21998665495670347,4.413648567644034,0.34912497324293185,1,0,1,0,1,0,1,1,1,0,0,0,1,1,1,False,False,False,False,True,False,False,False
9,33.37740455106704,21.8801060819828,3.481642031822717,22.623948188887546,Mexican,-1.0656029804488336,0.5063580647831426,0.3212250896410111,3.2108551505158522,-0.24559348905101216,2.8718193949889166,0.6201521866373605,0.33484585764753544,2.457340532976132,-0.21232448365018652,-0.027251094822305318,0.5356157805673682,0.2679659255886586,4.089220561357006,-0.3830482124600154,-0.9741076263034238,0.6549630625696367,0.09413619561231973,2.9620427241602543,0.06687281639849454,0,0,0,0,1,0,0,0,0,0,0,0,1,0,1,False,False,False,False,False,False,False,True
10,6.580838778721143,98.28705465534338,4.508712864197466,19.29710258388523,Chinese,-0.886239669955473,1.1119393479249464,0.028662440701984277,2.7026983580501005,-0.8546159463710611,-0.597822919406344,2.5648590549557793,0.5467895516361878,2.5684496301256443,-0.09728333727035131,0.7541779501395228,1.129204081435466,0.14169569625056794,2.9027827644799458,-0.353599523379057,-0.4506230620064861,0.759282737238917,0.21988902652958017,2.7279599835308783,-0.6308806477652439,0,0,0,0,1,0,0,1,1,0,1,0,1,0,1,True,False,False,False,False,False,False,False
11,12.785571292503183,32.21307932041794,5.0,13.542588796089184,Mexican,-0.4757334926833952,2.1411762108649337,0.13155669644949258,4.014562075114711,0.2237270821110358,0.47245699353575754,2.49178197510943,0.202902531523295,2.615807281445274,0.0023912112272931408,-0.3313185563189308,0.6771863726855094,0.5505766351796785,4.160136194051711,0.4789897879448755,0.8467406619964374,0.3568824037120875,0.4667239604268375,2.544029916022804,-0.033384654060086595,0,1,0,1,1,0,1,0,0,0,1,1,1,1,0,False,False,False,False,False,False,False,True
12,7.094284475019874,22.476993896804544,4.237345774169123,17.627413158974644,Japanese,0.6896823102014212,2.5013078277182,0.05655682294244533,3.1957584228706706,-0.17106157717542977,1.0959561180085615,1.6063256369789756,0.3284336809832866,2.0184763211529444,-0.1365696466040329,-1.067932824217411,2.0250053112855038,0.12360044457973683,2.929536264368087,0.017227284024872884,-0.903270437759341,1.345310668665896,0.5741277465835712,4.352485668836541,-0.1692352738774242,0,0,1,1,1,0,1,1,1,0,1,0,0,0,1,False,False,False,False,True,False,False,False
13,39.36349149436049,89.61450048806353,4.5660029294815105,19.96967128609996,Korean,0.5611921760332811,1.00715828899629,0.07821536912372903,1.5569539350495651,-0.01934114198280847,-1.2151688010922146,0.8778034803291903,0.2892168070223169,3.675429570055079,-0.4117805321376844,-0.6260282720799695,4.256468943689588,0.5499920370175492,4.6512615640668304,0.12042783954471065,1.0210944765159953,3.9958114611594513,0.3559813351464988,3.080919391206711,-0.3068720741268133,0,0,1,0,1,0,0,0,1,0,0,0,1,1,1,False,False,False,False,False,True,False,False
14,34.54616119978671,98.47494372852714,5.0,26.540991031743896,Chinese,-1.3055485097805806,0.3065595868224162,0.20056465074699556,2.924877745439107,0.4110016808407973,1.3423563714379816,0.2697024648701536,0.18098789702007687,1.424313823115379,-0.23464286548013336,-1.3185344465078936,0.9701306155286374,0.2678005989019742,3.2400381196360954,0.002638803728332048,-1.9423824916204055,2.3421563462527546,0.1739306003226996,3.6381431737176695,0.17096689787542188,0,0,1,1,1,0,0,1,1,0,0,0,1,1,1,True,False,False,False,False,False,False,False
15,2.87320489632954,35.168473627012006,4.3446152235991145,16.742198850974763,Japanese,-1.1194752615996189,0.9665912701316643,0.4770432822768561,3.376462531961731,-0.04755147368760392,-0.12214978766832274,0.39048682662900674,0.1885981962500271,2.971714338645433,0.33174693432803226,0.17984385855282084,1.222184425593641,0.21297902441014235,3.3370779608293724,-0.40733990276804255,0.22206065212171142,0.7483608499155991,0.50410414597437,5.0,-0.2348956339516987,0,0,1,1,1,0,0,1,1,1,0,0,1,0,1,False,False,False,False,True,False,False,False
16,38.0958889203853,76.416013136596,5.0,28.013150440293895,Chinese,0.7368373912295207,0.815852704885538,0.19260942824463906,2.1974957989276,0.034866362446408124,1.012515476977173,0.6152035092409398,0.18385282510369338,2.7717902985818377,0.004621875671164272,-0.5271716979609602,2.256228974032909,0.28021908121224526,3.215842847751572,-0.5698222706670437,0.6781555781571763,1.1923818641612953,0.31653974762685483,4.700802524456711,0.19309003872049968,0,1,0,1,1,0,1,1,1,0,1,0,1,1,1,True,False,False,False,False,False,False,False
17,93.88039133107718,31.968979646702767,3.279423062866649,27.822638849967632,Korean,1.5746340731042836,1.2353973676225871,0.2905618381780084,3.1473664201466343,0.049351786905952225,-0.9138691467058685,1.3502598619654205,0.702063684770694,1.5110070105828957,-0.12536395293751113,1.6395547913747504,0.5218485977659727,0.4893494446022227,1.5248782975102784,0.22240086321919278,1.3641159266301892,1.150505172310644,0.1955638577569329,4.828374182488279,-0.06666867970919092,0,0,0,0,1,0,1,1,1,0,0,0,1,1,1,False,False,False,False,False,True,False,False
18,43.24759327904159,27.01457415914653,3.8902999916975958,18.709680193185676,Chinese,-0.03107508846786004,0.9258455347781721,0.13688455880434847,4.185735456201243,0.38350479476704274,-1.029530207374499,0.8903809163192352,0.27753976641772543,3.3325107649585504,0.3623959791834533,1.388289552554344,1.0222930858464865,0.16225150056033943,3.885755523264662,0.004926224000918458,-0.425274500199245,0.8385609579550861,0.5962680354619723,2.389888472832138,-0.2911718060389416,0,1,0,1,1,0,0,0,1,0,0,0,0,0,1,True,False,False,False,False,False,False,False
19,80.10558863263945,63.82388061231213,5.0,18.203894096104985,Lebanese,-0.6834466274652374,0.3403884350579758,0.14972936210700502,2.759222146038752,-0.4119481241214844,1.2097964496316869,0.6713115652838889,0.48651989083754815,1.3016323444677613,-0.21686467957071928,-0.18158215524678104,0.7668017059860285,0.15379703708491127,2.7719234646514246,-0.10427058232813431,1.8452257089366588,1.1071907424935856,0.24695376531917185,2.8512538412684143,0.31047621833274264,1,0,1,0,1,0,0,1,0,0,0,1,1,0,1,False,False,False,False,False,False,True,False
20,6.869013345815722,60.36444763691112,4.540216933945748,20.04896518454424,French,1.095629698519445,1.2814215756027743,0.30458497050199845,2.9199463169669366,-0.17449666663062544,0.5018723037790331,1.051393163753488,0.3388526438819797,2.33628921880372,0.5058577533581124,0.37346037925350656,1.0167885512833421,0.38703212253147457,3.6958086794875538,-0.002715935126037733,0.21448506003202972,0.33967868900456366,0.5470220574214847,2.624838617915465,-0.1960046404270447,0,0,1,1,1,0,0,1,1,0,0,0,1,1,0,False,False,True,False,False,False,False,False
21,79.55745584289767,3.2008156425796797,4.025566493573359,16.050346255032842,Indian,-0.309576637220662,0.2891813549092245,0.08237292019928703,2.927080807280965,-0.6627296693531552,0.13884617715623349,0.3697030473427171,0.3080818293291708,2.2011018643350964,0.12115494271681194,-0.2650305470642156,0.48987326464951814,0.34065066497369395,1.925376546862243,-0.17271641001492877,-0.09959087908214011,0.46865938325827794,0.724899818765078,1.4180899540566783,0.301868343063509,0,0,0,0,1,0,1,1,0,0,1,0,1,1,1,False,False,False,True,False,False,False,False
22,45.544782210593304,79.01725413382856,4.734516717037986,14.480995545901846,Chinese,0.7257522247990231,0.6609568450945411,0.2061952103108242,2.1744356518488743,0.0048342469095239565,0.6407611133416717,1.2561709324202932,0.3004685961265261,2.6309077026252687,-0.0784810140549297,1.331670259508292,0.41023231557354317,0.27851014840400323,3.353006145646329,0.36602637674851096,0.4294689487616878,1.5539834278098539,0.16648161631456507,1.7233608943891487,-0.08756514338742681,0,1,0,1,1,0,0,0,1,0,1,1,1,0,1,True,False,False,False,False,False,False,False
23,98.85965181137293,58.39645435009667,4.304407573152193,17.181153089016107,French,1.5490716333717869,1.2056880841746112,0.18168188013617068,2.5739667727374065,0.1917549560438295,0.5273326651106617,0.5632657039248201,0.07134638356346952,2.5449550716800418,-0.2962154676438685,2.3516460985317034,0.45145043594032036,0.08569671842968007,2.255617767239974,0.13773528475559832,-0.22763281385214,1.1169733924183114,0.27642635037982954,3.2334094496760213,-0.1586745363153527,0,0,1,1,1,0,1,0,1,0,1,0,1,1,0,False,False,True,False,False,False,False,False
24,3.8912297642321847,44.642290751790256,4.413093989790326,22.406742204957265,Ethiopian,0.6300798224934151,1.233949425118122,0.4179477589599408,2.141879135139448,-0.13076708444101295,-1.1543602352166882,2.142375787241579,0.14640832869196257,3.7065185382798123,-0.2605860383793187,0.2352216868580002,1.116342739216641,0.389961777226383,3.068327411653737,0.0857336535192046,-0.9545067127236085,2.039610433353741,0.2927840428273136,2.238406335627224,-0.3938279979259137,1,0,1,1,1,0,0,1,0,0,1,0,0,1,1,False,True,False,False,False,False,False,False
25,18.817251529331426,62.70556468552484,3.715808433323117,10.0,Indian,0.07349323700188944,2.5671820110823975,0.1687355938263308,2.7154977051541054,0.604305717171474,-2.213333479396823,1.0945153089574235,0.05237597691633697,2.8410364788199782,-0.27185401684952737,-0.8310457338941529,1.0473099514768254,0.3617784470361165,2.783394140899203,0.2771256020706884,0.6297353811152906,0.6133631493540127,0.267769962118533,2.277036562373992,0.09999869685840233,0,0,1,0,0,0,1,1,0,0,1,0,1,0,1,False,False,False,True,False,False,False,False
26,21.53177994727462,15.09701076574964,4.167021600981776,23.466341421249485,Lebanese,0.7322713538852552,0.2423316210672991,0.20226043583372408,2.300541300219153,0.2973424231632677,-1.6817565103951275,0.6318654417329798,0.5590871080415183,2.7871615358039703,0.33341195187007683,-0.9313286188398476,1.5643070737686602,0.26424354617325546,3.958618483794622,-0.4733441953870463,0.129117028898306,4.3965455568913665,0.43090788044900147,1.0,-0.08680628237711026,0,0,1,1,1,0,1,0,1,0,0,0,1,0,0,False,False,False,False,False,False,True,False
27,53.61443066795745,10.038679422454933,4.2627288607747555,28.12256636501693,Chinese,-0.6425753924333545,1.2262865348222753,0.2650715185437986,3.7212725554442425,0.5942295102489484,-1.7880942510621582,0.7245444161601092,0.12868628446210745,2.8853911737886113,0.5587660401610035,-0.23197457923774814,1.3433123546310923,0.10297893539627029,3.389795865298718,0.0390643074889819,-1.0241360334234724,1.3436423336823284,0.23895387438225424,3.252347733618472,0.21705492602543106,0,0,0,1,0,1,1,0,0,0,0,0,0,0,1,True,False,False,False,False,False,False,False
28,73.11584319806627,93.96510394411747,3.601420186816405,26.151162611532143,Indian,-0.17809317531243013,1.5122947621811929,0.07143788499353242,2.852797876534062,0.052372895242649216,-2.218534945031401,0.38030681652487053,0.3422900693542471,3.1156029278862296,0.2511895024280471,0.20746779114608416,1.6487670534593988,0.3645279748646023,2.0972045106305033,-0.46558736949426893,-2.47434678090291,0.7363910168831356,0.1903872679870201,3.0954480511086686,0.09215976542020582,0,1,0,0,1,1,0,0,1,0,1,0,1,0,0,False,False,False,True,False,False,False,False
29,94.33181844632018,37.47385050177762,2.326578581167626,28.245523873513513,Korean,-0.5739545594102071,0.821742262791817,0.1315894204488489,3.6286745309875754,0.5519813072302097,-0.6474307801655981,1.1040589114754291,0.11500973237945183,2.3682900824637017,-0.12055602724744673,-0.1113803160561384,1.2414368454063125,0.2885417030111059,3.7943973368772004,0.04254042949705671,0.0010800440890782774,0.7919120150843151,0.10943122015746365,3.4206523370670996,-0.16090290838192128,1,1,1,1,0,0,0,1,0,0,0,1,1,1,1,False,False,False,False,False,True,False,False
30,59.57502458740258,66.19827122744677,3.933929807502775,12.570335424996523,Lebanese,-0.20437531566217204,1.4664124601728803,0.1098057594048417,1.9259231698503467,-0.15112295607991186,-0.528404320814362,0.5452746145807852,0.425544881615328,3.4372724829631403,0.06508561557456367,-0.3166183573848563,1.0854158710398352,0.1252766509592166,3.833460547641585,-0.17522668762822555,1.4817865760414637,3.654039553495064,0.11750645547146636,1.6447670217555868,-0.14983159521829714,0,1,0,1,1,0,0,1,1,0,1,0,1,0,0,False,False,False,False,False,False,True,False
31,51.05804552532703,47.08925816438495,5.0,14.615538807602062,Japanese,-0.4864951001088207,0.5162319089314569,0.42022710679855485,2.9257088740432295,0.13172169938179829,-0.03920917482874638,0.9331030616125133,0.17209733870537866,3.0593419637695773,-0.6116149803505789,0.04799846414250215,1.384326131028338,0.1721432680507316,2.2377587734883573,-0.34029106685639626,0.6859800679314397,1.0181252700210979,0.2925853540956444,4.20184215077142,-0.22858379643951368,0,1,1,1,1,0,0,1,1,0,1,0,1,0,1,False,False,False,False,True,False,False,False
32,0.8872285585150852,6.789640356536919,1.8623119966624477,27.92290144480709,Chinese,-0.18577532395900828,1.4832217027171035,0.5519181892015502,3.405824940483227,0.045460232317078596,0.214975948415751,1.981835050084487,0.2136142752773677,3.229372920365329,-0.34621109310430564,0.17979400639504858,0.8432886241300784,0.4616365917148419,2.4697532813021574,0.29308804211259437,0.6305184025588829,0.38259782378774104,0.6703039509395781,3.8509877861606756,0.03204876921845435,0,0,0,1,0,0,1,0,0,0,1,1,1,0,1,True,False,False,False,False,False,False,False
33,43.48162283835888,43.149363088036075,3.269376575530603,21.940302681921196,French,-0.38053641675867705,1.3811674891084826,0.3764741299074767,3.501326864342245,-0.12000733596373009,-0.3843588025535037,1.2248292746442138,0.148347759982783,2.904860913525613,-0.13542110300928845,-0.24368842022133536,1.184890342736017,0.08056030791300932,4.167068778122146,-0.15028528856943457,0.10927206635069138,0.6262458115041116,0.18263136663710886,2.528756441159864,0.08804586251883721,0,0,1,0,1,0,0,1,1,0,1,0,0,0,1,False,False,True,False,False,False,False,False
34,18.588368551977098,52.970531670190454,3.818148514204337,26.377367409301677,Lebanese,0.0889776353222905,0.5548942120988815,0.47510737457312346,2.4402258142033406,0.5114341399798621,-0.2539040780918864,1.3301725585546138,0.09830108623626975,2.9023083864441466,0.5413068004907599,-1.2138411927475878,1.059340415293126,0.20762923570710548,4.000411954917201,0.06929096487771069,-0.7160598097654203,0.6566667647456159,0.32504181296510554,3.9300451515386032,-0.2230261298733021,0,0,0,0,1,0,0,1,1,0,1,0,1,1,1,False,False,False,False,False,False,True,False
35,59.90862529401394,72.09244666875834,4.215452301568815,21.054852231994563,Japanese,0.06367166142477786,0.6703308463793964,0.16817173354591028,2.8560440443351607,0.41114671868554903,0.07325207460394176,4.8716254452503875,0.2680074545082832,2.9244891677643783,0.0798220272219846,-0.3783070479499652,7.43939421527673,0.16346503280290117,3.096065255802601,-0.1553368000498232,0.839366798481746,1.316492830568193,0.5224684772480254,3.501374407691117,-0.3766380519324623,0,1,0,1,1,1,1,1,0,0,0,0,1,0,1,False,False,False,False,True,False,False,False
36,30.639585663923352,40.43954647747654,4.904369005421347,23.099178698994265,Indian,0.29634710809428044,0.8923522176715343,0.21910691256760434,3.0276033945810887,-0.19566470922215998,-0.9972038374246764,1.5138628211528145,0.07968267086695255,2.386977296169274,0.2943321766259211,-1.4874862533107103,0.48139065236781275,0.20363492610963752,3.310266122874096,-0.4035063749085833,1.597667965286003,1.046207217394354,0.5110945140720833,3.283914472672081,-0.22939712764290607,1,0,0,1,1,0,1,1,1,0,0,0,0,0,1,False,False,False,True,False,False,False,False
37,82.27824204975265,58.71303512352972,4.8339179579711695,14.988520255640648,Lebanese,1.4027711194838541,0.6745893038429218,0.029550913607127468,2.662260602930363,0.2231448997795693,-0.7138562876067133,1.947879490662303,0.11041010636400553,3.08558045381052,0.18103033771503102,-0.26141173856816013,1.7847723084824099,0.1764499441479603,4.551327378799762,0.15157506022303358,-0.7873968229201058,1.5541877651911193,0.05597261488724031,1.935146595848716,-0.29654142416508106,0,0,0,0,0,0,1,1,1,1,1,0,1,1,0,False,False,False,False,False,False,True,False
38,70.65155434054563,51.058224668218244,5.0,17.336944735393473,Mexican,-1.5468625676023853,1.8713091184935844,0.2024782769219316,2.602865789753732,0.04485986893007634,0.03541634614048163,0.8567487384576015,0.36506894024090736,3.658157199308332,-0.27408716299422303,-0.441380839455339,1.5872461697016105,0.40261253030770083,3.674899868488647,0.15739214370453003,-0.2487025579471004,1.182203166740105,0.17389587659820827,2.805660743116488,0.2737049660927757,0,0,1,0,1,0,0,1,1,0,0,0,0,1,1,False,False,False,False,False,False,False,True
39,83.00616609931176,72.0678011479822,5.0,24.680137869082607,Mexican,1.2956185848026505,1.1108222196681459,0.23861933218948933,3.3618514870572116,0.06466459456530627,-0.6779453651227033,0.4879361258664767,0.1219913665695077,2.513294690137285,-0.005731799877259979,0.5377553102969256,1.25219808146931,0.5654015595490823,2.1114593870821157,0.1661648778197702,0.490820789093263,2.191208392576287,0.29194980384998603,2.0984225523202236,0.48368463972559017,0,0,1,1,1,1,0,1,1,0,1,0,1,0,1,False,False,False,False,False,False,False,True
40,86.62616828816473,20.340977215199054,3.4748379379797605,20.89627207035867,Mexican,-0.2372504457468327,2.200841965525931,0.2114895007939331,1.9822325094279933,0.20065505254371152,-0.5718810615865102,1.144225760621042,0.30735405671739424,2.913675186495403,-0.24099928482192384,-0.04652052373595038,1.0566949970186978,0.2741788580899152,3.1175803919051606,-0.3986054731512006,-0.7776467508300746,1.0176259794527485,0.40243519806431344,3.5812802422790093,0.4193599687835965,0,0,0,0,1,0,0,1,1,1,0,0,1,1,0,False,False,False,False,False,False,False,True
41,29.85348512836252,47.58040220637739,3.9549941632980543,19.814959521073582,Indian,-1.2323462066022715,2.0241497586299615,0.2902070978288569,1.4764279566958576,-0.13289262838245122,-0.105862315332335,0.49753959292581745,0.3995962426458614,3.466557457185897,-0.4492428462055154,-1.145230705742474,0.7789469811441406,0.22448916867083918,3.0699165089008327,-0.036987830117858375,0.5924981022284412,0.4289905722554623,0.4568530115283306,2.541747195536332,0.15682763426113083,1,0,0,1,1,1,1,1,1,1,0,0,1,0,1,False,False,False,True,False,False,False,False
42,49.360449792146795,60.76761307177876,3.6000779043147095,24.213300132787356,Japanese,-0.1724197671774095,1.0371828162132428,0.17405337945915664,2.545246868151666,0.07723567160654088,1.3358313386717684,0.1637279195468299,0.06950330170995742,2.7529700951713982,0.041110467992967664,-0.9839470763155035,0.4420678741538622,0.14510875791996058,2.0095498600581907,-0.018387331014884815,0.6862547325568745,1.0120934585104242,0.08872759726400156,3.6078341927309414,0.1258193436800814,0,0,1,1,1,0,0,0,1,1,0,0,1,0,1,False,False,False,False,True,False,False,False
43,81.89355770325862,52.772383841991214,4.349135504768635,15.93362312726582,Lebanese,0.09183837492938327,0.8905974516985108,0.1391856282586564,3.1714353687118626,0.11111359679850831,0.31866528801613553,1.428152512972341,0.22194427259669106,2.65179569226829,0.03921363172415913,1.3479184112499076,0.865975609956737,0.10694601543272797,2.589129777344267,-0.26621173603377624,-0.0027299020376985545,1.200104306754885,0.2155876103454767,2.945188668565382,-0.24513222501762283,0,0,1,1,1,1,0,0,1,0,1,0,0,0,1,False,False,False,False,False,False,True,False
44,93.92041360238717,72.33834149872737,3.6993495624872477,11.635309348236428,Mexican,1.0675584570477854,0.5666613652658146,0.2547986188983464,1.0965906939612031,-0.16285185106804045,-0.3375952500500365,1.219981642360024,0.2580232859381511,3.0648862743105765,0.11159362301840299,-1.0744195179676437,0.9513719060594595,0.24676938990325237,1.0856944412963332,-0.024280514343685163,0.2919482629228512,2.048260030027386,0.47022681728437604,2.487193511276456,-0.03967644640300158,0,1,0,0,1,1,0,0,0,1,0,0,1,1,1,False,False,False,False,False,False,False,True
45,17.875701566786763,61.972541659590895,3.261550733718977,15.747240801263827,French,-1.0616344482718332,0.6170739706432526,0.22729713666224796,4.033394483461812,-0.133251324967638,-0.5852682780074072,0.5253509005160962,0.43156923010908166,3.1083483991805663,0.1569434097770366,0.4410184910061815,0.5318934621835566,0.3264848799666067,3.822823203464834,-0.2020521251824672,0.8295990710515156,0.33368687578451334,0.4558625439055608,2.718193122517169,0.6296187647081616,0,1,1,0,1,0,1,0,1,0,1,0,1,0,1,False,False,True,False,False,False,False,False
46,56.228338396163345,76.34046146371463,5.0,18.591423301618853,Lebanese,0.21734820797221702,0.6183413233242389,0.14710624340494244,3.020574651322318,0.2826400430075043,-0.1149199407897547,2.167705311821971,0.2040642336479217,4.150707194705172,-0.28533936323108333,-0.06836006296359752,1.3625036297378288,0.1486906784196152,3.1553415779829392,0.030779395090274365,0.19964330278435324,1.5749151963960433,0.09882452911102055,3.1583549803621436,-0.40237555876397996,0,1,0,1,1,0,1,1,1,1,0,0,1,1,1,False,False,False,False,False,False,True,False
47,80.66463352132259,29.86252025528,3.8797577265571093,27.599657117632475,Lebanese,0.11781950435342614,1.232088038966748,0.31999638222871213,3.412530385721255,0.03060523089119241,2.2418177943952333,0.9499814415188951,0.1738818968612881,3.0487817330981684,-0.3522218718377323,-0.06714810639168917,0.4127784397131649,0.3153963660948617,2.147780620478919,-0.08170282371723876,-1.1871553683895881,0.6056862094155516,0.19319079902618666,2.3876480473388404,0.3308027186427743,0,0,0,1,1,0,1,1,1,0,1,0,1,0,1,False,False,False,False,False,False,True,False
48,13.838470671609027,63.53979141788637,3.489016195282013,15.204030134286658,Lebanese,-1.68411089296333,0.5884875610222831,0.36438456507363154,2.2679326773837514,0.7366639779777407,-3.0,0.7512819421799067,0.14875741538780754,3.6790918780551545,-0.11573190252899958,0.6105278217467924,1.8625875340942797,0.44934542645409015,3.347821632577216,0.13425061425467066,-0.5534107362259565,0.6297975896681081,0.17472733269709914,2.812261080600922,0.26305258922635505,0,1,1,1,1,0,0,1,1,1,0,0,1,1,1,False,False,False,False,False,False,True,False
49,0.8308374432570376,78.85832644978893,4.659816264401712,23.62695304658225,Japanese,-1.1857552653505647,1.0483263803512164,0.21280766785977362,2.911800921171276,0.6671766920286496,0.5351358932801163,0.5608909828703297,0.07906702955851833,2.9019713183211078,-0.09729058711375023,-0.5188212626586498,3.510295352051714,0.23116567569037216,1.7608782673616927,0.2860606136650835,-0.029228764778574747,1.6586070146987684,0.20802035013813355,1.2225363172688768,-0.270651171885683,0,0,0,0,1,0,1,1,1,1,1,0,1,1,1,False,False,False,False,True,False,False,False
50,50.207739263548845,99.7118661536522,3.0313290048364707,22.777143152856663,French,0.6001020056275471,1.1224945405166586,0.5594234526952283,4.41737615449724,-0.20239850578135113,0.23249043938376243,1.9984858781655397,0.5023609287590403,3.7847885538124397,0.3292201023980845,0.33123272390887337,0.7694659030644715,0.3453302980514988,3.5355184258465657,0.07983553653164725,-1.6710309795977714,0.6718795978320609,0.28401144384854593,3.2191205212061167,0.2461031339576416,0,0,1,0,1,0,1,1,1,0,0,0,0,1,1,False,False,True,False,False,False,False,False
51,98.40406473734805,22.70786265832754,3.597275698458493,24.148749273196785,Japanese,0.6955672553748646,0.742493928123072,0.2614138184467629,4.451169885084398,0.11083941459633426,0.8676119508822832,0.7657346098141008,0.30027595581007716,3.9668911028446705,0.01680914083720389,-0.3232427500926921,0.9886835218021119,0.1594052802551013,3.315959540834983,-0.11792379441933551,-0.36193640905379554,2.7785699509484316,0.2266724905409541,2.9929904957369016,0.015914170179402144,0,1,1,0,1,0,0,1,0,1,1,0,1,1,1,False,False,False,False,True,False,False,False
52,84.99572901897207,81.28175356381716,3.4384674453656556,27.344290831414618,Ethiopian,1.0877108600968606,0.8942814550855247,0.1519703371367298,3.4549793912247195,-0.597717558921914,-1.1482127142462721,0.7365439187818111,0.08303476515975458,3.995629256101844,-0.2495294714928859,0.5622873575313911,3.237488291125497,0.2670805626020259,3.8992101289158714,-0.06776878973527589,0.2289752915215787,1.3392476747322488,0.09573912992280985,3.7933064296970174,-0.12467166399533296,0,1,0,1,1,0,0,0,1,0,1,1,1,1,1,False,True,False,False,False,False,False,False
53,23.61343702522496,65.68532942055742,2.4205831799011714,19.98088860392021,Japanese,0.5338217156453109,2.3802890860215062,0.3951691526894581,2.726644578312546,-0.18720740566965502,2.1143442414555107,0.7520173023419907,0.15519199059395408,1.8886724248820772,0.11264604517746934,-0.26233016906902606,0.28572076409732416,0.3401119291436049,2.9616114063746033,0.06836682756274153,2.3282964633570984,0.549304332840139,0.411341519693892,2.4226551979979614,-0.10792905030966925,0,1,1,1,1,0,1,0,1,0,1,1,1,1,1,False,False,False,False,True,False,False,False
54,97.71710015482591,73.15685148024093,1.8754142679762327,25.2874341856748,French,0.3952120129351584,2.630539378669674,0.3236793138690881,2.8629688557019892,-0.2633112438259053,1.0009427606895045,0.6219740928973303,0.38181583326981366,2.9346289954229645,0.06158818532626183,-0.9032762016967674,0.6481774947805059,0.24443968805151858,2.855268703766542,0.07650410335983797,0.15951006273426047,1.1443363744243227,0.4967738820299339,2.5052565448998703,0.2767655336147374,0,0,0,1,0,0,0,0,0,1,1,0,1,0,1,False,False,True,False,False,False,False,False
55,9.562836130088648,50.0606105944316,3.9538542009774416,15.081675223950711,Indian,0.12286752936260395,0.6252649401957341,0.13727714150289091,4.017240636132068,-0.22710460625161577,-0.051414995286116726,0.3620868569382228,0.33560322299237594,2.040604558790699,-0.26889019358071153,0.10450183389306227,0.4587378942129527,0.3278018194013476,2.0199990951878557,0.0003659465978108107,0.12462775695190659,0.46659850279746656,0.06632585602574216,3.9236999085284854,0.41574904276998276,1,0,0,1,1,1,0,1,0,0,1,1,1,1,1,False,False,False,True,False,False,False,False
56,46.2360078538021,0.07438894434061982,3.4750507311104935,25.426803650132392,Korean,1.2091016420933414,0.8897915417102922,0.572420175172909,2.3761390462970255,-0.6453385664385206,0.15978769807335919,0.6410179914857225,0.4560478983055839,3.002101940684131,0.35043626660285954,0.006321809770594927,0.6560215601381961,0.12363272208093014,3.708230493812691,0.6211910874232686,0.5685015553420649,1.9973485303751748,0.08623094943883823,2.945923946055739,0.12011486960972614,0,1,0,0,1,0,0,1,0,1,0,0,1,1,1,False,False,False,False,False,True,False,False
57,98.89389404604222,87.7619941175095,3.4706346297973,21.82932474303112,Mexican,-0.8430661010803195,0.7998914656290507,0.40643169950413394,2.1974114587796505,0.08399195281195286,-0.7162635863249601,0.5870819371203689,0.42934372585218455,2.933182662985692,-0.5683902145730658,-0.32222101650728235,2.010936600893811,0.21492060998048854,4.066992661293678,0.10061195604033793,-1.806601321617956,1.1899850567806223,0.10599644786340812,2.6758353028830055,0.11263817318481956,1,1,1,0,0,0,1,1,1,0,1,0,0,0,1,False,False,False,False,False,False,False,True
58,21.72111529162143,60.53775013126169,4.615478750899509,14.53506206845049,Mexican,-0.14189358101621208,0.8475038244001689,0.3175208472712962,2.8381425447756494,0.04608479075767586,0.050522826525369983,1.5168423528518076,0.14610920480580314,2.102714880919742,-0.057581388830708416,-1.3387253008169095,1.8342995980761483,0.14003011794653505,2.317250739531675,0.27643026798194037,1.0791731775512856,0.7251673502323842,0.4633449780348011,2.990761346767061,-0.08849624847474367,1,1,0,0,0,0,0,0,1,0,1,0,1,0,1,False,False,False,False,False,False,False,True
59,47.19531205359291,35.91089147932802,3.2807960862121863,10.0,Lebanese,0.3853541380984869,2.5120086737585607,0.29864288992342264,3.681404134728996,-0.24392224863084483,-0.14333741454895502,0.4535408998593354,0.5253557223981322,1.9818048894947051,0.22794391233293948,0.6231144891989125,0.7456396214765104,0.17163281986777243,1.1855101448102654,0.2659739071148747,0.8036569257899357,0.5869436548946402,0.13944530659232462,2.7313944908073426,-0.8265779196487864,0,0,0,1,1,0,0,0,0,0,0,1,1,0,1,False,False,False,False,False,False,True,False
60,52.92924523083301,56.48231106837381,5.0,19.382555618057935,Ethiopian,-1.5774943085916198,1.5096423719843293,0.2110454297405172,2.0798913272343453,-0.022941376326462516,0.9435753905208083,1.5061145850155193,0.18013854510928354,2.3329690776966916,-0.09659202071950272,-1.4637097166572268,1.9492255304606465,0.07569583952443608,4.016402438027037,0.5506436048520658,0.15718589585874645,1.0268106083882944,0.23616182852737394,1.9254087193952159,-0.31001900017665757,0,1,0,0,1,0,0,1,1,1,0,0,1,1,1,False,True,False,False,False,False,False,False
61,83.35490012491904,6.281332248498894,2.6421318087934575,19.108504997686534,Lebanese,1.3109436402150754,2.129632499825566,0.20498516093746474,3.2311698813101035,0.28032780900510934,0.3576442254693005,0.7306727658830728,0.11945006156804681,2.8325003919508567,0.027962882492210676,-0.17407112658768942,0.400595526975943,0.1313510191592182,3.416537338271344,0.10163021923123665,0.9913167073719501,0.36080661874071407,0.25160038918565,3.6790489589564825,-0.1487097320855228,1,0,1,0,1,1,0,1,1,1,1,0,1,1,1,False,False,False,False,False,False,True,False
62,60.636662315742164,50.36127449406887,1.7653038359718394,31.08210270572076,Chinese,-0.7928650077765562,2.904112084618605,0.2581238173272879,3.243608366882653,0.48668866735433447,-0.08344920282444727,0.6119829531209843,0.31022570898694823,3.1865963022098374,-0.6337269500670203,-0.5120160356220331,0.6861002825910221,0.17320133355723602,2.802415134356949,0.23808174202136734,1.6916990455883274,1.2038650457520939,0.3171906779260863,2.665963160436042,0.11400399710959987,0,0,0,0,1,1,1,1,0,1,1,0,0,1,1,True,False,False,False,False,False,False,False
63,16.029869282555474,14.544547855627277,3.8190794794746727,31.264907314571794,Indian,-0.07174941217099023,0.7678290973544958,0.30264080367455537,3.0485061490599974,-0.4029885925196038,0.6778061029188197,0.8990831228089329,0.1542178313270444,3.955658471199228,-0.04446241315008296,0.8257863490611986,2.1827052532907882,0.5570177824123754,2.201159934098351,-0.5281234257292955,-1.3340438172121298,0.6187336204769122,0.3084748734463113,2.278182704412582,-0.023175835899143682,1,0,1,1,1,1,0,1,0,0,1,1,0,0,1,False,False,False,True,False,False,False,False
64,63.78408620215795,88.29061403612987,4.317943072492867,14.968127963440743,French,2.1566744258067794,0.8937543104586628,0.19467757736969324,2.8163134037149185,0.4813859668549382,0.5560603739342062,1.0196926414033225,0.4799883204983389,4.410404392463829,0.0791820180090034,0.5289043784501192,3.588134188285574,0.20043294549422605,4.12182123592532,-0.29923486556399126,0.9961892987609172,0.49419819709219825,0.1725798430594057,2.213155512733825,0.4431393552654875,0,1,1,0,1,0,1,0,0,1,1,0,1,1,1,False,False,True,False,False,False,False,False
65,3.2865810850571386,42.802190146812016,5.0,25.01936290504953,Korean,-0.8294372522768855,1.0245402235698926,0.4767997237870218,3.6888928156127183,-0.5213651492761444,0.22271946085249292,1.062646942041824,0.46304967441544626,2.1353916657219982,-0.31695119207743916,1.1357200829268042,2.133153903420038,0.04777366248864324,2.0445313412251935,0.7997052696238646,-1.1735160160423797,1.493140274605088,0.45315137120035287,2.4664313046954085,-0.1104289950635694,0,0,0,1,0,0,1,0,1,0,0,0,1,1,0,False,False,False,False,False,True,False,False
66,87.78930732614957,47.65070794853329,3.6050025488753183,19.378996244688135,Chinese,-0.5293720276479461,1.8508072377093077,0.25864528694654315,3.402846042142987,-0.25094166526342543,-1.5289854794870417,1.4128045337507815,0.026187873958108013,3.0832501558028538,0.007979442441148248,-1.870016471144953,1.7479401738001672,0.6747391301240395,3.5648963410158307,0.050223405757235454,-0.45297648527505363,0.5287091925487848,0.2719919429597902,2.4711640709111937,-0.11129874026704596,0,1,0,0,1,0,0,0,0,0,0,0,0,0,1,True,False,False,False,False,False,False,False
67,36.75705375490927,24.06502518590784,3.699121852516391,19.23765926072202,Japanese,1.5617036936504114,0.9468650635478483,0.28440666655924224,1.7561092604038049,-0.12047062129550884,1.029211175548784,1.1345387381048708,0.5252178832327253,2.725449831810876,-0.12739549871342903,-0.10617666444899883,0.97845151147827,0.2584383012238159,3.984849493165327,0.44558955570412057,-1.1205402378751865,1.1556080781218452,0.47557069086452,2.7811614547522403,-0.02397697517200259,0,1,0,1,1,0,1,0,1,0,1,1,1,1,1,False,False,False,False,True,False,False,False
68,4.823177716362981,17.51667792091499,3.864208184289068,13.494451672465571,Ethiopian,-1.0801938251972851,1.4732514007725361,0.5662320070525324,4.230873775636509,0.46684493520791165,-1.1662587594545692,0.3930617235410608,0.2893297448452179,2.7743682561155296,-0.05678131351817656,-1.4210693541711843,2.0868228696096955,0.14621834323801058,1.5829435082507608,0.2706016138480797,-1.1340124790497832,1.194250804555224,0.39133656656111,3.4208597048511358,-0.3147141627944067,1,0,0,1,0,0,0,1,1,0,0,0,1,0,1,False,True,False,False,False,False,False,False
69,55.67754326663494,53.008548297290034,5.0,18.62877060273728,Korean,-0.4320576187374964,2.0157375983489594,0.42293424347369624,3.3003443374010764,0.1817335143634869,-1.009561652309404,0.6596874269879558,0.30652261407372744,1.7693528518919617,0.07542260197944257,0.5117321237853646,0.9068071300389899,0.387719979137782,4.038342364931636,-0.5117614482270905,-0.2833234903824777,0.7908481819518861,0.19944566052867707,3.6384969924847366,-0.262360667307861,0,0,1,1,1,0,0,0,1,1,1,0,1,1,0,False,False,False,False,False,True,False,False
70,54.422155061699954,29.90527486167165,2.5529276078481526,21.85605208088317,Chinese,0.5160840373349698,2.0096050145929465,0.44525087494571064,3.1835713625668878,0.17581908545351993,-0.1052679886976573,2.6505454471222425,0.28963458722014496,3.2986175991603113,-0.0730926248119423,2.1960119785178813,2.359576940138056,0.04904736143032482,2.1768475434853363,-0.14920234476195174,0.07817673390239693,1.4650715617160148,0.22514239664038177,2.946902553707754,-0.3768213248409855,0,1,1,0,1,1,0,1,1,1,1,0,0,1,1,True,False,False,False,False,False,False,False
71,86.54240312144623,84.69465435466029,4.2718009219067605,16.894274830208136,Lebanese,0.45539286028580644,1.3073567292413566,0.6622850383060069,2.637532223721103,0.47108962000420324,0.512022158133717,0.9301593881641333,0.12263045836289418,3.1534001215127323,0.12915009587804632,-0.6740441605133837,1.0733373957554966,0.09473322179393096,3.2135891415176268,-0.3298772173522306,0.8202399502011234,0.4463720092020539,0.10122762624025938,3.939987256870953,-0.17059308773306803,0,0,1,0,1,0,1,1,1,1,0,0,1,1,1,False,False,False,False,False,False,True,False
72,46.57003666305104,75.1358196785802,3.98181619166971,23.344446798317204,Ethiopian,0.5936862029814544,0.6229872307974771,0.06551347395684648,2.686527361889935,0.06678567450817693,1.407727763720542,0.24435112730439024,0.2866276862844745,2.3221938687838826,-0.12892023525427387,0.7754350277625986,1.5154325766189292,0.1601774455582133,2.4694412385093516,-0.2830082234924133,0.6462180329679085,1.4608707782624208,0.12110963564746086,3.423201087076101,0.3025673117313729,1,0,0,1,1,0,1,1,0,1,0,0,0,1,1,False,True,False,False,False,False,False,False
73,78.35706727666782,36.80968485294903,3.232002336917905,20.607773455615114,Chinese,0.370506334286746,0.39358380563093237,0.30252971080540225,1.0,-0.13784361560660993,-1.6876963310470667,1.1055626158330416,0.6846418843289552,2.9864275961889715,0.41985484282722857,-2.4540294653790866,0.3919347368727989,0.5295143888608067,4.369936004922926,-0.07165057757999506,-0.06336600487441946,1.4905389292417437,0.17690746494821755,4.323532687610213,0.038494707139031754,0,0,0,1,1,0,1,1,1,0,1,0,1,0,1,True,False,False,False,False,False,False,False
74,17.731310063401185,25.28705036510319,3.6935084634012676,28.77256931314408,Indian,1.3453780718487536,1.9600693373480071,0.218942484864034,2.729854331348982,0.44282624200635295,1.4712339926346683,2.773136030370277,0.10898363100296146,2.1363992173114537,0.09268752709378619,-0.3175828100678063,0.8741247876394628,0.5621640066713984,2.820272916791962,-0.04276347316568322,-0.5612862641556764,0.8859607865280639,0.09045408602581549,2.550878304856556,-0.5120569292761601,1,1,1,1,1,0,0,1,0,0,0,0,1,0,1,False,False,False,True,False,False,False,False
75,23.709105954605157,39.189556184955435,4.087623995865151,23.981411649701293,Japanese,1.0159421463860647,1.31516214514428,0.08690713981695548,3.3939344542844703,-0.06800721244079032,1.6364629074432415,2.016451507322847,0.35152884027147707,1.0,-0.3975290228571961,0.87734693976228,1.4342136923178386,0.22828851805197045,2.529456807765297,0.3725127146372601,1.2257381011138893,1.4939639032538758,0.16328901722740458,3.351048350415236,-0.6280757239885065,0,0,0,1,1,1,0,1,1,0,1,0,1,0,0,False,False,False,False,True,False,False,False
76,0.7206409512140133,28.08908500366094,3.315869729480046,22.3545401616104,Lebanese,0.5952784540779213,0.5697910700613431,0.3779975337122321,3.4103270321069443,-0.3865650570593132,-0.46139493621891375,1.033760102440046,0.3117408160373765,2.1835533357474852,-0.2637934419437338,-0.5973432712232903,0.4354291520954953,0.2263543392858876,3.137546824921107,0.07095247404176093,0.7788647817082014,1.1848006703454428,0.0795796368499851,2.50035458474058,0.0825004778504413,0,1,1,1,1,0,0,0,0,0,1,0,0,1,1,False,False,False,False,False,False,True,False
77,53.70701169459407,42.30593036779792,4.000177285331344,20.792653958414085,Ethiopian,-0.6828016163681212,0.7385653381528064,0.41134141733122775,2.362884984200353,-0.5265074941150689,-0.2013622701564993,1.139658285086154,0.17065517419382026,2.5541423528854783,0.17744860088592365,-0.32013586732553934,1.1609397850427987,0.17693445432703514,1.8635421667559,-0.20714593331209832,0.867916588044029,1.4663226214773526,0.27469519657257624,2.083330684940586,-0.28375233358813307,0,1,1,1,1,0,1,1,1,1,0,1,1,0,0,False,True,False,False,False,False,False,False
78,53.182632454737465,74.00773597639123,4.53108404895852,18.12393002506579,Indian,-0.7135599294040993,0.7639290968069891,0.15773626925741824,1.0000994247502382,0.04644150228931463,-0.5718167302823739,1.4730643952755966,0.36627972706464906,1.9591314311127688,0.41584251774008496,-0.2795613865275401,1.3492059428026264,0.46487355145255943,2.100884973047528,-0.11692520601636504,0.22300141864149942,1.6559162178931006,0.5163245038237453,2.5474572663542716,-0.2785389669555668,0,1,0,1,1,0,1,1,1,1,0,0,0,0,1,False,False,False,True,False,False,False,False
79,93.12154394249545,32.59970524663726,4.5995847583289855,24.814738161633773,French,-1.9082895416901746,0.36605583567609434,0.2072414617344717,1.993692629021744,0.5647594398588562,-0.6032991147419898,0.9094123584180626,0.563080327511108,2.9024558564767102,-0.17695952959584874,0.7200373772747194,0.8087015655821976,0.3574304662330765,2.3016825378525194,-0.2009058842193158,0.5779751488751892,1.2890709195196617,0.3646830626703404,4.259532835279584,-0.3527635089424132,0,0,1,1,1,0,0,1,1,0,1,0,1,1,1,False,False,True,False,False,False,False,False
80,27.05735220119151,47.62239119713375,3.6273453021672766,17.203232985919016,Japanese,0.6873123485844095,1.162912525581252,0.21047958941234718,2.6549052653563203,0.22391672547774435,-1.339389221097253,0.7458038832969067,0.42482964900343195,4.391425667207548,0.01903235002595182,-0.3585499726203661,0.6392783480783701,0.29252870516013413,1.9434078724170887,0.1575265218797361,0.7657042656599211,1.1708209857637426,0.29792379838917527,3.4289322806159035,0.02694054143898417,0,0,1,0,1,0,1,1,1,0,1,0,1,0,1,False,False,False,False,True,False,False,False
81,60.96162102304301,18.725043421724962,3.7780485835824176,23.773475903888404,French,-1.8230095835236662,0.6236141299587075,0.3248795931552681,3.941710543839816,0.012896922911414081,-1.6896529203538362,2.662520862258855,0.3511848538256675,2.933195962831351,-0.24377206481881145,-0.4652824322632263,0.7506184822392441,0.2659056170175808,3.0889460367070316,0.1510403443083879,-0.45367493340249326,0.5058524693929147,0.6122104753372393,2.7313746201770464,0.14181999574354823,0,0,0,1,0,0,0,1,0,0,0,1,0,1,0,False,False,True,False,False,False,False,False
82,2.799536548956172,20.399355000831143,4.028399627102055,19.824987991166825,Korean,0.8791137997169072,0.8380780537459317,0.6637985669191928,1.5977272738097017,0.3661315003420324,-0.1993273392741338,0.78604967224539,0.14588216275069474,2.6963941203262825,0.45512606769941105,-0.7563234039503968,0.2641635013413782,0.33634483297896955,3.011094723035341,-0.4097477177909269,0.5581123825701623,0.7511928778232889,0.4856238225772144,2.39653071285881,-0.21362557982495872,0,0,0,1,1,1,0,1,1,0,1,0,1,0,1,False,False,False,False,False,True,False,False
83,24.510456104435928,43.63305623797292,4.678576931609533,20.848866362728486,Chinese,1.8463648729317061,1.5586505632877719,0.21628403808142466,2.9202300654298736,-0.45358801935249143,0.25777258546505816,1.8323805213407023,0.37215153111942045,1.8369936774590823,0.08392264214750013,0.25328727811420176,0.5843943587193515,0.2503824616065209,3.105644392938185,-0.13928545509557702,0.3226014414619173,1.1500532872264384,0.1660810864364264,2.1366451897513437,0.737465060421041,1,0,0,1,1,0,0,1,1,1,1,0,1,0,0,True,False,False,False,False,False,False,False
84,63.092924213815735,30.142361648631187,4.130398845783948,30.085352077579625,Chinese,-1.0616544037884463,0.9442337346930604,0.12042281110944947,3.38385306668421,0.12909962767809297,1.8288207150748825,0.38809271554271557,0.314643894137652,2.786783207189544,-0.0949793228524614,0.6286364216463475,3.09420927213649,0.5871835303588135,2.666249076737487,0.08941286736100743,-0.03413004351918983,1.54477101903786,0.12367019409423138,3.5222789081584693,0.29185626699997796,0,0,1,1,1,0,0,1,1,0,1,1,0,0,1,True,False,False,False,False,False,False,False
85,97.55067132457359,87.11483413670983,4.966898886032345,23.71597180791393,French,-0.6844846684032199,1.385182523961033,0.5977814152610059,3.409750539246208,-0.16451821530225316,-1.0010015450142384,0.6231338231803586,0.46898301160605704,2.7941236746310194,0.37704370631867895,-0.5288713101707798,0.4813682646935138,0.16587037004986763,1.481569090881784,0.4263935137166094,0.5738010840394778,1.568073402997313,0.37877268403670866,2.835793111117768,0.2612242693578661,0,0,1,1,1,0,1,1,1,0,1,0,1,1,0,False,False,True,False,False,False,False,False
86,62.07320313953527,33.788707424605825,4.402016619079549,23.87485288258226,Mexican,-0.4762144798666495,1.2884386587085805,0.2696820878802284,2.832122891322181,0.4158528869644401,-2.091691213346014,0.4996394740646596,0.37786494815540633,3.760051738990638,-0.7803008917608517,0.45971857712557057,0.874373821367485,0.49589007233536164,3.5866049714524406,-0.27573319663338064,-1.3034862828761005,0.4531758982411684,0.18864623664590227,4.070532951509163,0.1004966670769862,0,0,0,0,1,1,0,0,0,1,0,0,0,0,0,False,False,False,False,False,False,False,True
87,16.973160496332195,65.97301512508899,2.732942312542432,18.05309092543445,French,0.8303104295602717,1.0191831531198352,0.34363880295555777,1.0,-0.2557890884913336,0.14655970591263323,1.2793180615698656,0.5338543603372539,2.449987254027698,0.0981531317670275,0.11806321635116715,0.3669726838060382,0.2207142354486958,2.3249756231320773,-0.06489854524732326,0.23091754685239643,0.7732475445859917,0.24941002066260515,1.8963381247698958,-0.11982152384630161,0,1,1,1,1,0,0,0,0,0,1,0,1,0,1,False,False,True,False,False,False,False,False
88,71.54490697792484,6.610071679227247,4.818426790215074,20.14504876883167,Ethiopian,-0.8633525162339086,1.0297320118639672,0.2826614604856349,3.396267657741934,0.24153623004777583,-0.466351101873623,0.683911081333314,0.36502611347457736,2.247129577555366,-0.42153310151572504,0.7933713009702553,3.501584543713522,0.3646233503525091,2.726427923198272,0.016301467673291443,-1.2633968112924359,0.6137988682529404,0.15358647253215446,4.127678023451126,0.12749975902061375,1,0,0,1,1,0,0,1,0,0,1,0,1,1,1,False,True,False,False,False,False,False,False
89,77.51162103601025,88.86288111154084,3.4775860726526178,21.02208737178137,Chinese,-0.13054146707773523,3.0555756807759282,0.10382960383299755,3.011819572476745,0.05908405969785445,0.35622300730710804,0.6767082515545847,0.20482309224410533,2.32921829226065,0.053251575953862325,2.0120929145929978,0.6846745140705455,0.4640595809386361,2.7848730567446696,-0.5635042205917202,0.40191281002091955,0.9846310286101341,0.13547804127249574,2.4632806684633373,-0.06069522563629553,0,1,1,1,1,0,0,0,1,0,0,1,1,0,1,True,False,False,False,False,False,False,False
90,63.22237729028609,70.33525199361095,4.429636080461572,16.35350422535675,Chinese,-0.5230876326157433,0.9026634153105784,0.2413669278353538,3.345068348628886,0.0036308101036994157,-0.3978797330752503,0.5740520019886092,0.09878259548193061,4.111838893325194,-0.19417927086145506,0.5159645978556756,0.9610238303494398,0.2707811089463746,3.1940776706322733,-0.33279692759004786,1.1196313084708258,1.2049241372768167,0.11001680709758978,1.7894135243758087,-0.0983124413420156,1,1,0,1,1,1,0,0,1,0,0,0,1,1,1,True,False,False,False,False,False,False,False
91,86.344422305943,94.87239098864617,3.9936183501232265,15.280452295778748,Korean,-0.25127692435468146,2.655421042035591,0.10822790688408364,2.1450292612579642,0.20895411806120853,-1.2592235156092355,1.0896953125297693,0.28304497425043806,3.8940109913115477,-0.3575925173309759,0.27462322082332336,1.3716396780668165,0.5018881641586803,3.489148414584463,0.11808722454725401,-0.9556954190037062,0.6294307770193932,0.21354484419829534,3.4138475092350467,0.1655197507488007,0,1,0,1,1,0,0,1,0,1,1,1,1,0,1,False,False,False,False,False,True,False,False
92,35.18764219028993,5.920180480396464,4.7398273358242164,21.241261508967252,French,1.2912747284232993,0.5778734251731628,0.3219871580514973,2.523391437628241,-0.040881545372194565,-0.688878692445368,1.7955425871593136,0.48046271826411463,2.5143766464211277,-0.06762756351659883,-0.29969637986698916,0.822891183736382,0.2511530631912616,2.945547110226833,0.4594284681951521,0.9538830320017055,1.055023625260949,0.6460352081497732,2.2693719018029817,-0.11554016447936744,0,1,1,0,1,0,0,1,1,0,1,0,0,0,0,False,False,True,False,False,False,False,False
93,31.095509142706014,17.085097539171677,4.0372866663986,26.470661508643072,Lebanese,-0.9642048531813225,1.5490477933757203,0.15087005268600848,4.131138780948859,0.43386153612132006,0.8026304502474167,0.6977788455307258,0.3432424404157204,5.0,-0.1548613482462651,-0.7677684561748045,5.153567258807711,0.07180507163982144,3.362341228604868,0.2556940262019538,-0.07466323327593173,1.396563867898585,0.5478764946610745,3.150729108767551,0.041426719838097,0,0,1,0,1,0,0,0,0,1,1,0,1,1,1,False,False,False,False,False,False,True,False
94,37.404873998144886,50.397103193272045,4.113615894594824,14.142228045459944,Korean,0.07175977417228958,1.1079852284317944,0.2427039320397782,2.8434138518647445,-0.0642469845335338,0.27239104064855424,1.4394476118597466,0.30456778316041183,2.1491616078673386,0.6723649966124018,-1.1819097533212894,1.466431930787351,0.44455772850721664,3.4056660453316336,-0.14132456951598638,1.2613288602411896,2.5637387869635653,0.05110374121148768,1.6522620566626576,-0.3546302849969128,0,1,0,0,1,0,0,0,0,0,0,1,1,1,1,False,False,False,False,False,True,False,False
95,79.04919029929327,95.2481900103118,2.677070899620452,20.708611798074006,Chinese,0.27160629615640114,0.6456145262331904,0.3524082908986666,2.9139306746189444,-0.660607627201725,-0.9691764986522415,0.9889001663960292,0.5382147983495637,2.250020048618143,-0.10421276859579186,-0.15644259221773504,0.9329318136122332,0.20983824012350824,3.334719697798458,-0.06756268517407892,-0.17250224642523942,1.1910567816531161,0.19001340207635029,4.582155853295869,-0.32594242273469537,0,0,1,1,1,0,0,0,1,1,1,0,0,0,0,True,False,False,False,False,False,False,False
96,28.982083409994008,95.20140944076384,5.0,16.558860182364455,Ethiopian,0.8586671738730901,0.20423607673260866,0.0272728047333709,2.3415083897308437,0.43659939352341054,0.8719681219808854,0.6887094733272586,0.13492611132481594,3.5004144907533825,0.5968537000195633,-0.5307418168293545,0.3105456431803234,0.448140654090048,3.2842436915697015,-0.6313859175905804,-1.4026963005472806,0.7670714115399524,0.42751783694455125,3.243599795859147,-0.1579832195157281,0,0,1,0,1,0,1,1,1,0,1,0,1,0,1,False,True,False,False,False,False,False,False
97,18.404426502894978,44.00613534000898,4.020084996539746,22.406851407371423,Mexican,-1.2640736790434943,2.603755507598124,0.18140690875601048,3.9402594886850184,0.40247324145343105,-1.4463594427964115,1.2311716050047552,0.14792106861441132,2.5877286913104105,0.2762289375475732,0.6732562184603792,1.2319576537772443,0.09365138809140716,3.457784302654998,-0.020800730052390373,-1.1252030538925981,0.5692214726184692,0.27088801458122475,2.356886436915632,0.47128697085336196,0,1,1,0,1,0,1,0,0,0,0,0,1,1,1,False,False,False,False,False,False,False,True
98,18.24994794232874,26.06509673451801,3.683614199464182,21.740552525967864,Chinese,1.1148702849563317,0.5000123761204855,0.5628628933284977,1.59475079253386,0.15229599061503077,-0.5364812639125298,2.231100186293305,0.4326324739369575,2.123945752782229,-0.08879373544474196,-0.22101766021217342,0.6077910113032744,0.14108008684106865,2.1509239802820614,-0.5775076597723292,0.38209158753941375,0.6815046623208925,0.18270646347030817,3.273996823485608,0.4645348966939877,0,0,1,1,1,0,1,1,0,0,1,0,0,0,1,True,False,False,False,False,False,False,False
99,1.7206897789604936,24.627961648822094,5.0,13.668508804292616,Ethiopian,0.43477698670760984,0.5611133014139331,0.39248490294577376,2.5042713459860537,0.4205854324412592,0.19792051631423216,0.2095070587404707,0.4153822310609327,1.8903117133611245,-0.5032913875318641,1.1606733564227893,1.6783088180686585,0.5003167220972266,2.303011722160161,0.23115532572283354,0.6034440974712627,1.198859549468822,0.29961079514917377,3.227154186126426,0.25478265200638567,0,0,1,1,1,0,0,1,0,0,1,0,1,1,1,False,True,False,False,False,False,False,False
100,38.651189161639486,49.71680515517577,4.449021637195922,14.033239926280167,Mexican,0.8742727658458852,1.0808826840529457,0.3942991803956686,3.2778247058858407,0.20820087946501925,-1.3656398139253743,1.5176280407693337,0.12890072509383022,2.7947445630787247,0.19465173778884595,0.24237201007878317,0.8245445873555995,0.24295133288284312,2.7898654439524466,0.043341446121536883,-0.40332590664359597,1.1242594333857137,0.1926115069671973,4.270066169626494,-0.23523617054265347,0,0,0,1,1,0,0,1,1,1,1,0,1,1,1,False,False,False,False,False,False,False,True
101,30.35414820257104,1.3041057601078432,4.191780400534803,22.29171184451986,Lebanese,0.07165210025884777,1.034877938534197,0.7230395141056041,2.8994723859582177,-0.25334602129384337,-1.1944443828385458,2.884994056451975,0.2664500399693353,2.734867906477447,0.09295308441466592,-0.6037714230634273,0.5201087967778806,0.03521490105064356,3.6882292855936134,0.30415704864635856,0.006904485662769535,1.975633996804033,0.1341197156125529,1.0728232980872667,-0.3131039121315179,0,0,1,1,1,1,1,1,0,0,0,0,1,0,1,False,False,False,False,False,False,True,False
102,87.68501280835177,23.609506661441205,4.383919291307239,20.817728987357544,Lebanese,-1.6390516267392266,1.1820824469758384,0.30831779559420286,3.6470886725146903,-0.6221460804868563,0.01593454264957941,0.9012342602874899,0.16346314507319265,2.741421480526711,-0.4843869516777891,-0.48887307154661663,1.5706658234141808,0.20814540981843563,3.956590096560352,0.051792983584086356,-0.5533356574569287,0.9791250273626255,0.3270923129633541,3.7318393240073573,-0.13404392640043128,0,1,0,0,1,0,0,1,1,0,1,0,1,0,1,False,False,False,False,False,False,True,False
103,21.890147556152073,0.41651987844515403,4.049402362210504,21.7097673598173,Mexican,-0.6473026312724075,0.8586044972039844,0.15690612709571142,3.278742189726583,-0.317667448579569,-0.08004346236652231,1.581006114247779,0.12284745532155868,1.9289537919228492,0.6514559676079092,-2.5448498227242937,1.0328014905776588,0.41372596061648736,3.5219383975673484,-0.09022984366080025,-0.8891007677244522,0.8005971661887391,0.16777878053090137,4.075386018130027,0.14363857222593504,0,0,0,1,1,0,0,1,1,0,1,0,0,1,1,False,False,False,False,False,False,False,True
104,26.00309355727194,27.49924989931889,3.1435901539196176,22.994684649717037,Korean,0.8177695662661595,0.40666338611304104,0.11495997039422805,4.105041716658276,-0.08828904488363211,-0.25080271315594593,1.7970784046412822,0.03885173023956529,3.701743940631201,0.08729213800408984,1.314711427428831,0.8435660738536003,0.1603091781847464,2.4101303830766874,-0.40856715697962465,0.9411560387612665,2.1556545809309857,0.12977426684162802,2.427514731439996,0.38949712428562205,0,0,0,1,1,0,0,0,1,0,1,0,1,1,1,False,False,False,False,False,True,False,False
105,57.34214584020347,52.040659298423606,2.9814319788464516,23.218267943788913,Lebanese,0.03679475399862955,1.6823768287559866,0.10123885263199997,2.7591460155810017,0.15621979766821664,-0.5651428939886068,1.3641939708484623,0.45879533445705434,2.1307424195424134,-0.03185809299919423,-0.35828113214317014,0.7139492412353378,0.31738306338639416,4.0754668542675905,-0.5728382922408447,-0.34943750728112627,3.164188940814145,0.11212323586497885,4.547829557478378,0.32714712510831173,0,0,0,1,1,0,0,0,1,1,1,0,0,0,0,False,False,False,False,False,False,True,False
106,79.92297558169913,77.83445107689046,4.736060895035529,31.305549972308896,Indian,-0.04870254236748755,0.5811118260344278,0.4212102893741743,2.8370454022822673,-0.4324263510576394,-1.102671939612895,1.1612564589827485,0.3980607786168329,3.4013237266959107,0.36924557612212344,-1.7378082678014,0.8010451806760922,0.1613010606619855,1.739675196411598,0.2476607922007915,1.2962921023539873,2.9510908668494262,0.42734511951314036,3.0737635061983277,0.20984953026767542,0,0,0,1,1,0,0,0,1,0,1,0,1,0,1,False,False,False,True,False,False,False,False
107,93.00787354673395,52.57099285645006,4.8439348074012365,21.999514711688942,Chinese,1.7915310965993816,1.1433630822258023,0.6994062441155805,3.1720756614797305,-0.2760258134601384,-0.7822824408021882,2.187308339813435,0.3227081083193484,4.2687118612320685,0.2870731945393867,0.08899781937857082,0.619854013877908,0.40350317093737037,1.488852580568478,0.11233136026618579,-1.5976019559587438,1.3775311917486537,0.150351555557438,3.2633725793238604,0.09765314594052041,0,1,1,0,0,0,0,1,0,0,1,0,1,0,1,True,False,False,False,False,False,False,False
108,93.49572594485205,81.63649611827525,4.432230441074071,20.260800657751766,French,2.2018563138041243,1.41151653013694,0.04325723687718105,1.506794620371,0.4574440594358685,3.0,1.954092991993459,0.3421934351778547,1.8011341771933218,0.1432932153048608,-1.224108086048937,1.433760665832921,0.5175329046068133,2.7478340732235,-0.1610702336625499,-2.670743908516585,1.0308333364208888,0.07206942501129875,2.7042209669549884,0.1815970851685863,0,1,0,1,1,0,0,0,0,1,1,0,0,0,1,False,False,True,False,False,False,False,False
109,18.914978645463197,69.74951360085157,4.247250813375253,18.48803799213817,French,-0.03706690441882626,2.03263938153899,0.23908567374397094,4.096177831819881,-0.21389674705036477,-0.6260812210457714,1.1181699761786419,0.037752648380618606,2.4430217035325095,0.043032911909468334,-1.1493072884950122,0.3954614902902665,0.27442575221355575,2.4001100003437066,-0.028158294626215278,-0.18238590812256372,1.6152383579864558,0.032104663369188415,1.6201390033908731,-0.492574445897199,0,0,0,1,0,1,1,1,0,0,0,0,0,0,1,False,False,True,False,False,False,False,False
110,91.49716019232044,90.30514393073973,4.776688961021221,28.000481654110402,Chinese,1.9329054284744887,0.8774440851100235,0.27976584113529646,2.2161005496656196,-0.22407370085213008,1.5059009128619398,1.4885320073156254,0.6654523315539029,2.8193869204094573,0.12882354319694247,-0.48459939781687206,0.9212412520620554,0.05643670485590999,3.657836707752768,0.07585569928248555,0.653886517999584,1.6832692586172628,0.09353648963489423,2.9134164217672027,0.3317576052138049,0,1,0,0,1,0,1,1,0,1,1,0,1,0,1,True,False,False,False,False,False,False,False
111,86.17010353460368,64.76363959130117,4.923779278434768,25.232154061740726,Lebanese,-1.9935715313257563,0.8325488038953042,0.3580085139840416,3.8750138351475605,-0.29064127234444,-0.5873360870250491,0.5810344446369322,0.3764940971647153,3.1542483932025256,-0.5966044029322196,-1.18256593125614,0.5725456389232991,0.15113255922078284,2.3454180826782802,-0.0916898387415493,-1.0025342864876199,0.48447533057486225,0.3388373976704327,2.841752467448344,0.4320415236943813,0,1,1,1,1,0,1,1,1,1,1,0,1,0,1,False,False,False,False,False,False,True,False
112,96.00426255523176,25.001676859567578,4.338087046924405,16.86473007649934,Lebanese,-2.0490572604691897,0.8693694057209148,0.29071787978317504,4.126076980185808,0.4894244737866657,1.365852914050061,0.9090426948335065,0.109545736746662,2.7240766293471976,-0.1723102919793681,0.540693456336231,1.5668165538329502,0.6288089108574443,3.20751512705507,0.602689576467767,-2.0211894157274353,0.8534341007943631,0.3069262727929371,1.4612494713845736,0.014102295372486279,0,0,1,0,0,0,0,1,0,0,1,0,1,1,1,False,False,False,False,False,False,True,False
113,69.73739968258194,12.363180317953704,4.799367147529513,14.814746721190286,Japanese,0.8670552083195185,0.3298388379596511,0.5466864541665678,3.7813919228413013,0.23678098544056966,1.2320448738375287,1.0823332987742977,0.23088432861096642,1.8995474174540095,-0.11031113837091303,-0.6907539296315351,1.0063046967649896,0.36889618549475894,2.091890576707492,-0.08895520501652741,0.9940432657124498,1.6251279598316515,0.13039895172355642,4.104202199225388,0.3183322105967085,0,0,1,1,1,1,0,1,1,0,1,0,1,1,1,False,False,False,False,True,False,False,False
114,66.2767517135585,70.96408212689622,4.706816185313145,14.707920946771505,Japanese,-0.26196107320485784,0.6357881842233694,0.08137953326109612,3.1243680254466524,0.26787328940311644,0.4508892334788509,0.9740320452904401,0.28402683848099913,3.1727625175875533,0.8330025717959331,-1.244196769461856,1.7564412972214039,0.3372065204768545,4.748309937432116,0.09919660564274944,-0.7642389839664201,1.4193480526617313,0.31550411287323815,1.9728488890954037,-0.04565933216253521,1,0,0,0,1,0,0,0,0,0,1,1,1,1,0,False,False,False,False,True,False,False,False
115,67.19843840105504,49.81503859514276,3.5758406554368225,24.50933319409964,Ethiopian,0.5789711070908105,0.547369926046152,0.2806271309591044,2.452629825319137,0.4982822730351644,-0.6414098177206133,0.6704451684764872,0.3701018075584746,2.635080420214795,0.16061774850112648,0.14134753274024936,0.4734575297324969,0.2420010772712248,2.917335936637786,-0.022384746137876606,0.5703723406694414,0.7075744592079013,0.5178016153410909,2.2561026296026294,-0.28700589936186194,0,0,0,1,1,0,0,1,1,0,0,0,1,0,1,False,True,False,False,False,False,False,False
116,41.14010390774,86.66791945821436,4.651307854107588,25.161771075092265,French,0.5165523855469867,0.5016172873824037,0.5219785653699435,1.2400013937400423,0.28931770809169804,-1.3775960333307937,2.1365211720277326,0.14735710354056164,3.7442319962559414,-0.03832680565205353,-1.1075760396565304,0.2692248671491859,0.047731927945177506,1.4480355364054018,-0.5102174683591625,0.24442624958832526,0.9409713441155868,0.3262966599884204,1.4978251515900902,-0.05276361819348232,0,0,0,1,1,0,0,1,1,0,1,1,1,1,1,False,False,True,False,False,False,False,False
117,46.974869517093495,31.78217655823331,3.1840926578620166,21.008344526044883,Chinese,-0.08940364049732401,1.10585195104208,0.15742656504344696,3.424582664085524,0.40395792179750045,0.9657463479255879,1.2341420769328746,0.4471994255975973,2.3768938624642493,0.07945464639200073,-0.6622894845283397,1.4385864503733423,0.1776915903944905,2.626685337163122,-0.40346556449673066,-0.8144113754748473,3.1291295310108453,0.18804489111719014,2.5523591351468364,0.0963810281885646,0,0,1,1,1,0,1,1,1,0,0,0,0,0,1,True,False,False,False,False,False,False,False
118,4.71371476582344,65.91231683508258,2.1934104578474996,10.55516801816737,Korean,0.6821297104769012,0.8295325308217295,0.1163734195410809,2.7771110318303434,0.10911939923507591,-1.2840034598049361,1.5567540097452068,0.20090774397726763,1.9461750708773091,-0.14579533475494103,0.8447467578215986,0.8028687653837737,0.29394501717262883,1.7078845603726984,-0.40738173246557746,-1.0930651742454016,0.6335346926996405,0.28043422552075614,3.5683460276760575,-0.07723458345915847,0,1,1,1,1,0,1,1,1,1,1,0,1,1,1,False,False,False,False,False,True,False,False
119,75.55678339174203,50.38730496361019,4.5439639131716,13.285101846287558,Mexican,0.1507220091744646,2.605850276841097,0.5529999700299156,4.36191538338753,0.2618762117440475,-1.2745721004239723,0.4583643584188254,0.4852801776024411,2.0888598217671515,0.18958595485384053,1.9313811575351463,0.3940453683610918,0.08446261890394036,3.1724021532764977,-0.17249166266889163,-1.5021981445652517,0.6028970863872851,0.45783954963212387,2.4236712831860863,-0.004443796222643143,1,0,0,0,1,0,0,1,0,1,1,0,1,0,1,False,False,False,False,False,False,False,True
120,72.94669256169607,63.968870653464705,3.678588191550432,21.826394675431047,Japanese,-1.5321425223126923,2.443362902184111,0.6026006151665241,2.7328141026089954,0.18842910121222975,1.522841762204412,0.73578438132039,0.19984644573433796,2.3727793097441228,-0.11129421329255501,-1.9962486005845328,1.1813783111109557,0.5940786168902339,2.626549006800591,-0.17690612089849647,0.1654452557232243,0.9518783685235099,0.07868437912763751,2.955440045693503,0.10795888902470745,1,0,1,1,1,0,0,1,1,1,0,0,1,0,0,False,False,False,False,True,False,False,False
121,50.21837351462156,18.82924205253905,5.0,19.82846879678766,Indian,0.21886857740027746,0.323204735610883,0.33075492628354614,3.4812180966956947,0.20991327076313024,1.4618824312460454,0.6598757927337531,0.026587620500892587,3.086418887512163,0.1274568286394783,-1.6434678415179627,1.759314307670206,0.2908877933439353,4.471899148625789,0.25187988451285437,-0.4448961647303438,1.0844720420118676,0.23788142576572519,3.249364180467997,0.3126862141621334,1,0,0,1,1,0,0,1,1,1,0,0,1,1,0,False,False,False,True,False,False,False,False
122,35.721164599025876,72.97223574673865,3.0044762501261877,20.378426861729576,Japanese,0.1856632544475102,1.076319692612063,0.12776362746447584,2.6458146697754414,-0.35577359955659843,0.03765596319966068,0.8957356420298557,0.15560835100817366,3.4604016507766784,0.11501252587115562,-0.9515261867695424,0.6678348478444207,0.14379191804067262,2.930991901970024,0.3842517769573559,-0.7909201046798131,0.749229428626628,0.38480716619842625,3.104309632770109,-0.03506287582884698,0,1,0,1,1,0,1,1,0,1,1,0,1,1,1,False,False,False,False,True,False,False,False
123,75.05642601286745,5.312729084907419,4.7514479133538305,18.972578937388164,Korean,1.832776536801211,0.548428321419478,0.018260138580619506,3.3223618247786866,-0.06732681475108725,-0.24619719933642692,2.744026528583873,0.13549596008649925,1.838129379776188,-0.04654384248928988,0.5707879366835559,0.9666576663583106,0.06826339863747016,2.093204580365801,0.4589625967330463,0.3034422611779582,2.3952811393991706,0.25777776783979844,1.7726018109139856,-0.17692441308427853,0,0,0,1,0,0,0,1,0,0,1,1,1,1,1,False,False,False,False,False,True,False,False
124,42.813584701379405,60.907040933114,3.807353672100397,17.503586679627336,Mexican,-1.1288944013131346,1.3961442371693609,0.20277474524057693,2.6918662111904204,-0.11258067344659681,-0.664297573689694,4.57219880280955,0.3235543128735402,3.113310054299728,-0.1125229280543805,-0.8119807956827775,0.47918709780989455,0.49224104579293454,2.98038398066798,-0.37791509939444684,1.0622136610403214,0.39682744899493355,0.0642029895150444,2.598841513512631,0.06377698344072924,0,1,1,0,0,1,1,1,0,0,1,0,1,1,0,False,False,False,False,False,False,False,True
125,73.22808502625183,39.91676097215947,4.2166457963382395,21.482990724424592,Chinese,0.01699688084106283,1.09951794599289,0.05866669341334462,2.8366391215599127,-0.19912387804236711,0.3513355379275004,1.1281475280387805,0.6982198891342724,1.7233244460097468,-0.24796256747180997,0.3997142725447533,0.6018812778375866,0.07174398874076683,3.3094237469534202,-0.0263129329572088,-1.1095896578061157,0.3859522350232564,0.3222187320213894,4.261680108721745,0.2447646776457452,0,0,1,1,1,1,0,1,0,0,0,0,1,1,1,True,False,False,False,False,False,False,False
126,54.44239428077788,37.854445398675615,3.1235682964852267,19.112428253360502,Japanese,-0.42442882494572987,1.747716539222696,0.31326038284452035,1.4489027361889442,-0.015430384565935713,-0.4840314322593972,1.253434485924938,0.3882891103547068,5.0,-0.4271069119665162,-1.204662296479389,1.039555287407531,0.22627154962146767,2.7451154200272394,-0.18534879247810915,-0.2895682557754906,0.4023366532967264,0.26479664215232307,2.5065993622468272,-0.7516972360843042,0,0,1,1,0,1,1,0,1,0,1,0,1,0,1,False,False,False,False,True,False,False,False
127,34.00816634013232,32.622349388281044,5.0,11.480743995749075,Japanese,-0.13290989911115147,1.2050242460302663,0.06118581988725982,2.395936494360292,0.5445721020330627,-1.5130872598946643,0.8904729760854702,0.44674128610716024,3.0289592812246666,-0.0938862620662131,-0.025793510169618075,0.8862981489133294,0.38107626059371214,3.800774142635346,0.07273745880851333,-2.315318962278467,1.6811448650548628,0.2734528283742199,2.5347268161401204,-0.0036905026596306305,0,0,1,1,1,0,0,1,1,1,0,0,0,1,0,False,False,False,False,True,False,False,False
128,82.06262735630645,7.736580229194045,3.77607220571972,17.261104529332197,Mexican,1.6592046176964066,1.5788928788605978,0.09549097445889601,2.8515260262682993,0.28261109786314126,-0.7635304872538676,0.7248258461973845,0.10377360435362665,2.8531251130840967,-0.14642268508221057,-1.1367847730479548,0.8210975377914312,0.17868459673943426,2.979289351496005,-0.49688921044308504,-0.3237509844337849,1.4200578260736496,0.2500695768307234,3.05831854595104,-0.05558004326523378,0,1,0,1,1,0,0,1,1,0,1,1,0,1,1,False,False,False,False,False,False,False,True
129,3.6365960012175513,68.50682276564035,5.0,21.48472929623501,Chinese,0.3786406842289673,0.8359868788084739,0.20630371123937075,4.009205256663108,0.025983774678503498,0.24920320955073572,1.7061154803589025,0.34185790686397577,2.422675839141901,-0.11541025232915793,-1.9616345394428651,0.643069346103067,0.10517902353346252,2.0460238968429607,-0.11159716983813699,0.1340394416111761,1.19729226040098,0.23245109277722764,3.107080024851775,-0.06968948759618149,0,0,0,0,1,0,0,1,0,0,0,0,0,1,0,True,False,False,False,False,False,False,False
130,36.299385078796554,94.03703396854397,3.9344484260293897,18.080944017912532,Korean,-0.4645660624836016,0.222049274009639,0.28755706721126906,3.1959055001570205,0.09839060863421685,-1.5898086075569426,0.7839089742429074,0.16708808787115603,3.603770511947329,-0.04677038895475651,-1.072364734508454,1.5706561310257847,0.14208006771650963,3.3378686116863276,0.3677668566631026,-0.4591417485392006,0.7223487731527546,0.3036170851480149,3.9633634348031985,-0.33709480359060046,1,0,1,1,1,0,0,1,0,0,0,0,1,1,0,False,False,False,False,False,True,False,False
131,17.051798938670395,41.16660325463931,3.0250988681976874,23.387427737378207,Ethiopian,0.15384124503486238,0.4911283896245352,0.02175241161654667,1.9829196868833154,0.4220338725197755,-0.9795259223312953,0.5366208923829869,0.2282515741609132,4.0851648371649345,0.062338717067485484,0.2671302991978965,1.2323346485511584,0.5375364725091465,1.9847946849466913,-0.48442558129363683,-0.5668418359108933,0.2411369103229178,0.31346467952580026,3.7452419609347825,-0.33875134224323183,0,1,1,1,0,0,0,1,1,0,1,0,1,0,0,False,True,False,False,False,False,False,False
132,39.8568562166256,51.057345670911026,3.354503602945912,28.518693902949494,Indian,0.7661606204038456,0.598721195715027,0.42558269763669365,4.2629536136474835,-0.3707440354987392,0.12276162875650516,1.4673071228491785,0.544475630796703,2.6434723963805835,-0.008436537058493761,-0.22850581718361238,3.7848869297406833,0.41565161102654397,3.5530029184507375,-0.32584862801848563,-0.2781775333933456,1.5295496432697278,0.3506528833597763,2.9884248861491294,0.18294939386608014,0,0,1,1,1,0,0,1,1,0,1,0,1,1,1,False,False,False,True,False,False,False,False
133,15.690928025988171,98.26662117798257,5.0,13.223652968393667,Mexican,-0.9940276932279378,0.7452096196176042,0.3401399504204757,3.2630794675562025,0.11359421541395191,1.6892920937802727,0.9103651186752216,0.09801490866119182,2.999510401246497,-0.06082581096926946,0.42641302102400536,0.7027198070394857,0.3396345599370363,2.0417044896432377,-0.8883583764130732,-1.5120320440073503,0.3921308970903007,0.2789513154018693,2.21492093428193,-0.33742179875785555,0,0,0,1,1,1,0,1,1,0,1,0,1,0,0,False,False,False,False,False,False,False,True
134,63.275257448096156,92.96688614113543,3.5370890730461966,35.0,Chinese,-0.26434232875389496,0.5448212782688906,0.28511577938667143,3.8820510112054682,0.4974805955299605,0.1777498652185115,1.2199814907508768,0.5579368356926918,2.9609882748240524,0.3601094720479528,-0.18710188337908135,0.6645175738584769,0.2845657168207665,3.399380393091385,0.33404062687464064,-1.6138101794118402,0.8925985954475243,0.4459975862382199,3.302343182013421,0.06361136717562343,0,0,0,1,1,1,1,1,0,0,1,0,1,0,0,True,False,False,False,False,False,False,False
135,63.9705489096841,63.589813048755964,4.065641999221223,17.62938721327139,French,1.5422092203408082,2.664213307228813,0.01604987963947374,2.2408880716563946,0.539147292007852,0.03200602054382911,1.2124461795885082,0.5057185159922496,3.343716870405436,0.4599916754106985,-1.6993350883900535,0.9758911753158181,0.5850601394902631,2.500903028605805,-0.0056812632046403955,-0.5435821444697485,0.6516359462056145,0.11658299042866703,2.50046350945071,-0.020339005246940756,0,0,1,1,1,0,0,1,0,0,0,0,1,0,1,False,False,True,False,False,False,False,False
136,60.09990274558735,24.621571707358648,5.0,19.23952293101994,Korean,0.856152045689601,0.9040289871772377,0.25802315633648554,1.0,0.26757045470616114,1.9332155643632365,1.8014529120400804,0.43329089431104145,2.296875524091828,-0.2274014079725072,-0.23144815125966772,0.5750446939186653,0.4771684256688904,3.935617995076059,-0.0012278509140878128,0.2841377549802718,1.9472051893580493,0.20864540267298673,2.126805636728507,-0.1262308770996049,0,0,1,0,0,0,1,0,0,0,0,0,1,0,1,False,False,False,False,False,True,False,False
137,28.668015019570515,16.68327487923729,4.865503702290206,22.969027350194725,Chinese,-0.04480261697554768,2.1763094272023227,0.35828186637305476,2.351421902640361,0.16233223990007745,-1.062094711431401,1.4653427798363432,0.36876124851581576,3.2350584752093154,0.05878389158363005,0.04801535251767051,0.4785654535347516,0.3910999898958362,4.594090785393624,-0.0019056964600475124,0.1284611120431963,1.5006931101114602,0.5992666652004274,3.2627991622225028,0.1040002861232092,1,1,0,0,0,0,0,0,1,1,1,0,1,0,1,True,False,False,False,False,False,False,False
138,70.75198086039495,85.6138218074267,3.186751259388633,13.04513440697861,Lebanese,-0.47748922897960105,0.8163076960313037,0.5810686887330144,2.14372553339586,-0.5517033517517247,-0.7326290989087136,1.7505978747355064,0.18292037113221107,2.7653484370176424,0.06851493188875757,1.1619870895494613,0.5324029085375184,0.1591600257766709,3.627584046870597,0.4153543045577885,-0.4387357234840507,1.4391652001933162,0.4000381732792267,2.824362045174447,-0.12167650557691807,0,0,0,1,1,1,1,0,1,0,1,0,1,1,0,False,False,False,False,False,False,True,False
139,21.94459412669486,6.208329701982052,3.7664013564958876,20.48399871113974,Indian,-0.1540655244375879,2.6981368138926434,0.0391743428049042,3.1911533790640076,-0.22030775412716508,0.8427413931462943,0.9516005103820447,0.5067503580585406,4.3228899210995655,-0.2975316413467945,0.8611075050796873,0.7135962723381043,0.24642457582839622,2.191911003700811,-0.31070272235374424,0.04143419776062558,1.2762301021752147,0.7995330176499345,3.0617233654962512,-0.07465813243048482,0,0,1,1,1,0,1,1,1,1,1,0,1,1,1,False,False,False,True,False,False,False,False
140,40.34584513173725,96.5710435177882,5.0,20.116414219094136,Ethiopian,-1.551079461180946,0.48667143956376696,0.02217190142197578,1.7240383551803626,-0.018606070386244934,1.0767399874809482,0.9545666596926151,0.3797247387072192,2.0124466237504297,0.15105422253898312,0.1419141602718157,0.8027322748832519,0.08468715237146814,2.919547337240053,0.017820281917048892,0.5957730938987815,0.9433444904411281,0.2777284355331791,2.5215214301429603,-0.4558559588220274,0,0,0,1,0,0,1,0,1,1,0,0,1,1,0,False,True,False,False,False,False,False,False
141,14.462775460926192,55.547391412672575,3.5629598521008425,17.381340199256766,Indian,0.9430359810936154,1.433037595273448,0.21553672941174484,2.2521277557815607,0.10837162818765608,0.4576905380263133,1.279230178828691,0.1924172167411859,2.897711656368126,-0.1394323144660454,-0.5791745991141791,0.6460936019408706,0.08188111244302332,2.3169204743302743,0.48468968328222223,-1.0038104208188277,1.1487295119473193,0.06869575019528028,3.341664024726806,0.21177683923413212,0,1,0,1,1,0,0,0,1,0,1,1,1,1,1,False,False,False,True,False,False,False,False
142,77.65942549387567,19.49094211027047,4.768472565806202,21.47953150236284,Japanese,0.34115343851036384,0.45023819331748455,0.17395879586906554,1.8654365065856693,0.11802490471228437,-2.6194933225106896,1.179589436604281,0.088116604390986,3.2847314357666204,0.4525228875371572,0.9743359037613016,1.3787582730507784,0.2057234868751451,2.734149086042906,-0.22303256578369526,-1.0348670739729358,0.8913844610588849,0.4500883130617676,4.003929820687627,0.5109387341722416,0,0,0,1,0,1,1,1,1,0,1,0,1,1,1,False,False,False,False,True,False,False,False
143,34.87405060728357,22.267343556083397,4.168968416818432,16.661680884933176,Korean,0.13827321731793896,1.3037367984199388,0.3873407444675579,3.0873259096091696,-0.6982846339307783,0.7390463423383108,1.3704297107798116,0.2813635820648145,3.812954596577355,-0.29812937784977234,-1.6378082119246493,1.5872277750960524,0.36494232017815353,2.575298148258308,0.4440510885353442,1.0352067975996735,0.8624350859219272,0.4062553208092616,3.3606706365028884,0.31422847414688554,0,1,0,1,1,0,1,0,1,1,0,0,1,1,1,False,False,False,False,False,True,False,False
144,46.69284164733202,93.51378963822823,3.0037028434089192,20.238435701899885,Mexican,-1.2974226175245323,2.590944986996183,0.543882547087835,2.2250878203046454,-0.16892661825623792,0.667501057762868,1.2702641370489236,0.45075676824216826,3.450715899144255,0.10946071336196618,-1.1142011388487028,1.3711708501402637,0.19610774882040324,3.875212823434234,0.059774407920640475,-0.8537059987138077,1.6738434901724029,0.3797901453806296,2.2371177365195583,0.10696265559264406,0,0,0,0,0,0,1,0,0,1,1,0,1,0,0,False,False,False,False,False,False,False,True
145,63.121918169770666,11.053451326006803,4.24363607733774,12.095809993796252,Japanese,-0.7149624441521972,0.3751622243461703,0.35372971108975443,4.097296074815036,0.07661086429244807,0.04640263608520231,3.7287401870668195,0.40588716883930254,2.75553106276546,-0.3293010941915268,-1.3730857333042998,1.0703382925649196,0.517686106642731,1.9651323249600916,0.3365523547314348,0.45573870414288614,0.46107132121849065,0.6100148276965642,2.782891154832805,-0.13744418731600652,0,0,1,1,1,0,0,0,1,0,1,0,1,1,1,False,False,False,False,True,False,False,False
146,34.27727518355825,70.37528074280634,3.5212956329829987,22.871734451854284,Lebanese,0.5144796332603411,0.5926290884660353,0.37666117555186335,3.622596118392392,-0.2387974031855369,0.6660775965015711,0.9088549972518405,0.3814440098270139,3.1208528697939975,-0.38758456301639027,-0.32612386245660013,0.6114822257004887,0.7123546354593808,3.5624852098544375,-0.4343959476584321,-0.19670682254495905,0.8886538659132683,0.392390980346617,1.959030148173113,0.015253377850925353,0,1,0,1,0,0,0,0,0,0,1,0,1,1,1,False,False,False,False,False,False,True,False
147,99.4528427514078,36.20015038483704,4.098452689885127,24.65915485838329,Chinese,0.2577163810737392,1.1585241045808214,0.1532302387914734,3.667289018817763,-0.07528432117248905,1.4079484837738274,1.3618244176427148,0.42612988710425326,3.708340569274805,0.17035684802636694,0.8090968414234659,0.7222704983459781,0.3734811081663256,4.239653690442079,0.2355702528133282,1.4994520272542062,1.1335634921710012,0.18710352321857887,3.608558702190537,0.0003117724605864577,0,0,0,1,1,0,0,1,1,1,1,0,1,1,1,True,False,False,False,False,False,False,False
148,51.89552295426899,22.383026007101492,3.367330386641161,28.990232536757507,Korean,-0.4967304772912818,0.8944406520691421,0.2546524223180453,2.810321424945826,0.1468197145888948,0.051149186337923855,1.106253256614507,0.2442337318632262,1.7518661122830732,-0.003063054026212746,-1.160726930563825,0.38750459119566777,0.11133445498827804,3.2587494554915697,0.07069295142632588,-0.3383660832010469,0.3822322399420748,0.2542115985543386,3.3193855079494363,0.7641966171615231,0,1,1,0,0,0,1,0,1,0,1,0,1,1,0,False,False,False,False,False,True,False,False
149,34.747002428414696,13.291907420805138,4.515115360100426,16.40539634733754,Japanese,0.5050219167601375,0.4398038704378472,0.38764763518906425,3.17921188465231,0.08494741001636556,-0.9359748608698836,2.2757687947746286,0.33668254649233026,3.729913573236961,0.33498612834606467,2.1239064198385393,1.7469415354115951,0.6798959454534862,2.575831376940587,0.3849760886574264,0.3462481098497781,0.7036840096306967,0.2778858266421873,2.041012947819949,0.13242134139497153,0,0,1,1,0,0,1,1,1,0,1,0,1,1,0,False,False,False,False,True,False,False,False
150,18.443217858280303,29.89113137917623,3.952279686447233,23.06981927985444,Chinese,0.9387831252206129,2.001733145136588,0.28008518286914535,3.6899835006147987,0.0452016123473862,-1.839109307605646,0.645790302350377,0.14259291411776007,2.4715501570517397,0.22988567866117587,-0.9736167084389169,1.9279550254551416,0.18262269026853048,2.321618854377331,0.361329533932807,0.2191397656120217,1.082325635056942,0.075631917662556,3.4446839050076603,0.23031389706993233,0,0,1,1,1,0,1,1,1,0,1,0,1,1,1,True,False,False,False,False,False,False,False
151,4.858155412802745,27.779879051570344,4.730597258412534,18.65880690329603,Japanese,-0.6750202746791516,1.0318867865647476,0.7338491877254952,2.3006660309405618,0.2144706025197987,0.06377872848143744,0.48561338773608836,0.3353181931949566,3.798708470036113,-0.5445344215302154,1.7332318499180188,2.2729271823293407,0.24759111689001842,4.064346546163218,-0.11643392995835154,0.34076495498974774,0.6145609852697649,0.4695399343988644,4.000967730732539,0.2682899901349962,1,1,0,1,1,0,0,0,0,1,1,0,1,1,1,False,False,False,False,True,False,False,False
152,8.310961623983193,2.914682609792385,3.127538011224354,24.678421423520962,Japanese,-0.5308582401032517,2.1730473108147574,0.1734953970634057,4.000642286390677,0.33235295622519784,-0.71396809744709,2.0908633188294043,0.6473675244104645,4.494594800828644,0.3626649988098239,-0.6854841880555356,0.4912346781736506,0.01854411090535515,2.5862323631122717,-0.09648898622914044,0.8896469271432129,2.2454102307416606,0.10180595752032985,3.0245242527607927,-0.2452367848676047,0,0,0,1,1,0,0,1,1,0,1,0,0,0,0,False,False,False,False,True,False,False,False
153,96.46225819339395,32.639721809149336,3.860119429226041,12.30823365268303,Chinese,-0.8698619435111538,1.2106693079761655,0.2108401426380574,2.9285418188645638,-0.0954686448314946,-0.5618846631272185,1.5963664417815322,0.22669506088223218,2.523203878582967,-0.3903445331842927,0.5110212948999574,2.943857981927089,0.1931175398172813,3.0824712061744743,0.4356840730256571,-0.8025369424510368,1.931782620754506,0.3435122967358057,4.523967563063166,-0.2580795510479369,0,1,1,1,1,1,1,1,1,1,0,1,1,0,1,True,False,False,False,False,False,False,False
154,68.85057592199705,27.971536165930246,4.8522232744390275,16.827496001689124,Japanese,-1.1552642248167024,0.5005544060453053,0.3565743214505323,4.018333610153422,-0.32478603746485096,-1.1324688506015603,1.1381928842093483,0.3633417163285422,2.701156239493679,-0.12890293478109188,-1.2027970071187812,1.1110144586193205,0.1205899827927441,2.819437152162554,0.3684913644950835,1.00769649726555,1.465901163259558,0.13436572388451978,3.478936594860998,0.1335821458347196,0,1,0,0,0,0,1,1,0,0,1,0,1,0,0,False,False,False,False,True,False,False,False
155,44.0279320775556,81.92827337531708,4.989784102275934,19.60706299777117,Korean,0.7966718469286511,0.7492031065063988,0.5899454650470134,4.8222482461002985,-0.21763364802311647,0.2742910030053811,0.6446150444051109,0.3859938588447554,3.1234728959586797,-0.2888441496740091,-0.17423208831406406,1.2421437312107175,0.08229082758421218,2.2657944781758137,0.42542046598136607,0.16808885049986044,0.23442277190160793,0.05290986890718652,3.2437462426378243,-0.7415634707200415,0,1,1,0,1,0,0,1,0,0,1,0,1,1,1,False,False,False,False,False,True,False,False
156,79.34672642988924,52.60277251946759,4.815836775778551,27.98103618707072,French,0.5100280218356302,2.291620557194698,0.22000172236103738,4.26503421041938,-0.15590975321154177,0.7359121107527969,2.1694880440271556,0.08873070204681857,2.796214781058651,0.08809086564944252,-0.7382565493942852,2.373609771723644,0.421163181802408,4.142855219376574,0.22715509095017328,-0.029180327824879938,1.7303174033401003,0.1370145651435858,3.081758636230714,0.5433363578887797,0,0,1,1,0,0,0,0,0,1,1,1,1,0,1,False,False,True,False,False,False,False,False
157,35.38315444808306,32.52045129714073,4.688549860938888,11.573567169322223,Korean,0.33871393648813586,0.4353891925223441,0.17130766682687473,2.1177462604342843,-0.020477732724909374,0.43431874910066387,1.3140982932323404,0.1297244587195618,4.003198490972223,0.03468187442664567,1.1596903841397581,1.1689392747449983,0.18476172722686976,2.770346296340179,-0.5118009772307113,-0.9843829492802327,0.9193298410823796,0.38875078345074227,2.371200253122044,0.017438852555140542,0,0,0,0,1,0,0,1,0,0,0,1,1,0,1,False,False,False,False,False,True,False,False
158,88.3073417419719,11.195506607614536,3.414052915132037,23.629449288981302,Lebanese,-1.1721200345360938,0.7561781395981628,0.3107537851500304,3.9827766846614563,-0.4614737335734575,-1.1200411045540386,0.7097824716240616,0.0646817430946509,3.928168969609411,-0.026908814083349428,-1.1295406066572138,0.7205918396016273,0.2614180350325976,1.967522981359716,0.08056289341944721,0.8497563028732233,0.30717071589672623,0.283878486047031,2.3446185827553285,-0.06301530940512776,0,1,1,1,1,0,0,1,1,0,0,0,1,0,0,False,False,False,False,False,False,True,False
159,38.28125066769796,4.075976690697014,4.352179858826518,19.77926958467889,Japanese,-1.04596765473378,1.4338667759803907,0.3751408279803076,2.7380677046996467,-0.23678165769050713,0.8890946101264364,0.7563580899418048,0.08855345685187072,2.1198730358764557,0.6594289911245624,0.6988689983414819,1.1600662383749842,0.2333436695010652,4.752166829354857,-0.324717030674503,-1.4626721980174207,0.8555792452308072,0.3939572374208975,3.0189504098579527,0.22412260920951585,0,0,0,0,1,0,0,0,1,0,1,0,1,1,1,False,False,False,False,True,False,False,False
160,63.417515667210786,94.21806142185457,4.516851262215261,21.839765453660355,Japanese,-0.06766856427610772,1.838621085101328,0.1709686798157776,2.650547684553139,-0.08281213353356949,0.31450694533177936,0.6841743553637571,0.13694569044905616,2.0273826986711025,-0.19990281891590392,1.7598624019377045,0.6903353175898391,0.03342115278007402,4.625589069963204,-0.4048749595232689,-0.08035075335910666,3.2458062405621235,0.16035846810309728,3.5351365343159764,-0.4966379185186165,0,0,0,1,1,0,0,1,1,0,1,1,0,0,1,False,False,False,False,True,False,False,False
161,56.89004460403313,36.32256979625619,4.209530318578758,17.278315710007828,French,-0.41320975335666554,1.6428239038383994,0.04227290361916175,2.803013248374326,0.4022842125620071,-2.4880044640486387,2.335379680384604,0.29217023356171307,2.896360027811448,-0.16233574874762088,-0.16615475749120676,0.7948837612638567,0.11701849769598731,3.0351597675092816,0.020368801084762366,-0.3876254172400777,0.4722408612988148,0.44951729738893836,2.5714808150079906,-0.28588381441663646,0,1,1,1,0,1,0,0,1,0,0,0,1,0,1,False,False,True,False,False,False,False,False
162,31.29035795328472,70.30759037343901,4.565772273332264,12.498342744171492,Chinese,0.12008279961121575,0.4129116588153676,0.20349533186671562,2.03749099254872,0.15111524907771556,0.5959086104984074,0.9045081758247568,0.4129884442828932,2.4675562099115718,-0.3469187941227681,-0.5001268458273533,1.8247623550915832,0.3905802955823495,3.9566752479301615,-0.2927777339466608,0.6462969833871518,1.633930449574024,0.4680328447607502,3.004734295423733,0.21182010068335846,0,1,1,1,1,0,0,0,1,1,0,0,1,0,1,True,False,False,False,False,False,False,False
163,14.751577732278342,72.110292546289,3.6506783410232617,26.379205022259914,Chinese,-0.6989716862752283,3.4967243556422143,0.2832993017249125,3.1915991817227964,-0.05127716453994401,-2.035862036290208,0.5435253823244498,0.0494422604474136,3.5921541358218643,0.5030887709105212,0.46827702691855005,0.4211637006813864,0.47058788636057713,3.215616610424685,-0.05328160828567984,0.08062599224612928,0.39398028185085804,0.46146174437912,3.098403342110045,-0.09967989695977068,1,0,0,0,1,0,0,1,1,0,0,0,1,0,1,True,False,False,False,False,False,False,False
164,16.29521986614073,27.93623682287333,4.635055337657588,14.664771025683056,Ethiopian,0.6540248821005669,0.9059234101436476,0.20804609374880648,2.414637509029914,0.2602908513029367,-1.138281652714749,0.7062434185086452,0.4847166404935446,4.034833223022719,-0.3103519857384805,-2.681434549835708,0.3633864027757646,0.25089880080635774,3.4844348557526463,-0.03145503696173792,-0.5365402107193772,2.5924399133824125,0.2078634892054254,2.97039425880649,-0.11088449702819864,0,0,0,0,1,1,0,1,1,0,1,0,1,1,1,False,True,False,False,False,False,False,False
165,97.21791107298495,33.116428038931765,3.7915575368820362,20.763565113288305,Mexican,1.7994800741424855,1.0073684063024817,0.059953209145960924,3.9014302326233934,0.049162381218324724,1.057642286396626,1.9596505272375295,0.48578865653662784,2.8177598598134987,-0.03208649531533625,-0.10215174254329668,1.4164362118476168,0.27851858421868975,1.4656412815694182,-0.1634361063123062,1.5233649089584287,2.449862037899467,0.03933922205755949,3.093591701281451,0.25857189482393816,0,1,0,1,1,0,0,1,0,0,0,0,0,0,0,False,False,False,False,False,False,False,True
166,96.1134691429405,89.92025876091144,3.328271598399472,14.786459771868174,Japanese,1.5466060951133112,0.998196181383437,0.1542015895568115,3.2574999629946912,0.06533586169701075,0.6527685403374538,1.4502480181210677,0.19590727374889838,2.0682829195101484,-0.1429694048616614,0.3096693166982686,1.1146861457022168,0.30225385475459804,4.831141526220045,0.08579213310579335,-0.5796125357895942,1.241389881137425,0.2634643692760052,2.9694569051561968,0.047940578370220456,0,0,0,1,1,0,0,0,1,0,1,0,1,1,1,False,False,False,False,True,False,False,False
167,18.88996122393528,3.515798430195982,2.8162341466781604,21.339911613620174,Chinese,1.6098739849421548,0.8700796618611923,0.2878959822706532,1.0,0.31625731305534194,-0.6444668514591557,0.6561055651906699,0.2741092189988787,2.4560219892858846,-0.08971875995557184,-0.1286173476950488,1.0030034798954446,0.49767378612818647,3.007787505516926,-0.4268623998755022,0.07369766333812763,1.97859380542581,0.0930710000830172,2.409378566233264,0.09545812680987457,1,0,0,1,1,0,0,0,0,0,0,0,1,0,1,True,False,False,False,False,False,False,False
168,37.40601357959991,69.27054608338648,4.8859159469966125,25.913180141925398,French,0.07101978026951258,0.5597534342805345,0.3855326886005405,2.210079064277372,0.09696863553498057,-0.8834620909605276,0.4983100450580612,0.0788258584460799,3.2210045223430464,0.0370940682170296,-1.2984231269438176,1.4293951501435471,0.23532291119308268,3.5185404068247004,0.3838059429195906,0.45001135638894835,0.6611300570682279,0.03635516815604554,1.7915642995216405,0.05747675755005731,0,0,0,0,0,0,1,0,0,0,1,0,1,0,1,False,False,True,False,False,False,False,False
169,95.04921797941407,35.785189098409134,3.0425968551565865,21.59685295630936,French,0.9215752313894309,0.8218674354346877,0.10003687797129332,2.1702642863007084,0.04190325144621639,0.34569237324022195,0.7063833482329828,0.39779204377570154,3.0508673365497225,-0.43001413996295446,0.11895498576068265,0.6279572639308382,0.3078297204828064,2.004935495967455,0.42488504197737265,-1.0698450180028607,2.2095892098816967,0.10018323803217126,4.664119756910438,-0.14431226057848762,0,0,1,0,1,0,1,1,1,0,1,0,0,0,1,False,False,True,False,False,False,False,False
170,36.86221125910433,13.86590964098453,3.178215383286638,16.888515537623096,Lebanese,-0.3768298425513719,2.210911901274584,0.5793056515463151,2.4301855197191005,0.2131145641831975,-1.7968274599384613,1.1828235761542722,0.21684094433383005,2.835074438720097,-0.16301983527809996,0.644339053009731,1.7366989812700113,0.11881968602632959,2.0858509940954204,-0.19949881097518166,-0.00408560752331166,0.9919074930495839,0.5470699155561746,2.769930765075178,0.1711084057921597,0,0,0,0,1,0,1,0,1,1,1,1,0,0,0,False,False,False,False,False,False,True,False
171,75.65125667358609,46.83225609944397,2.7430968632677843,19.355561660475832,Lebanese,0.9199825431401579,0.44162803523599253,0.015585877797536658,2.4516146393730542,-0.16803130898260735,0.4107096191303123,0.7821090711133237,0.24055332370107685,2.6141052009570673,0.18300343884130718,0.7495450756249469,0.6060836922824339,0.028020094855918474,3.149697428373436,-0.0978165281849915,1.1442176906134534,3.153511363572975,0.15427714321402,2.899073101461679,-0.5645477649524019,0,1,0,1,1,0,0,0,0,0,0,0,1,1,1,False,False,False,False,False,False,True,False
172,48.157619767661444,18.785447189699788,5.0,21.787387162741727,Lebanese,-0.37842255427614147,0.232386704767859,0.20687003744787924,3.156695651209018,0.010720754724278898,-0.29182344884665956,0.7104689632813578,0.3096486048379215,3.640310296527712,-0.4472800794184067,-0.5355337936139666,0.6211428589447056,0.048596801841692926,4.608903485638069,0.12478947006661206,0.08497489368901526,1.143288265795382,0.5497726847598652,3.0734422344186045,-0.2135617626119928,1,1,1,1,1,0,0,1,0,0,0,1,1,0,0,False,False,False,False,False,False,True,False
173,5.442216796667343,68.65324672428711,5.0,12.698827681562971,Chinese,-0.4889754351752957,1.3784831560185904,0.47315519871282957,2.8599079954347477,-0.6349826791873944,0.7341476486109582,1.0126205341078773,0.34356129234775795,2.9295242702632,0.18943602742223595,-0.30133467963992305,1.86569574003188,0.4353022766480106,2.6386064917688663,0.20148537283814077,-0.5286035877812599,1.1705735106307273,0.22455924241445116,2.966504779541734,-0.15159590578584292,1,1,0,1,0,1,1,1,1,0,1,0,0,1,0,True,False,False,False,False,False,False,False
174,48.30225903893815,82.73510551834774,3.361070713926509,22.6981881851816,Korean,-0.6443938169659629,1.2245770633595439,0.10388253459390517,2.102495844342013,-0.12840128338591583,-0.12549566509367044,0.7077345099089543,0.2274864362608916,3.3294312320992074,-0.22688649892279156,-0.507976272606526,0.956040261657407,0.2460306490718375,3.042342246472114,-0.2133324997514038,0.9225930205418935,0.9480907796073913,0.08315232588018388,2.2701105496502025,0.43197889982608845,0,0,1,0,0,0,0,1,1,0,1,0,1,1,1,False,False,False,False,False,True,False,False
175,2.77760664860468,83.26274534651368,2.5401703938381046,20.68930600797008,Indian,0.6991408368712346,1.5476194666519896,0.43028049548640396,3.343102286836976,0.46083876664157974,-1.088517414954358,0.5156988956693792,0.7121205201183816,4.034787075118448,0.25478374264827713,-1.404218071416448,0.946671026719749,0.24679689116619033,3.896424674028255,0.26038544486329296,-2.3750578690162976,0.4958292237095729,0.21818330752763457,3.0306304428792203,0.1257950384526663,0,0,0,1,1,0,1,1,1,0,0,0,1,0,1,False,False,False,True,False,False,False,False
176,83.9418828243849,27.731095535158822,3.379157313971537,18.47721704440705,Lebanese,0.27540665751010024,2.818808648751076,0.6334326248676889,3.726683137547191,-0.11020469415698055,0.20223092464810755,0.4291313814256822,0.27717993628571214,1.8148259795098491,-0.06854596747867024,-0.8664098223945272,0.5961961610507803,0.7504880508868857,2.919216568963291,0.29453582900671044,1.1156059647558583,0.6700658548016099,0.10718601334190314,1.7878201658651356,0.03956303811265142,0,0,0,0,1,0,1,1,1,0,1,0,1,0,1,False,False,False,False,False,False,True,False
177,33.042215618526974,72.58990621128649,3.481923149338139,22.90019240469404,Ethiopian,0.1863253406805226,0.6471516820845107,0.323152540325049,2.996984086162899,-0.00212725684179048,-0.34983440088395196,0.5689409190241675,0.20741616772461086,3.1700970360309912,-0.25051172282359857,-1.103735732696649,1.922665647116922,0.09878501219851935,3.146101569375037,-0.0594311676594412,-0.5311193192522297,0.8334097136502471,0.0104850366625095,2.167717682236344,-0.24264268990748036,0,0,0,1,1,0,1,0,1,1,0,0,1,1,1,False,True,False,False,False,False,False,False
178,73.81177729496244,79.46592336980245,3.610132313616188,22.649329703232077,Indian,-1.1398056522390698,1.1121524820612272,0.4425908367379566,3.9460150265277476,-0.12875300628607655,-1.4212768985040238,0.6483327000189952,0.06781622085065721,2.685066154368897,-0.3375491827157376,-0.23163966636869465,1.8116813754452241,0.21818718807459977,2.7013598883665777,0.07665829173243538,-0.6948982153026665,1.5382240886672114,0.13785812167970082,3.636063350387595,0.0354511676322468,0,0,1,0,1,1,0,1,1,0,0,1,1,1,0,False,False,False,True,False,False,False,False
179,8.398236965997373,45.621729889829076,4.300211107249127,20.13480403586613,Indian,0.14180489053192544,1.3519413532285673,0.19374503096683704,3.338608677551006,-0.31039620681187996,-1.1635883360212125,1.1628976105998254,0.37783825111399716,2.5507797399350554,0.5419122138102138,0.028149869159218167,0.5857185391114458,0.3238478357024619,2.381476843286982,0.009075512409033105,0.2948703343671603,1.2887982038451193,0.14124990457513123,3.4771578178779374,0.18407413876997777,0,0,1,1,1,0,1,0,1,0,0,0,1,0,0,False,False,False,True,False,False,False,False
180,85.07787896164794,98.92020956668419,3.17119489989277,19.000951791036638,Korean,-1.4407193535671599,2.0937872513329907,0.2289280266734045,2.5363622944595763,0.14529583135305485,-1.00667628748747,1.0482369262559907,0.19278239123698895,3.2002297882200805,0.23229498152178682,2.3364531928074985,1.1867956328231803,0.2394293573228888,3.110577032565351,0.3101923916030093,0.13937821303571207,1.568587744049717,0.319208810156249,3.22220734893242,-0.2967378353950637,0,1,1,1,0,0,1,0,1,0,1,0,1,0,1,False,False,False,False,False,True,False,False
181,72.36339098384946,80.81912920617539,3.892860817742777,17.09427805560667,Lebanese,1.4765128242106418,1.850681134811474,0.22031547732866164,2.669289927095311,-0.007944232327722935,0.05002175982462668,0.6051087505248879,0.4062463517378158,2.3196965566867895,-0.24940182591705712,0.757793380803508,1.1355497390472806,0.1325100763765518,2.846640855327508,-0.0015484691049896348,1.3581605531472505,1.11116607857787,0.1258409341115648,1.9555777769092335,-0.10371948552698285,0,0,1,1,1,0,1,1,0,0,1,0,0,0,1,False,False,False,False,False,False,True,False
182,11.233523940260593,97.98938563528937,4.307903122919805,22.074449996281196,Lebanese,-0.13155348330730365,0.6030198137318349,0.21791062571274264,2.9932359477054993,0.3268715216611688,0.7654301352672933,1.928759413447819,0.2762294394740921,2.294443688833939,0.8031132950432318,0.4277917453452304,0.9166773492507321,0.375132030777052,3.7247810460599955,-0.22965034692904734,-0.5902803572208988,0.9003032780839134,0.5532280489949439,3.0656930084992533,-0.05952333274608508,0,0,1,1,0,1,0,1,0,1,1,0,1,1,1,False,False,False,False,False,False,True,False
183,32.542280016469725,17.811482247703626,4.283517531817392,28.03630575635662,Mexican,0.19442920172406122,0.43757714650573154,0.10834814445923074,3.4213084711790804,-0.2678203776698459,-0.02851487754133868,0.4826238530102725,0.3603746318396143,5.0,-0.24258003044281384,-0.6212800470475217,0.38038178232070463,0.28443150023277175,3.329633283706222,-0.8752223693648853,-1.149876385865737,0.7398598707215798,0.4054571239761616,1.0,-0.6612421764146291,0,1,1,1,0,0,1,1,1,0,0,0,1,1,0,False,False,False,False,False,False,False,True
184,67.02153883440083,0.6595243213824764,4.2741100995147585,22.88835095046319,Korean,-0.10514925319146645,0.8490747939146892,0.31506633175797966,3.1298949199559534,0.010639754235070803,-1.2056456000879037,1.7788710714829086,0.20529062349944874,4.4411944978939175,-0.3399456956494927,1.6698954083373898,1.8553199088527537,0.17837520661868297,2.5563952166848067,0.02149637598381916,-0.33840257946004365,0.9282831142903253,0.21315070476390188,3.2311022514169108,-0.005553353976590816,0,1,1,1,1,0,0,1,0,1,0,0,1,0,1,False,False,False,False,False,True,False,False
185,42.17771952246644,69.6426252955148,3.5221593326909764,23.715001438912395,Indian,-1.58396257911528,0.3799477472621682,0.4967499647448895,3.7832570418718796,-0.10290589348505522,-0.38154484214465784,0.4962476308775481,0.12450057271845849,3.783397490332057,0.356435899031326,1.5119099109455154,1.398640365663499,0.22600471687642396,4.04183521017943,0.3605667693038925,-1.0016510582267273,0.6076396029651766,0.3200771493895623,2.802261885149429,-0.12004468844970115,1,0,1,1,1,0,0,1,0,0,1,0,1,0,1,False,False,False,True,False,False,False,False
186,0.4549084393891123,32.41001819168997,3.8491614171273376,13.668803601786694,Chinese,-1.3717736855742322,1.9459048156269065,0.2502219068075404,3.925224863650467,-0.17765030634735715,0.566843638061862,0.8183591856632507,0.4878924710076415,2.1719720220442005,-0.11386772216774564,-0.15661591234535657,0.363698092198611,0.5600376151670522,3.494383840888622,-0.2423364730514373,-0.7030951846881107,1.7966394419808467,0.2605367244529808,2.71172830079378,0.4227657718616544,0,1,1,0,1,0,0,1,0,0,0,0,1,0,1,True,False,False,False,False,False,False,False
187,14.264494912025217,11.95636875601782,4.560259977700204,12.323899813078258,Mexican,-0.02831833824484874,0.7890909428544898,0.20475022500849366,2.1728233444153924,0.32457095001542746,1.0773367455423322,1.6428861360903388,0.24549599789703608,2.5070389125273387,0.3487660754581339,-0.6078094792431141,0.54800570005053,0.3447153021076891,2.4088841222798845,0.0020615553969591917,-0.3473058507875868,0.45115180140340944,0.13983284114496,2.5049836441753137,0.6254623794644071,1,0,1,0,1,0,1,1,0,0,1,1,1,0,1,False,False,False,False,False,False,False,True
188,93.93056844731842,7.44766013297431,2.9395012551979613,23.308763062881404,Mexican,1.4924714994414552,0.8076171275282987,0.18194547219747007,2.051355838705652,-0.2204397053709693,-0.9403587234692675,1.680363608263556,0.42146614400120086,2.2181522845260675,-0.19481960336390855,-0.23344627018971453,2.8449180182550107,0.34654755295733536,1.3448226880723981,0.014194589246249816,0.6428495392825756,1.6344376592829302,0.05018042999383698,2.2843560044336226,0.8163568631066503,0,0,1,1,1,0,1,1,0,0,1,0,0,1,1,False,False,False,False,False,False,False,True
189,47.462436564196786,33.654933934276535,4.749622758119852,17.07572722329269,Mexican,-1.115237216093847,0.5862569771945504,0.17945285761457064,2.905548095436524,-0.21715520618965645,0.2836071218136608,0.5985513461883817,0.10823272896827237,2.7125229941064504,0.27308888359323885,-0.22334093093279053,1.4909111952354537,0.09185433937710452,4.2229343660578715,0.054665760618529506,2.0802620103944367,0.7795252182116645,0.49507380978447735,2.399366206586371,-0.2031761398355514,0,0,1,0,1,0,0,0,0,0,1,0,1,1,1,False,False,False,False,False,False,False,True
190,93.28501164099995,58.26377224047449,3.639448246005692,25.80899746823523,Indian,-0.7054140258656812,2.4945935562343102,0.38202374312091275,3.3581477780346365,0.7595146622664768,-0.3903204805851666,1.0440319636337096,0.6871310157382481,3.0776795525711615,0.06239321242424917,-1.628718498229417,0.40306321803891315,0.3789029918874736,3.133105809877383,0.23477733409662394,-1.245012457008788,0.29349190039617057,0.8151511567280634,2.1923351867099616,-0.23281929658741524,0,1,0,1,1,0,0,0,1,1,1,0,1,0,1,False,False,False,True,False,False,False,False
191,67.97129058624101,46.23293013922524,4.744903305257485,18.91229702332336,Japanese,-0.04723257451028199,1.188524452897939,0.4206611252135406,3.726219033259204,-0.021508067621179683,-2.154124440693511,0.5088648076994192,0.27536254453725956,3.4351454051094366,0.07901412598930316,-0.25274977674954774,0.7297017447441073,0.16109447270342803,3.9990311104226763,0.10978305728367924,-1.3335780819911953,2.116241456717738,0.36312675927466337,3.494957931705235,-0.03930298760133693,0,0,0,0,1,1,0,0,1,1,1,0,1,1,1,False,False,False,False,True,False,False,False
192,66.58395748502679,6.4271655233613885,2.55565497558651,19.250161437069885,Indian,-1.68728060745894,0.7808256841898688,0.22532868709713888,3.5140973992784716,-0.06154367015530761,-1.2946837485149356,0.8835692410928053,0.177254889730261,1.8531988879700154,0.21114376156961276,-0.45797629813713525,0.8919256533053417,0.11035558631410082,2.2553006884826146,-0.0637750707519415,-2.281352310579276,0.6922297576437811,0.3580837530246551,4.068873152496248,-0.2914892932912202,0,0,1,1,1,0,0,1,0,0,0,0,0,0,1,False,False,False,True,False,False,False,False
193,52.49385387840816,86.89006371460263,4.344319019717342,22.122726954163642,Lebanese,-1.6973421151572234,1.4431952237943366,0.25504125004894956,3.4902387951136387,0.13936596323428943,-0.566220694594234,1.287816596403055,0.1853989899582802,3.740948733363814,-0.2651702517221237,0.8242857091428557,0.7372163065049678,0.5048190411589056,2.1497632290072213,0.17495595573430336,-0.03974562528064739,1.635667347862237,0.29492586718853536,2.351975129050367,-0.0503476396112131,0,0,1,1,1,1,1,1,0,1,1,0,1,0,1,False,False,False,False,False,False,True,False
194,52.890382636706214,40.14561997183049,3.546164869752135,18.133199404033963,Mexican,-0.4114539422574148,0.9500073709827127,0.39305987914104235,2.239998029788942,-0.3016272456127367,-0.5177092098611301,0.7179367183778712,0.32692433111864533,3.0930456408871594,-0.19670500214052614,0.15010139017698135,0.7295794803013355,0.21054732318579758,2.623343575367707,-0.6686045406039228,0.5550868525993978,2.019822443313161,0.5225175277099804,3.6879240658647934,-0.05217899816986453,0,0,1,1,1,0,0,0,0,0,1,0,1,0,1,False,False,False,False,False,False,False,True
195,8.996603923732083,65.27764971838334,4.855964584001531,10.0,Indian,-0.04527514308732325,1.4277484945923433,0.23142942797037747,3.295163842566816,0.10627470501780771,-0.39587830763327897,2.431798690290003,0.24841402563171816,3.7440151784439206,-0.036217855958944146,-0.3553147476237231,0.6559670810558581,0.41772900418599146,3.7614533142849083,-0.41254641663879027,0.4853350118589635,1.038326290169936,0.1296897958569069,3.6402727989697574,-0.4539103811540714,0,0,0,1,1,0,1,0,1,0,1,0,1,1,1,False,False,False,True,False,False,False,False
196,68.42239682340508,69.83891972397804,3.903192334677138,26.714283697608476,Mexican,-0.39117313266670284,2.2062336203800132,0.11475773452535376,2.4706437572401305,-0.3535262836800885,-0.603695245023457,1.346563172069582,0.5278365897687115,2.8562412258451517,-0.10424346900121793,1.0638495096425111,0.8050412311047672,0.2788244504411238,3.2716963411908218,-0.1421957811027826,1.0238694966432025,1.0381166235279244,0.15984578237023947,3.7772266338302627,-0.1196714521873883,0,0,0,1,1,1,0,1,1,0,0,0,1,1,1,False,False,False,False,False,False,False,True
197,24.653833096694676,40.777410384637655,3.173756229773555,18.432122210103532,Japanese,1.5342223499177943,0.8530555954684617,0.36880723617365346,3.3275055110137255,-0.14182009398448742,0.3673928911221677,1.5062211990626992,0.07917011705003332,3.5077040970746407,-0.00736003646748854,0.5663316919357301,1.624612764018587,0.33306132627090074,2.3720252761941842,0.33547450911976134,0.5003475991692856,0.4958265841423264,0.5122627772293465,1.0,-0.006523658871006228,0,1,1,1,1,0,0,0,0,0,1,1,1,0,1,False,False,False,False,True,False,False,False
198,47.71799551818423,28.241679704311228,4.668224688890823,22.189917469775743,Ethiopian,-0.16419294732345824,1.3597239512935704,0.1929965271716733,3.7183792229216555,-0.1712789754119956,-0.9590118144306119,0.7123214106485135,0.10797583595016647,1.733934608096752,0.16208421515576585,-0.027743846930759347,0.4691523581445514,0.09707865245404272,3.182271645711534,0.8306573500450946,-0.09047830028585434,0.4485218643577199,0.2323262741848719,3.920240983854938,0.06072947528621875,0,1,0,1,1,0,1,0,0,0,1,0,1,0,1,False,True,False,False,False,False,False,False
199,39.18027578480794,5.741564825237077,3.318463769676438,16.994735956650665,Indian,0.3603666531546502,1.332066342593969,0.15740171023349936,2.450088435915855,0.40590077975460553,-1.5952967224865335,0.9239629721719557,0.3166607615869733,3.422411763218188,-0.15635093146128046,-0.6718504370383948,2.1991252517767506,0.2975391289389174,1.0783183912389738,0.08153823801295577,1.088291504446544,0.835768878421439,0.2709954897694579,2.601591804322505,0.12693447928979973,1,0,0,1,1,1,1,0,1,1,0,0,1,0,1,False,False,False,True,False,False,False,False
