J,N,P,M,file,parameter,true_value,posterior_mean,hdi_low,hdi_high,in_hdi,interval_width,relative_width,posterior_mse,abs_error,sq_error,r_hat,ess_bulk,ess_tail
100,20000,10,0,restaurants_mnl_P10_J100_N20k_I0_C0_M0_woJIT.nc,beta_rating,0.75,0.742,0.715,0.771,True,0.05600000000000005,0.07466666666666673,0.0002828356462218052,0.008000000000000007,6.400000000000012e-05,1.0,2363.0,2721.0
100,20000,10,0,restaurants_mnl_P10_J100_N20k_I0_C0_M0_woJIT.nc,beta_cost,-0.4,-0.398,-0.404,-0.393,True,0.01100000000000001,0.027500000000000024,1.0811837637233455e-05,0.0020000000000000018,4.0000000000000074e-06,1.0,2972.0,2800.0
100,20000,10,0,restaurants_mnl_P10_J100_N20k_I0_C0_M0_woJIT.nc,beta_log_dist,-0.6,-0.592,-0.611,-0.573,True,0.038000000000000034,0.0633333333333334,0.0001568318967303796,0.008000000000000007,6.400000000000012e-05,1.0,2864.0,2890.0
100,20000,10,0,restaurants_mnl_P10_J100_N20k_I0_C0_M0_woJIT.nc,beta_chinese,0.83,0.848,0.773,0.927,True,0.15400000000000003,0.18554216867469883,0.0019657435402923884,0.018000000000000016,0.00032400000000000056,1.01,857.0,1237.0
100,20000,10,0,restaurants_mnl_P10_J100_N20k_I0_C0_M0_woJIT.nc,beta_japanese,1.25,1.288,1.214,1.36,True,0.14600000000000013,0.1168000000000001,0.0029880513798695905,0.038000000000000034,0.0014440000000000026,1.01,812.0,1045.0
100,20000,10,0,restaurants_mnl_P10_J100_N20k_I0_C0_M0_woJIT.nc,beta_korean,0.75,0.812,0.727,0.894,True,0.16700000000000004,0.2226666666666667,0.005948980357616831,0.062000000000000055,0.0038440000000000067,1.01,907.0,1995.0
100,20000,10,0,restaurants_mnl_P10_J100_N20k_I0_C0_M0_woJIT.nc,beta_indian,1.0,0.985,0.878,1.083,True,0.20499999999999996,0.20499999999999996,0.003218512836934224,0.015000000000000013,0.0002250000000000004,1.0,1148.0,1571.0
100,20000,10,0,restaurants_mnl_P10_J100_N20k_I0_C0_M0_woJIT.nc,beta_french,0.95,0.932,0.854,1.007,True,0.1529999999999999,0.16105263157894728,0.00203058753779195,0.017999999999999905,0.0003239999999999966,1.01,890.0,1293.0
100,20000,10,0,restaurants_mnl_P10_J100_N20k_I0_C0_M0_woJIT.nc,beta_mexican,1.3,1.314,1.237,1.388,True,0.1509999999999998,0.116153846153846,0.001809562013332112,0.014000000000000012,0.00019600000000000035,1.01,861.0,1207.0
100,20000,10,0,restaurants_mnl_P10_J100_N20k_I0_C0_M0_woJIT.nc,beta_lebanese,0.9,0.905,0.824,0.982,True,0.15800000000000003,0.17555555555555558,0.0017909345291037939,0.0050000000000000044,2.5000000000000045e-05,1.01,890.0,1389.0
100,50000,10,0,restaurants_mnl_P10_J100_N50k_I0_C0_M0_woJIT.nc,beta_rating,0.75,0.748,0.731,0.765,True,0.03400000000000003,0.04533333333333337,9.167162355295497e-05,0.0020000000000000018,4.0000000000000074e-06,1.0,1087.0,1227.0
100,50000,10,0,restaurants_mnl_P10_J100_N50k_I0_C0_M0_woJIT.nc,beta_cost,-0.4,-0.399,-0.403,-0.396,True,0.007000000000000006,0.017500000000000016,3.838759672109549e-06,0.0010000000000000009,1.0000000000000019e-06,1.0,1954.0,1666.0
100,50000,10,0,restaurants_mnl_P10_J100_N50k_I0_C0_M0_woJIT.nc,beta_log_dist,-0.6,-0.61,-0.623,-0.598,True,0.025000000000000022,0.041666666666666706,0.00013249681179296866,0.010000000000000009,0.00010000000000000018,1.0,1355.0,1236.0
100,50000,10,0,restaurants_mnl_P10_J100_N50k_I0_C0_M0_woJIT.nc,beta_chinese,0.83,0.855,0.799,0.903,True,0.10399999999999998,0.1253012048192771,0.001365283314344531,0.025000000000000022,0.0006250000000000011,1.01,298.0,544.0
100,50000,10,0,restaurants_mnl_P10_J100_N50k_I0_C0_M0_woJIT.nc,beta_japanese,1.25,1.29,1.238,1.335,True,0.09699999999999998,0.07759999999999997,0.0022234607551632553,0.040000000000000036,0.001600000000000003,1.02,290.0,565.0
100,50000,10,0,restaurants_mnl_P10_J100_N50k_I0_C0_M0_woJIT.nc,beta_korean,0.75,0.766,0.71,0.822,True,0.11199999999999999,0.14933333333333332,0.0011564790897984224,0.016000000000000014,0.0002560000000000005,1.01,367.0,661.0
100,50000,10,0,restaurants_mnl_P10_J100_N50k_I0_C0_M0_woJIT.nc,beta_indian,1.0,0.982,0.916,1.048,True,0.132,0.132,0.0015700416515469866,0.018000000000000016,0.00032400000000000056,1.01,464.0,692.0
100,50000,10,0,restaurants_mnl_P10_J100_N50k_I0_C0_M0_woJIT.nc,beta_french,0.95,0.949,0.898,0.997,True,0.09899999999999998,0.10421052631578945,0.0007211158780752271,0.0010000000000000009,1.0000000000000019e-06,1.01,360.0,552.0
100,50000,10,0,restaurants_mnl_P10_J100_N50k_I0_C0_M0_woJIT.nc,beta_mexican,1.3,1.303,1.255,1.354,True,0.0990000000000002,0.07615384615384631,0.0007050337949828074,0.0029999999999998916,8.99999999999935e-06,1.01,366.0,569.0
100,50000,10,0,restaurants_mnl_P10_J100_N50k_I0_C0_M0_woJIT.nc,beta_lebanese,0.9,0.93,0.879,0.98,True,0.10099999999999998,0.1122222222222222,0.0016460281994028505,0.030000000000000027,0.0009000000000000016,1.02,304.0,560.0
200,10000,10,0,restaurants_mnl_P10_J200_N10k_I0_C0_M0_woJIT.nc,beta_rating,0.75,0.757,0.72,0.79,True,0.07000000000000006,0.09333333333333342,0.00041344999814510935,0.007000000000000006,4.9000000000000087e-05,1.0,2365.0,1934.0
200,10000,10,0,restaurants_mnl_P10_J200_N10k_I0_C0_M0_woJIT.nc,beta_cost,-0.4,-0.395,-0.402,-0.388,True,0.014000000000000012,0.03500000000000003,3.8811572795653524e-05,0.0050000000000000044,2.5000000000000045e-05,1.0,3036.0,2596.0
200,10000,10,0,restaurants_mnl_P10_J200_N10k_I0_C0_M0_woJIT.nc,beta_log_dist,-0.6,-0.566,-0.591,-0.541,False,0.04999999999999993,0.08333333333333323,0.0013103625575461707,0.03400000000000003,0.001156000000000002,1.0,2884.0,2716.0
200,10000,10,0,restaurants_mnl_P10_J200_N10k_I0_C0_M0_woJIT.nc,beta_chinese,0.83,0.843,0.707,0.982,True,0.275,0.33132530120481934,0.005419628903052843,0.013000000000000012,0.0001690000000000003,1.0,787.0,1267.0
200,10000,10,0,restaurants_mnl_P10_J200_N10k_I0_C0_M0_woJIT.nc,beta_japanese,1.25,1.276,1.149,1.407,True,0.258,0.2064,0.005417049219369395,0.026000000000000023,0.0006760000000000013,1.0,753.0,1240.0
200,10000,10,0,restaurants_mnl_P10_J200_N10k_I0_C0_M0_woJIT.nc,beta_korean,0.75,0.846,0.706,0.986,True,0.28,0.37333333333333335,0.014842256352070798,0.09599999999999997,0.009215999999999995,1.0,881.0,1504.0
200,10000,10,0,restaurants_mnl_P10_J200_N10k_I0_C0_M0_woJIT.nc,beta_indian,1.0,1.026,0.895,1.161,True,0.266,0.266,0.00582205981293482,0.026000000000000023,0.0006760000000000013,1.0,820.0,1413.0
200,10000,10,0,restaurants_mnl_P10_J200_N10k_I0_C0_M0_woJIT.nc,beta_french,0.95,1.012,0.847,1.176,True,0.32899999999999996,0.3463157894736842,0.011628231178112326,0.062000000000000055,0.0038440000000000067,1.0,1050.0,1638.0
200,10000,10,0,restaurants_mnl_P10_J200_N10k_I0_C0_M0_woJIT.nc,beta_mexican,1.3,1.329,1.205,1.463,True,0.258,0.19846153846153847,0.005633332757574825,0.028999999999999915,0.0008409999999999951,1.0,800.0,1313.0
200,10000,10,0,restaurants_mnl_P10_J200_N10k_I0_C0_M0_woJIT.nc,beta_lebanese,0.9,0.952,0.813,1.089,True,0.276,0.3066666666666667,0.008119659538761887,0.051999999999999935,0.0027039999999999933,1.0,824.0,1377.0
200,20000,10,0,restaurants_mnl_P10_J200_N20k_I0_C0_M0_woJIT.nc,beta_rating,0.75,0.752,0.729,0.777,True,0.04800000000000004,0.06400000000000006,0.0001701610879150421,0.0020000000000000018,4.0000000000000074e-06,1.01,1303.0,1202.0
200,20000,10,0,restaurants_mnl_P10_J200_N20k_I0_C0_M0_woJIT.nc,beta_cost,-0.4,-0.396,-0.401,-0.392,True,0.009000000000000008,0.02250000000000002,2.076682648320551e-05,0.0040000000000000036,1.600000000000003e-05,1.0,1521.0,1344.0
200,20000,10,0,restaurants_mnl_P10_J200_N20k_I0_C0_M0_woJIT.nc,beta_log_dist,-0.6,-0.583,-0.601,-0.565,True,0.03600000000000003,0.06000000000000005,0.00039339974773999216,0.017000000000000015,0.0002890000000000005,1.0,1098.0,998.0
200,20000,10,0,restaurants_mnl_P10_J200_N20k_I0_C0_M0_woJIT.nc,beta_chinese,0.83,0.901,0.801,0.992,True,0.19099999999999995,0.23012048192771078,0.007663604786580906,0.07100000000000006,0.005041000000000009,1.0,386.0,542.0
200,20000,10,0,restaurants_mnl_P10_J200_N20k_I0_C0_M0_woJIT.nc,beta_japanese,1.25,1.349,1.256,1.442,False,0.18599999999999994,0.14879999999999996,0.012340958369837935,0.09899999999999998,0.009800999999999995,1.0,367.0,484.0
200,20000,10,0,restaurants_mnl_P10_J200_N20k_I0_C0_M0_woJIT.nc,beta_korean,0.75,0.893,0.797,0.993,False,0.19599999999999995,0.26133333333333325,0.023292763979481754,0.14300000000000002,0.020449000000000005,1.0,401.0,444.0
200,20000,10,0,restaurants_mnl_P10_J200_N20k_I0_C0_M0_woJIT.nc,beta_indian,1.0,1.091,0.995,1.188,True,0.19299999999999995,0.19299999999999995,0.010907931942268021,0.09099999999999997,0.008280999999999995,1.0,386.0,442.0
200,20000,10,0,restaurants_mnl_P10_J200_N20k_I0_C0_M0_woJIT.nc,beta_french,0.95,1.027,0.916,1.136,True,0.21999999999999986,0.2315789473684209,0.009666304412122368,0.07699999999999996,0.005928999999999993,1.0,474.0,660.0
200,20000,10,0,restaurants_mnl_P10_J200_N20k_I0_C0_M0_woJIT.nc,beta_mexican,1.3,1.419,1.324,1.506,False,0.18199999999999994,0.13999999999999996,0.01642865979436773,0.119,0.014160999999999998,1.0,363.0,478.0
200,20000,10,0,restaurants_mnl_P10_J200_N20k_I0_C0_M0_woJIT.nc,beta_lebanese,0.9,1.018,0.915,1.115,False,0.19999999999999996,0.22222222222222215,0.01667214859783768,0.118,0.013923999999999999,1.0,403.0,451.0
200,50000,10,0,restaurants_mnl_P10_J200_N50k_I0_C0_M0_woJIT.nc,beta_rating,0.75,0.747,0.73,0.762,True,0.03200000000000003,0.04266666666666671,8.12224029779237e-05,0.0030000000000000027,9.000000000000015e-06,1.0,1102.0,1263.0
200,50000,10,0,restaurants_mnl_P10_J200_N50k_I0_C0_M0_woJIT.nc,beta_cost,-0.4,-0.398,-0.402,-0.396,True,0.006000000000000005,0.015000000000000013,5.1313071320543324e-06,0.0020000000000000018,4.0000000000000074e-06,1.0,1775.0,1408.0
200,50000,10,0,restaurants_mnl_P10_J200_N50k_I0_C0_M0_woJIT.nc,beta_log_dist,-0.6,-0.596,-0.607,-0.585,True,0.02200000000000002,0.0366666666666667,4.9071530554733805e-05,0.0040000000000000036,1.600000000000003e-05,1.0,1288.0,1201.0
200,50000,10,0,restaurants_mnl_P10_J200_N50k_I0_C0_M0_woJIT.nc,beta_chinese,0.83,0.911,0.849,0.968,False,0.119,0.14337349397590363,0.00752235723775404,0.08100000000000007,0.006561000000000011,1.01,411.0,627.0
200,50000,10,0,restaurants_mnl_P10_J200_N50k_I0_C0_M0_woJIT.nc,beta_japanese,1.25,1.356,1.3,1.411,False,0.11099999999999999,0.08879999999999999,0.01205015888361428,0.1060000000000001,0.01123600000000002,1.01,402.0,676.0
200,50000,10,0,restaurants_mnl_P10_J200_N50k_I0_C0_M0_woJIT.nc,beta_korean,0.75,0.874,0.816,0.935,False,0.1190000000000001,0.15866666666666682,0.016561371412044112,0.124,0.015375999999999999,1.01,442.0,799.0
200,50000,10,0,restaurants_mnl_P10_J200_N50k_I0_C0_M0_woJIT.nc,beta_indian,1.0,1.079,1.02,1.14,False,0.11999999999999988,0.11999999999999988,0.007293305575725857,0.07899999999999996,0.006240999999999994,1.01,400.0,697.0
200,50000,10,0,restaurants_mnl_P10_J200_N50k_I0_C0_M0_woJIT.nc,beta_french,0.95,1.025,0.954,1.1,False,0.14600000000000013,0.15368421052631592,0.0070126785982164526,0.07499999999999996,0.005624999999999994,1.01,552.0,861.0
200,50000,10,0,restaurants_mnl_P10_J200_N50k_I0_C0_M0_woJIT.nc,beta_mexican,1.3,1.394,1.336,1.449,False,0.11299999999999999,0.08692307692307691,0.009737141261622867,0.09399999999999986,0.008835999999999974,1.01,407.0,695.0
200,50000,10,0,restaurants_mnl_P10_J200_N50k_I0_C0_M0_woJIT.nc,beta_lebanese,0.9,1.009,0.947,1.07,False,0.12300000000000011,0.1366666666666668,0.012875608166397445,0.10899999999999987,0.011880999999999973,1.01,444.0,780.0
500,10000,10,0,restaurants_mnl_P10_J500_N10k_I0_C0_M0_woJIT.nc,beta_rating,0.75,0.727,0.696,0.758,True,0.062000000000000055,0.08266666666666674,0.0008235864330416989,0.02300000000000002,0.0005290000000000009,1.0,1406.0,1351.0
500,10000,10,0,restaurants_mnl_P10_J500_N10k_I0_C0_M0_woJIT.nc,beta_cost,-0.4,-0.402,-0.409,-0.395,True,0.013999999999999957,0.03499999999999989,1.8496644640189764e-05,0.0020000000000000018,4.0000000000000074e-06,1.0,1705.0,1544.0
500,10000,10,0,restaurants_mnl_P10_J500_N10k_I0_C0_M0_woJIT.nc,beta_log_dist,-0.6,-0.572,-0.595,-0.548,False,0.04699999999999993,0.07833333333333323,0.0009307332223924771,0.028000000000000025,0.0007840000000000014,1.0,1130.0,1175.0
500,10000,10,0,restaurants_mnl_P10_J500_N10k_I0_C0_M0_woJIT.nc,beta_chinese,0.83,0.805,0.693,0.923,True,0.2300000000000001,0.2771084337349399,0.004434648388602856,0.02499999999999991,0.0006249999999999956,1.0,541.0,811.0
500,10000,10,0,restaurants_mnl_P10_J500_N10k_I0_C0_M0_woJIT.nc,beta_japanese,1.25,1.276,1.162,1.389,True,0.2270000000000001,0.18160000000000007,0.0043213003815866895,0.026000000000000023,0.0006760000000000013,1.0,576.0,786.0
500,10000,10,0,restaurants_mnl_P10_J500_N10k_I0_C0_M0_woJIT.nc,beta_korean,0.75,0.704,0.592,0.831,True,0.239,0.31866666666666665,0.0061870603790852045,0.04600000000000004,0.0021160000000000037,1.0,583.0,809.0
500,10000,10,0,restaurants_mnl_P10_J500_N10k_I0_C0_M0_woJIT.nc,beta_indian,1.0,1.019,0.906,1.144,True,0.23799999999999988,0.23799999999999988,0.0043367746246613815,0.018999999999999906,0.0003609999999999964,1.0,582.0,743.0
500,10000,10,0,restaurants_mnl_P10_J500_N10k_I0_C0_M0_woJIT.nc,beta_french,0.95,0.923,0.815,1.027,True,0.21199999999999997,0.22315789473684208,0.0040108953487464185,0.026999999999999913,0.0007289999999999953,1.0,540.0,862.0
500,10000,10,0,restaurants_mnl_P10_J500_N10k_I0_C0_M0_woJIT.nc,beta_mexican,1.3,1.262,1.164,1.37,True,0.20600000000000018,0.1584615384615386,0.004510042440896891,0.038000000000000034,0.0014440000000000026,1.01,477.0,822.0
500,10000,10,0,restaurants_mnl_P10_J500_N10k_I0_C0_M0_woJIT.nc,beta_lebanese,0.9,0.841,0.735,0.958,True,0.22299999999999998,0.24777777777777774,0.007032608363394846,0.05900000000000005,0.0034810000000000062,1.01,557.0,788.0
500,20000,10,0,restaurants_mnl_P10_J500_N20k_I0_C0_M0_woJIT.nc,beta_rating,0.75,0.743,0.72,0.767,True,0.04700000000000004,0.06266666666666672,0.00019653096092944552,0.007000000000000006,4.9000000000000087e-05,1.0,1536.0,1388.0
500,20000,10,0,restaurants_mnl_P10_J500_N20k_I0_C0_M0_woJIT.nc,beta_cost,-0.4,-0.4,-0.404,-0.395,True,0.009000000000000008,0.02250000000000002,6.0449621907712735e-06,0.0,0.0,1.0,1816.0,1368.0
500,20000,10,0,restaurants_mnl_P10_J500_N20k_I0_C0_M0_woJIT.nc,beta_log_dist,-0.6,-0.587,-0.604,-0.571,True,0.03300000000000003,0.05500000000000005,0.00024159177425889312,0.013000000000000012,0.0001690000000000003,1.0,1537.0,1411.0
500,20000,10,0,restaurants_mnl_P10_J500_N20k_I0_C0_M0_woJIT.nc,beta_chinese,0.83,0.784,0.702,0.866,True,0.16400000000000003,0.19759036144578318,0.0040292921553041925,0.04599999999999993,0.0021159999999999938,1.01,415.0,733.0
500,20000,10,0,restaurants_mnl_P10_J500_N20k_I0_C0_M0_woJIT.nc,beta_japanese,1.25,1.249,1.171,1.321,True,0.1499999999999999,0.11999999999999993,0.001660328540647102,0.0009999999999998899,9.999999999997797e-07,1.01,359.0,925.0
500,20000,10,0,restaurants_mnl_P10_J500_N20k_I0_C0_M0_woJIT.nc,beta_korean,0.75,0.678,0.598,0.763,True,0.16500000000000004,0.22000000000000006,0.007195668275977217,0.07199999999999995,0.005183999999999993,1.01,427.0,697.0
500,20000,10,0,restaurants_mnl_P10_J500_N20k_I0_C0_M0_woJIT.nc,beta_indian,1.0,0.973,0.891,1.055,True,0.16399999999999992,0.16399999999999992,0.002638639343524078,0.027000000000000024,0.0007290000000000013,1.01,426.0,776.0
500,20000,10,0,restaurants_mnl_P10_J500_N20k_I0_C0_M0_woJIT.nc,beta_french,0.95,0.939,0.866,1.011,True,0.1449999999999999,0.15263157894736834,0.0016458169448562423,0.01100000000000001,0.00012100000000000022,1.01,362.0,587.0
500,20000,10,0,restaurants_mnl_P10_J500_N20k_I0_C0_M0_woJIT.nc,beta_mexican,1.3,1.254,1.184,1.327,True,0.14300000000000002,0.11000000000000001,0.003575314429113952,0.04600000000000004,0.0021160000000000037,1.01,365.0,659.0
500,20000,10,0,restaurants_mnl_P10_J500_N20k_I0_C0_M0_woJIT.nc,beta_lebanese,0.9,0.849,0.778,0.937,True,0.15900000000000003,0.1766666666666667,0.004341919760677764,0.051000000000000045,0.002601000000000005,1.01,426.0,459.0
500,50000,10,0,restaurants_mnl_P10_J500_N50k_I0_C0_M0_woJIT.nc,beta_rating,0.75,0.746,0.732,0.76,True,0.028000000000000025,0.037333333333333364,7.847841033443817e-05,0.0040000000000000036,1.600000000000003e-05,1.0,1237.0,1223.0
500,50000,10,0,restaurants_mnl_P10_J500_N50k_I0_C0_M0_woJIT.nc,beta_cost,-0.4,-0.401,-0.404,-0.398,True,0.006000000000000005,0.015000000000000013,3.1758779771751177e-06,0.0010000000000000009,1.0000000000000019e-06,1.0,1977.0,1655.0
500,50000,10,0,restaurants_mnl_P10_J500_N50k_I0_C0_M0_woJIT.nc,beta_log_dist,-0.6,-0.59,-0.6,-0.58,True,0.020000000000000018,0.03333333333333337,0.00012554020316297588,0.010000000000000009,0.00010000000000000018,1.0,1291.0,1067.0
500,50000,10,0,restaurants_mnl_P10_J500_N50k_I0_C0_M0_woJIT.nc,beta_chinese,0.83,0.849,0.796,0.904,True,0.10799999999999998,0.13012048192771083,0.0012028225821439946,0.019000000000000017,0.00036100000000000064,1.01,423.0,655.0
500,50000,10,0,restaurants_mnl_P10_J500_N50k_I0_C0_M0_woJIT.nc,beta_japanese,1.25,1.265,1.214,1.317,True,0.10299999999999998,0.08239999999999999,0.0009981801161195402,0.014999999999999902,0.00022499999999999707,1.02,400.0,630.0
500,50000,10,0,restaurants_mnl_P10_J500_N50k_I0_C0_M0_woJIT.nc,beta_korean,0.75,0.728,0.671,0.778,True,0.10699999999999998,0.14266666666666664,0.0013279859228205267,0.02200000000000002,0.00048400000000000087,1.01,411.0,594.0
500,50000,10,0,restaurants_mnl_P10_J500_N50k_I0_C0_M0_woJIT.nc,beta_indian,1.0,1.01,0.956,1.064,True,0.1080000000000001,0.1080000000000001,0.000923016349319992,0.010000000000000009,0.00010000000000000018,1.01,455.0,625.0
500,50000,10,0,restaurants_mnl_P10_J500_N50k_I0_C0_M0_woJIT.nc,beta_french,0.95,0.974,0.924,1.022,True,0.09799999999999998,0.10315789473684209,0.001283434413785898,0.02400000000000002,0.000576000000000001,1.02,361.0,571.0
500,50000,10,0,restaurants_mnl_P10_J500_N50k_I0_C0_M0_woJIT.nc,beta_mexican,1.3,1.299,1.251,1.347,True,0.09600000000000009,0.07384615384615391,0.0006647087293956171,0.001000000000000112,1.0000000000002238e-06,1.02,367.0,530.0
500,50000,10,0,restaurants_mnl_P10_J500_N50k_I0_C0_M0_woJIT.nc,beta_lebanese,0.9,0.893,0.842,0.943,True,0.10099999999999998,0.1122222222222222,0.000784936764127673,0.007000000000000006,4.9000000000000087e-05,1.01,407.0,566.0
100,10000,20,0,restaurants_mnl_P20_J100_N10k_I0_C0_M0_woJIT.nc,beta_rating,0.75,0.771,0.72,0.818,True,0.09799999999999998,0.13066666666666663,0.0011319999252569755,0.02100000000000002,0.0004410000000000008,1.0,6498.0,5547.0
100,10000,20,0,restaurants_mnl_P20_J100_N10k_I0_C0_M0_woJIT.nc,beta_cost,-0.4,-0.38,-0.428,-0.334,True,0.09399999999999997,0.23499999999999993,0.001040322233013272,0.020000000000000018,0.0004000000000000007,1.0,6137.0,5121.0
100,10000,20,0,restaurants_mnl_P20_J100_N10k_I0_C0_M0_woJIT.nc,beta_log_dist,-0.6,-0.609,-0.688,-0.532,True,0.15599999999999992,0.2599999999999999,0.00180438966082643,0.009000000000000008,8.100000000000014e-05,1.0,8441.0,4971.0
100,10000,20,0,restaurants_mnl_P20_J100_N10k_I0_C0_M0_woJIT.nc,beta_chinese,0.83,0.88,0.769,0.991,True,0.22199999999999998,0.2674698795180723,0.005967569281098146,0.050000000000000044,0.0025000000000000044,1.0,3024.0,4184.0
100,10000,20,0,restaurants_mnl_P20_J100_N10k_I0_C0_M0_woJIT.nc,beta_japanese,1.25,1.31,1.199,1.42,True,0.22099999999999986,0.1767999999999999,0.006988782157960094,0.06000000000000005,0.0036000000000000064,1.0,2814.0,4228.0
100,10000,20,0,restaurants_mnl_P20_J100_N10k_I0_C0_M0_woJIT.nc,beta_korean,0.75,0.756,0.63,0.886,True,0.256,0.3413333333333333,0.004747161381735273,0.006000000000000005,3.600000000000006e-05,1.0,3309.0,5384.0
100,10000,20,0,restaurants_mnl_P20_J100_N10k_I0_C0_M0_woJIT.nc,beta_indian,1.0,1.085,0.951,1.215,True,0.2640000000000001,0.2640000000000001,0.011975543050250895,0.08499999999999996,0.007224999999999994,1.0,3589.0,5267.0
100,10000,20,0,restaurants_mnl_P20_J100_N10k_I0_C0_M0_woJIT.nc,beta_french,0.95,0.978,0.851,1.092,True,0.2410000000000001,0.2536842105263159,0.004899950574912186,0.028000000000000025,0.0007840000000000014,1.0,2932.0,4678.0
100,10000,20,0,restaurants_mnl_P20_J100_N10k_I0_C0_M0_woJIT.nc,beta_mexican,1.3,1.3,1.181,1.419,True,0.238,0.18307692307692305,0.004049724140920301,0.0,0.0,1.0,2779.0,4259.0
100,10000,20,0,restaurants_mnl_P20_J100_N10k_I0_C0_M0_woJIT.nc,beta_lebanese,0.9,0.922,0.807,1.038,True,0.23099999999999998,0.25666666666666665,0.004243210646544838,0.02200000000000002,0.00048400000000000087,1.0,2836.0,4255.0
100,10000,20,0,restaurants_mnl_P20_J100_N10k_I0_C0_M0_woJIT.nc,beta_cost_x_logincome,0.02,0.014,0.003,0.026,True,0.023,1.15,6.755622047595013e-05,0.006,3.6e-05,1.0,6190.0,5295.0
100,10000,20,0,restaurants_mnl_P20_J100_N10k_I0_C0_M0_woJIT.nc,beta_logdist_x_age,-0.02,-0.019,-0.022,-0.017,True,0.0049999999999999975,0.24999999999999986,1.4993295600000503e-06,0.0010000000000000009,1.0000000000000019e-06,1.0,8494.0,5222.0
100,10000,20,0,restaurants_mnl_P20_J100_N10k_I0_C0_M0_woJIT.nc,beta_rating_x_edu_sec,0.15,0.112,0.038,0.185,True,0.147,0.98,0.0030076004883162347,0.03799999999999999,0.0014439999999999993,1.0,7524.0,5778.0
100,10000,20,0,restaurants_mnl_P20_J100_N10k_I0_C0_M0_woJIT.nc,beta_c_16,0.09,0.065,0.034,0.094,True,0.06,0.6666666666666666,0.0008752301995931931,0.024999999999999994,0.0006249999999999997,1.0,7727.0,5754.0
100,10000,20,0,restaurants_mnl_P20_J100_N10k_I0_C0_M0_woJIT.nc,beta_c_19,-0.04,-0.044,-0.081,-0.004,True,0.077,1.925,0.0004407775537497351,0.003999999999999997,1.5999999999999972e-05,1.0,6685.0,5867.0
100,10000,20,0,restaurants_mnl_P20_J100_N10k_I0_C0_M0_woJIT.nc,beta_c_20,0.12,0.061,-0.021,0.147,True,0.16799999999999998,1.4,0.0055064107382716675,0.059,0.0034809999999999997,1.0,8499.0,5808.0
100,10000,20,0,restaurants_mnl_P20_J100_N10k_I0_C0_M0_woJIT.nc,beta_c_21,0.22,0.207,0.181,0.233,True,0.05200000000000002,0.23636363636363644,0.0003535553544494561,0.013000000000000012,0.0001690000000000003,1.0,7794.0,5904.0
100,10000,20,0,restaurants_mnl_P20_J100_N10k_I0_C0_M0_woJIT.nc,beta_c_22,-0.18,-0.119,-0.171,-0.068,False,0.10300000000000001,0.5722222222222223,0.004505008585074171,0.061,0.003721,1.0,8365.0,5381.0
100,10000,20,0,restaurants_mnl_P20_J100_N10k_I0_C0_M0_woJIT.nc,beta_c_24,0.28,0.274,0.242,0.305,True,0.063,0.22499999999999998,0.0003170624872019962,0.006000000000000005,3.600000000000006e-05,1.0,6603.0,5854.0
100,10000,20,0,restaurants_mnl_P20_J100_N10k_I0_C0_M0_woJIT.nc,beta_c_25,-0.15,-0.136,-0.213,-0.059,True,0.154,1.0266666666666666,0.0018286317751111084,0.013999999999999985,0.00019599999999999956,1.0,6325.0,5985.0
100,20000,20,0,restaurants_mnl_P20_J100_N20k_I0_C0_M0_woJIT.nc,beta_rating,0.75,0.762,0.724,0.795,True,0.07100000000000006,0.09466666666666675,0.0005029605626149134,0.01200000000000001,0.00014400000000000025,1.0,3485.0,2904.0
100,20000,20,0,restaurants_mnl_P20_J100_N20k_I0_C0_M0_woJIT.nc,beta_cost,-0.4,-0.423,-0.455,-0.391,True,0.064,0.16,0.0008272959941057305,0.022999999999999965,0.0005289999999999984,1.0,2559.0,2898.0
100,20000,20,0,restaurants_mnl_P20_J100_N20k_I0_C0_M0_woJIT.nc,beta_log_dist,-0.6,-0.572,-0.623,-0.513,True,0.10999999999999999,0.18333333333333332,0.0016587710840968025,0.028000000000000025,0.0007840000000000014,1.0,4190.0,2614.0
100,20000,20,0,restaurants_mnl_P20_J100_N20k_I0_C0_M0_woJIT.nc,beta_chinese,0.83,0.859,0.785,0.935,True,0.15000000000000002,0.1807228915662651,0.002487137368992146,0.029000000000000026,0.0008410000000000015,1.0,1456.0,2252.0
100,20000,20,0,restaurants_mnl_P20_J100_N20k_I0_C0_M0_woJIT.nc,beta_japanese,1.25,1.269,1.188,1.336,True,0.14800000000000013,0.1184000000000001,0.0019531457334557405,0.018999999999999906,0.0003609999999999964,1.0,1307.0,2018.0
100,20000,20,0,restaurants_mnl_P20_J100_N20k_I0_C0_M0_woJIT.nc,beta_korean,0.75,0.708,0.62,0.802,True,0.18200000000000005,0.24266666666666672,0.004060350241843753,0.04200000000000004,0.0017640000000000032,1.0,1559.0,2309.0
100,20000,20,0,restaurants_mnl_P20_J100_N20k_I0_C0_M0_woJIT.nc,beta_indian,1.0,0.988,0.898,1.079,True,0.18099999999999994,0.18099999999999994,0.002535334573981026,0.01200000000000001,0.00014400000000000025,1.0,1571.0,2498.0
100,20000,20,0,restaurants_mnl_P20_J100_N20k_I0_C0_M0_woJIT.nc,beta_french,0.95,0.922,0.843,1.01,True,0.16700000000000004,0.17578947368421058,0.002794980522881726,0.027999999999999914,0.0007839999999999952,1.0,1484.0,2057.0
100,20000,20,0,restaurants_mnl_P20_J100_N20k_I0_C0_M0_woJIT.nc,beta_mexican,1.3,1.287,1.205,1.365,True,0.15999999999999992,0.12307692307692301,0.0020925359331335825,0.013000000000000123,0.00016900000000000319,1.0,1249.0,2098.0
100,20000,20,0,restaurants_mnl_P20_J100_N20k_I0_C0_M0_woJIT.nc,beta_lebanese,0.9,0.927,0.85,1.009,True,0.15899999999999992,0.17666666666666658,0.0025404638403878767,0.027000000000000024,0.0007290000000000013,1.0,1329.0,2018.0
100,20000,20,0,restaurants_mnl_P20_J100_N20k_I0_C0_M0_woJIT.nc,beta_cost_x_logincome,0.02,0.026,0.018,0.034,True,0.016000000000000004,0.8000000000000002,5.4840035613667265e-05,0.005999999999999998,3.599999999999998e-05,1.0,2561.0,2733.0
100,20000,20,0,restaurants_mnl_P20_J100_N20k_I0_C0_M0_woJIT.nc,beta_logdist_x_age,-0.02,-0.021,-0.022,-0.019,True,0.002999999999999999,0.14999999999999997,1.208335814837137e-06,0.0010000000000000009,1.0000000000000019e-06,1.0,4180.0,2878.0
100,20000,20,0,restaurants_mnl_P20_J100_N20k_I0_C0_M0_woJIT.nc,beta_rating_x_edu_sec,0.15,0.135,0.082,0.185,True,0.103,0.6866666666666666,0.0009825809660820107,0.014999999999999986,0.00022499999999999956,1.0,3982.0,3105.0
100,20000,20,0,restaurants_mnl_P20_J100_N20k_I0_C0_M0_woJIT.nc,beta_c_16,0.09,0.082,0.061,0.102,True,0.040999999999999995,0.4555555555555555,0.00018665070900219968,0.007999999999999993,6.399999999999989e-05,1.0,3419.0,3305.0
100,20000,20,0,restaurants_mnl_P20_J100_N20k_I0_C0_M0_woJIT.nc,beta_c_19,-0.04,-0.065,-0.092,-0.037,True,0.055,1.375,0.0008512338930054714,0.025,0.0006250000000000001,1.0,3151.0,2829.0
100,20000,20,0,restaurants_mnl_P20_J100_N20k_I0_C0_M0_woJIT.nc,beta_c_20,0.12,0.122,0.062,0.178,True,0.11599999999999999,0.9666666666666667,0.0009510711954390982,0.0020000000000000018,4.0000000000000074e-06,1.0,3560.0,2587.0
100,20000,20,0,restaurants_mnl_P20_J100_N20k_I0_C0_M0_woJIT.nc,beta_c_21,0.22,0.224,0.206,0.243,True,0.037000000000000005,0.1681818181818182,0.00011485346894837333,0.0040000000000000036,1.600000000000003e-05,1.0,3505.0,2515.0
100,20000,20,0,restaurants_mnl_P20_J100_N20k_I0_C0_M0_woJIT.nc,beta_c_22,-0.18,-0.175,-0.213,-0.14,True,0.07299999999999998,0.40555555555555545,0.0004127642884201884,0.0050000000000000044,2.5000000000000045e-05,1.0,3180.0,2686.0
100,20000,20,0,restaurants_mnl_P20_J100_N20k_I0_C0_M0_woJIT.nc,beta_c_24,0.28,0.287,0.265,0.311,True,0.045999999999999985,0.16428571428571423,0.00020026788429815883,0.006999999999999951,4.899999999999931e-05,1.0,3269.0,2630.0
100,20000,20,0,restaurants_mnl_P20_J100_N20k_I0_C0_M0_woJIT.nc,beta_c_25,-0.15,-0.106,-0.158,-0.052,True,0.10600000000000001,0.7066666666666668,0.0027789690226154,0.044,0.0019359999999999998,1.0,3070.0,3278.0
100,50000,20,0,restaurants_mnl_P20_J100_N50k_I0_C0_M0_woJIT.nc,beta_rating,0.75,0.759,0.736,0.781,True,0.04500000000000004,0.06000000000000005,0.00022248723928387388,0.009000000000000008,8.100000000000014e-05,1.0,1407.0,1594.0
100,50000,20,0,restaurants_mnl_P20_J100_N50k_I0_C0_M0_woJIT.nc,beta_cost,-0.4,-0.403,-0.424,-0.382,True,0.04199999999999998,0.10499999999999995,0.00013798894155313341,0.0030000000000000027,9.000000000000015e-06,1.0,1521.0,1356.0
100,50000,20,0,restaurants_mnl_P20_J100_N50k_I0_C0_M0_woJIT.nc,beta_log_dist,-0.6,-0.593,-0.625,-0.558,True,0.06699999999999995,0.11166666666666658,0.00038274019130507455,0.007000000000000006,4.9000000000000087e-05,1.0,2290.0,1466.0
100,50000,20,0,restaurants_mnl_P20_J100_N50k_I0_C0_M0_woJIT.nc,beta_chinese,0.83,0.876,0.825,0.923,True,0.09800000000000009,0.11807228915662661,0.0027729334019466166,0.04600000000000004,0.0021160000000000037,1.0,769.0,1127.0
100,50000,20,0,restaurants_mnl_P20_J100_N50k_I0_C0_M0_woJIT.nc,beta_japanese,1.25,1.314,1.269,1.364,False,0.0950000000000002,0.07600000000000015,0.004746391257550774,0.06400000000000006,0.004096000000000008,1.0,683.0,1099.0
100,50000,20,0,restaurants_mnl_P20_J100_N50k_I0_C0_M0_woJIT.nc,beta_korean,0.75,0.785,0.734,0.841,True,0.10699999999999998,0.14266666666666664,0.002047474744516074,0.03500000000000003,0.0012250000000000021,1.0,868.0,1121.0
100,50000,20,0,restaurants_mnl_P20_J100_N50k_I0_C0_M0_woJIT.nc,beta_indian,1.0,1.046,0.987,1.103,True,0.11599999999999999,0.11599999999999999,0.0030339114349385585,0.04600000000000004,0.0021160000000000037,1.0,816.0,1217.0
100,50000,20,0,restaurants_mnl_P20_J100_N50k_I0_C0_M0_woJIT.nc,beta_french,0.95,0.986,0.931,1.041,True,0.10999999999999988,0.1157894736842104,0.0021085345299996297,0.03600000000000003,0.0012960000000000022,1.0,836.0,1042.0
100,50000,20,0,restaurants_mnl_P20_J100_N50k_I0_C0_M0_woJIT.nc,beta_mexican,1.3,1.361,1.308,1.414,False,0.10599999999999987,0.08153846153846143,0.004447462242719094,0.06099999999999994,0.003720999999999993,1.0,720.0,1021.0
100,50000,20,0,restaurants_mnl_P20_J100_N50k_I0_C0_M0_woJIT.nc,beta_lebanese,0.9,0.956,0.907,1.009,False,0.10199999999999987,0.11333333333333319,0.003839878705455338,0.05599999999999994,0.003135999999999993,1.0,700.0,852.0
100,50000,20,0,restaurants_mnl_P20_J100_N50k_I0_C0_M0_woJIT.nc,beta_cost_x_logincome,0.02,0.021,0.016,0.026,True,0.009999999999999998,0.4999999999999999,8.50375026575588e-06,0.0010000000000000009,1.0000000000000019e-06,1.0,1551.0,1347.0
100,50000,20,0,restaurants_mnl_P20_J100_N50k_I0_C0_M0_woJIT.nc,beta_logdist_x_age,-0.02,-0.02,-0.021,-0.019,True,0.0020000000000000018,0.10000000000000009,3.2650046450880815e-07,0.0,0.0,1.0,2251.0,1569.0
100,50000,20,0,restaurants_mnl_P20_J100_N50k_I0_C0_M0_woJIT.nc,beta_rating_x_edu_sec,0.15,0.153,0.122,0.187,True,0.065,0.43333333333333335,0.00032392907100708946,0.0030000000000000027,9.000000000000015e-06,1.01,2118.0,1466.0
100,50000,20,0,restaurants_mnl_P20_J100_N50k_I0_C0_M0_woJIT.nc,beta_c_16,0.09,0.093,0.079,0.106,True,0.026999999999999996,0.3,6.07199616989729e-05,0.0030000000000000027,9.000000000000015e-06,1.0,1619.0,1329.0
100,50000,20,0,restaurants_mnl_P20_J100_N50k_I0_C0_M0_woJIT.nc,beta_c_19,-0.04,-0.035,-0.054,-0.018,True,0.036000000000000004,0.9000000000000001,0.00011463871028391873,0.0049999999999999975,2.4999999999999974e-05,1.0,1252.0,1265.0
100,50000,20,0,restaurants_mnl_P20_J100_N50k_I0_C0_M0_woJIT.nc,beta_c_20,0.12,0.124,0.086,0.161,True,0.07500000000000001,0.6250000000000001,0.0004108124472242353,0.0040000000000000036,1.600000000000003e-05,1.0,1818.0,1409.0
100,50000,20,0,restaurants_mnl_P20_J100_N50k_I0_C0_M0_woJIT.nc,beta_c_21,0.22,0.219,0.207,0.23,True,0.02300000000000002,0.10454545454545464,3.8379076825138956e-05,0.0010000000000000009,1.0000000000000019e-06,1.01,1861.0,1477.0
100,50000,20,0,restaurants_mnl_P20_J100_N50k_I0_C0_M0_woJIT.nc,beta_c_22,-0.18,-0.169,-0.191,-0.144,True,0.047000000000000014,0.2611111111111112,0.00027966452010299984,0.010999999999999982,0.00012099999999999961,1.0,1734.0,1329.0
100,50000,20,0,restaurants_mnl_P20_J100_N50k_I0_C0_M0_woJIT.nc,beta_c_24,0.28,0.286,0.272,0.3,True,0.02799999999999997,0.09999999999999988,8.89999127785256e-05,0.00599999999999995,3.59999999999994e-05,1.0,1482.0,1345.0
100,50000,20,0,restaurants_mnl_P20_J100_N50k_I0_C0_M0_woJIT.nc,beta_c_25,-0.15,-0.145,-0.18,-0.111,True,0.06899999999999999,0.45999999999999996,0.0003678238200768946,0.0050000000000000044,2.5000000000000045e-05,1.0,1915.0,1592.0
200,10000,20,0,restaurants_mnl_P20_J200_N10k_I0_C0_M0_woJIT.nc,beta_rating,0.75,0.705,0.66,0.754,True,0.09399999999999997,0.1253333333333333,0.0026696914608781556,0.04500000000000004,0.002025000000000004,1.0,3917.0,3083.0
200,10000,20,0,restaurants_mnl_P20_J200_N10k_I0_C0_M0_woJIT.nc,beta_cost,-0.4,-0.465,-0.514,-0.415,False,0.09900000000000003,0.24750000000000008,0.004882406939417482,0.065,0.0042250000000000005,1.0,2870.0,2405.0
200,10000,20,0,restaurants_mnl_P20_J200_N10k_I0_C0_M0_woJIT.nc,beta_log_dist,-0.6,-0.605,-0.676,-0.539,True,0.137,0.22833333333333336,0.001378708400947132,0.0050000000000000044,2.5000000000000045e-05,1.0,4248.0,2487.0
200,10000,20,0,restaurants_mnl_P20_J200_N10k_I0_C0_M0_woJIT.nc,beta_chinese,0.83,0.726,0.597,0.843,True,0.246,0.2963855421686747,0.015209135386135813,0.10399999999999998,0.010815999999999996,1.0,973.0,1623.0
200,10000,20,0,restaurants_mnl_P20_J200_N10k_I0_C0_M0_woJIT.nc,beta_japanese,1.25,1.112,0.996,1.227,False,0.2310000000000001,0.18480000000000008,0.022804114114756104,0.1379999999999999,0.019043999999999974,1.0,1020.0,1453.0
200,10000,20,0,restaurants_mnl_P20_J200_N10k_I0_C0_M0_woJIT.nc,beta_korean,0.75,0.63,0.506,0.767,True,0.261,0.34800000000000003,0.01917112385783448,0.12,0.0144,1.0,1047.0,1713.0
200,10000,20,0,restaurants_mnl_P20_J200_N10k_I0_C0_M0_woJIT.nc,beta_indian,1.0,0.878,0.752,1.005,True,0.2529999999999999,0.2529999999999999,0.019511151285667574,0.122,0.014884,1.0,1097.0,1585.0
200,10000,20,0,restaurants_mnl_P20_J200_N10k_I0_C0_M0_woJIT.nc,beta_french,0.95,0.863,0.729,1.008,True,0.279,0.2936842105263158,0.013138834126903408,0.08699999999999997,0.007568999999999994,1.0,1333.0,2039.0
200,10000,20,0,restaurants_mnl_P20_J200_N10k_I0_C0_M0_woJIT.nc,beta_mexican,1.3,1.201,1.078,1.305,True,0.22699999999999987,0.1746153846153845,0.01360684623028041,0.09899999999999998,0.009800999999999995,1.0,1018.0,1566.0
200,10000,20,0,restaurants_mnl_P20_J200_N10k_I0_C0_M0_woJIT.nc,beta_lebanese,0.9,0.802,0.674,0.924,True,0.25,0.2777777777777778,0.014063064011961973,0.09799999999999998,0.009603999999999994,1.0,1059.0,1441.0
200,10000,20,0,restaurants_mnl_P20_J200_N10k_I0_C0_M0_woJIT.nc,beta_cost_x_logincome,0.02,0.035,0.023,0.047,False,0.024,1.2,0.0002687434171449772,0.015000000000000003,0.00022500000000000008,1.0,2866.0,2404.0
200,10000,20,0,restaurants_mnl_P20_J200_N10k_I0_C0_M0_woJIT.nc,beta_logdist_x_age,-0.02,-0.02,-0.022,-0.018,True,0.004,0.2,9.709986438671897e-07,0.0,0.0,1.0,4155.0,2817.0
200,10000,20,0,restaurants_mnl_P20_J200_N10k_I0_C0_M0_woJIT.nc,beta_rating_x_edu_sec,0.15,0.23,0.16,0.312,False,0.152,1.0133333333333334,0.008091758323659473,0.08000000000000002,0.006400000000000003,1.0,4105.0,3084.0
200,10000,20,0,restaurants_mnl_P20_J200_N10k_I0_C0_M0_woJIT.nc,beta_c_16,0.09,0.105,0.077,0.132,True,0.05500000000000001,0.6111111111111112,0.00042803976042056697,0.015,0.000225,1.0,4182.0,2709.0
200,10000,20,0,restaurants_mnl_P20_J200_N10k_I0_C0_M0_woJIT.nc,beta_c_19,-0.04,-0.052,-0.08,-0.025,True,0.055,1.375,0.00036831332068783094,0.011999999999999997,0.00014399999999999992,1.0,4504.0,2984.0
200,10000,20,0,restaurants_mnl_P20_J200_N10k_I0_C0_M0_woJIT.nc,beta_c_20,0.12,0.096,0.014,0.178,True,0.16399999999999998,1.3666666666666665,0.002461897547669198,0.023999999999999994,0.0005759999999999997,1.0,4214.0,2855.0
200,10000,20,0,restaurants_mnl_P20_J200_N10k_I0_C0_M0_woJIT.nc,beta_c_21,0.22,0.205,0.182,0.228,True,0.04600000000000001,0.20909090909090916,0.00039276623464033766,0.015000000000000013,0.0002250000000000004,1.0,4812.0,3330.0
200,10000,20,0,restaurants_mnl_P20_J200_N10k_I0_C0_M0_woJIT.nc,beta_c_22,-0.18,-0.173,-0.204,-0.143,True,0.061,0.3388888888888889,0.0003116868893097688,0.007000000000000006,4.9000000000000087e-05,1.0,3889.0,2963.0
200,10000,20,0,restaurants_mnl_P20_J200_N10k_I0_C0_M0_woJIT.nc,beta_c_24,0.28,0.263,0.23,0.293,True,0.06299999999999997,0.2249999999999999,0.0005944308458789465,0.017000000000000015,0.0002890000000000005,1.0,4124.0,3018.0
200,10000,20,0,restaurants_mnl_P20_J200_N10k_I0_C0_M0_woJIT.nc,beta_c_25,-0.15,-0.093,-0.161,-0.02,True,0.14100000000000001,0.9400000000000002,0.004688880729205659,0.056999999999999995,0.0032489999999999993,1.0,4296.0,2904.0
200,20000,20,0,restaurants_mnl_P20_J200_N20k_I0_C0_M0_woJIT.nc,beta_rating,0.75,0.761,0.727,0.793,True,0.06600000000000006,0.08800000000000008,0.0004263190686578819,0.01100000000000001,0.00012100000000000022,1.0,1896.0,1447.0
200,20000,20,0,restaurants_mnl_P20_J200_N20k_I0_C0_M0_woJIT.nc,beta_cost,-0.4,-0.384,-0.418,-0.35,True,0.068,0.17,0.0005977974614433559,0.016000000000000014,0.0002560000000000005,1.0,1403.0,1365.0
200,20000,20,0,restaurants_mnl_P20_J200_N20k_I0_C0_M0_woJIT.nc,beta_log_dist,-0.6,-0.623,-0.669,-0.579,True,0.09000000000000008,0.15000000000000013,0.001128688045624981,0.02300000000000002,0.0005290000000000009,1.0,2301.0,1104.0
200,20000,20,0,restaurants_mnl_P20_J200_N20k_I0_C0_M0_woJIT.nc,beta_chinese,0.83,0.765,0.677,0.855,True,0.17799999999999994,0.21445783132530113,0.006579906859830955,0.06499999999999995,0.004224999999999993,1.01,525.0,723.0
200,20000,20,0,restaurants_mnl_P20_J200_N20k_I0_C0_M0_woJIT.nc,beta_japanese,1.25,1.173,1.092,1.259,True,0.16699999999999982,0.13359999999999986,0.007942993970488135,0.07699999999999996,0.005928999999999993,1.01,504.0,673.0
200,20000,20,0,restaurants_mnl_P20_J200_N20k_I0_C0_M0_woJIT.nc,beta_korean,0.75,0.72,0.624,0.805,True,0.18100000000000005,0.2413333333333334,0.003375206120131046,0.030000000000000027,0.0009000000000000016,1.01,532.0,735.0
200,20000,20,0,restaurants_mnl_P20_J200_N20k_I0_C0_M0_woJIT.nc,beta_indian,1.0,0.921,0.829,1.013,True,0.18399999999999994,0.18399999999999994,0.008698770806725818,0.07899999999999996,0.006240999999999994,1.01,530.0,640.0
200,20000,20,0,restaurants_mnl_P20_J200_N20k_I0_C0_M0_woJIT.nc,beta_french,0.95,0.902,0.802,1.01,True,0.20799999999999996,0.2189473684210526,0.005288053603806575,0.04799999999999993,0.0023039999999999936,1.01,628.0,781.0
200,20000,20,0,restaurants_mnl_P20_J200_N20k_I0_C0_M0_woJIT.nc,beta_mexican,1.3,1.254,1.169,1.334,True,0.16500000000000004,0.12692307692307694,0.0040913303677660995,0.04600000000000004,0.0021160000000000037,1.01,493.0,799.0
200,20000,20,0,restaurants_mnl_P20_J200_N20k_I0_C0_M0_woJIT.nc,beta_lebanese,0.9,0.867,0.777,0.956,True,0.17899999999999994,0.1988888888888888,0.003420803854718863,0.03300000000000003,0.0010890000000000019,1.01,549.0,790.0
200,20000,20,0,restaurants_mnl_P20_J200_N20k_I0_C0_M0_woJIT.nc,beta_cost_x_logincome,0.02,0.016,0.008,0.025,True,0.017,0.8500000000000001,3.387244409487502e-05,0.004,1.6e-05,1.0,1418.0,1388.0
200,20000,20,0,restaurants_mnl_P20_J200_N20k_I0_C0_M0_woJIT.nc,beta_logdist_x_age,-0.02,-0.019,-0.021,-0.018,True,0.0030000000000000027,0.15000000000000013,7.87108105447061e-07,0.0010000000000000009,1.0000000000000019e-06,1.0,2309.0,1001.0
200,20000,20,0,restaurants_mnl_P20_J200_N20k_I0_C0_M0_woJIT.nc,beta_rating_x_edu_sec,0.15,0.112,0.06,0.163,True,0.10300000000000001,0.6866666666666668,0.002186478720290944,0.03799999999999999,0.0014439999999999993,1.0,2036.0,1437.0
200,20000,20,0,restaurants_mnl_P20_J200_N20k_I0_C0_M0_woJIT.nc,beta_c_16,0.09,0.088,0.068,0.106,True,0.03799999999999999,0.42222222222222217,0.00010451536440952938,0.0020000000000000018,4.0000000000000074e-06,1.0,2214.0,1637.0
200,20000,20,0,restaurants_mnl_P20_J200_N20k_I0_C0_M0_woJIT.nc,beta_c_19,-0.04,-0.038,-0.059,-0.018,True,0.040999999999999995,1.025,0.00012118336799282922,0.0020000000000000018,4.0000000000000074e-06,1.01,2244.0,1651.0
200,20000,20,0,restaurants_mnl_P20_J200_N20k_I0_C0_M0_woJIT.nc,beta_c_20,0.12,0.151,0.096,0.205,True,0.10899999999999999,0.9083333333333332,0.0018100403130541234,0.031,0.0009609999999999999,1.0,2048.0,1540.0
200,20000,20,0,restaurants_mnl_P20_J200_N20k_I0_C0_M0_woJIT.nc,beta_c_21,0.22,0.208,0.193,0.225,True,0.032,0.14545454545454545,0.0002267359073959426,0.01200000000000001,0.00014400000000000025,1.0,2028.0,1276.0
200,20000,20,0,restaurants_mnl_P20_J200_N20k_I0_C0_M0_woJIT.nc,beta_c_22,-0.18,-0.174,-0.196,-0.15,True,0.04600000000000001,0.25555555555555565,0.00017750240114066158,0.006000000000000005,3.600000000000006e-05,1.0,2138.0,1286.0
200,20000,20,0,restaurants_mnl_P20_J200_N20k_I0_C0_M0_woJIT.nc,beta_c_24,0.28,0.255,0.233,0.278,False,0.04500000000000001,0.16071428571428575,0.0007409998627612853,0.025000000000000022,0.0006250000000000011,1.0,2094.0,1309.0
200,20000,20,0,restaurants_mnl_P20_J200_N20k_I0_C0_M0_woJIT.nc,beta_c_25,-0.15,-0.193,-0.242,-0.138,True,0.10399999999999998,0.6933333333333332,0.00257401823444734,0.04300000000000001,0.0018490000000000008,1.0,2466.0,1514.0
200,50000,20,0,restaurants_mnl_P20_J200_N50k_I0_C0_M0_woJIT.nc,beta_rating,0.75,0.736,0.716,0.759,True,0.04300000000000004,0.05733333333333338,0.00031594548620068706,0.014000000000000012,0.00019600000000000035,1.0,1400.0,1389.0
200,50000,20,0,restaurants_mnl_P20_J200_N50k_I0_C0_M0_woJIT.nc,beta_cost,-0.4,-0.398,-0.422,-0.376,True,0.045999999999999985,0.11499999999999996,0.0001479526034882963,0.0020000000000000018,4.0000000000000074e-06,1.0,1307.0,1063.0
200,50000,20,0,restaurants_mnl_P20_J200_N50k_I0_C0_M0_woJIT.nc,beta_log_dist,-0.6,-0.597,-0.628,-0.567,True,0.061000000000000054,0.10166666666666677,0.00027409977617030645,0.0030000000000000027,9.000000000000015e-06,1.0,2043.0,1408.0
200,50000,20,0,restaurants_mnl_P20_J200_N50k_I0_C0_M0_woJIT.nc,beta_chinese,0.83,0.836,0.779,0.891,True,0.11199999999999999,0.13493975903614458,0.0009465866196997272,0.006000000000000005,3.600000000000006e-05,1.01,628.0,740.0
200,50000,20,0,restaurants_mnl_P20_J200_N50k_I0_C0_M0_woJIT.nc,beta_japanese,1.25,1.277,1.225,1.333,True,0.10799999999999987,0.0863999999999999,0.0015213955774618947,0.026999999999999913,0.0007289999999999953,1.01,542.0,773.0
200,50000,20,0,restaurants_mnl_P20_J200_N50k_I0_C0_M0_woJIT.nc,beta_korean,0.75,0.765,0.708,0.823,True,0.11499999999999999,0.15333333333333332,0.0011521489216579513,0.015000000000000013,0.0002250000000000004,1.01,548.0,902.0
200,50000,20,0,restaurants_mnl_P20_J200_N50k_I0_C0_M0_woJIT.nc,beta_indian,1.0,0.98,0.922,1.04,True,0.118,0.118,0.001363179025186851,0.020000000000000018,0.0004000000000000007,1.01,620.0,668.0
200,50000,20,0,restaurants_mnl_P20_J200_N50k_I0_C0_M0_woJIT.nc,beta_french,0.95,0.959,0.895,1.025,True,0.1299999999999999,0.1368421052631578,0.0012479767008849651,0.009000000000000008,8.100000000000014e-05,1.01,654.0,625.0
200,50000,20,0,restaurants_mnl_P20_J200_N50k_I0_C0_M0_woJIT.nc,beta_mexican,1.3,1.311,1.26,1.364,True,0.10400000000000009,0.08000000000000007,0.0009138872622085219,0.010999999999999899,0.00012099999999999778,1.01,562.0,665.0
200,50000,20,0,restaurants_mnl_P20_J200_N50k_I0_C0_M0_woJIT.nc,beta_lebanese,0.9,0.914,0.856,0.971,True,0.11499999999999999,0.12777777777777777,0.0011253325973830828,0.014000000000000012,0.00019600000000000035,1.01,643.0,762.0
200,50000,20,0,restaurants_mnl_P20_J200_N50k_I0_C0_M0_woJIT.nc,beta_cost_x_logincome,0.02,0.019,0.014,0.025,True,0.011000000000000001,0.55,8.817988490472647e-06,0.0010000000000000009,1.0000000000000019e-06,1.0,1336.0,1112.0
200,50000,20,0,restaurants_mnl_P20_J200_N50k_I0_C0_M0_woJIT.nc,beta_logdist_x_age,-0.02,-0.02,-0.021,-0.019,True,0.0020000000000000018,0.10000000000000009,1.94881377896008e-07,0.0,0.0,1.0,2014.0,1471.0
200,50000,20,0,restaurants_mnl_P20_J200_N50k_I0_C0_M0_woJIT.nc,beta_rating_x_edu_sec,0.15,0.161,0.128,0.196,True,0.068,0.45333333333333337,0.00045281882314025573,0.01100000000000001,0.00012100000000000022,1.0,1695.0,1573.0
200,50000,20,0,restaurants_mnl_P20_J200_N50k_I0_C0_M0_woJIT.nc,beta_c_16,0.09,0.098,0.087,0.11,True,0.023000000000000007,0.25555555555555565,9.800256506761236e-05,0.008000000000000007,6.400000000000012e-05,1.0,1852.0,1626.0
200,50000,20,0,restaurants_mnl_P20_J200_N50k_I0_C0_M0_woJIT.nc,beta_c_19,-0.04,-0.033,-0.046,-0.021,True,0.024999999999999998,0.6249999999999999,0.00010126425519645343,0.006999999999999999,4.899999999999999e-05,1.0,1667.0,1591.0
200,50000,20,0,restaurants_mnl_P20_J200_N50k_I0_C0_M0_woJIT.nc,beta_c_20,0.12,0.108,0.075,0.145,True,0.06999999999999999,0.5833333333333333,0.0005037928967360054,0.011999999999999997,0.00014399999999999992,1.0,1767.0,1089.0
200,50000,20,0,restaurants_mnl_P20_J200_N50k_I0_C0_M0_woJIT.nc,beta_c_21,0.22,0.22,0.21,0.23,True,0.020000000000000018,0.090909090909091,2.855911472488447e-05,0.0,0.0,1.0,2038.0,1570.0
200,50000,20,0,restaurants_mnl_P20_J200_N50k_I0_C0_M0_woJIT.nc,beta_c_22,-0.18,-0.172,-0.185,-0.159,True,0.025999999999999995,0.14444444444444443,0.0001211896334752285,0.008000000000000007,6.400000000000012e-05,1.0,2062.0,1181.0
200,50000,20,0,restaurants_mnl_P20_J200_N50k_I0_C0_M0_woJIT.nc,beta_c_24,0.28,0.27,0.256,0.285,True,0.02899999999999997,0.10357142857142845,0.00015492586430459657,0.010000000000000009,0.00010000000000000018,1.0,1681.0,1416.0
200,50000,20,0,restaurants_mnl_P20_J200_N50k_I0_C0_M0_woJIT.nc,beta_c_25,-0.15,-0.138,-0.169,-0.106,True,0.06300000000000001,0.4200000000000001,0.0004320343429666084,0.011999999999999983,0.0001439999999999996,1.0,1922.0,1439.0
500,10000,20,0,restaurants_mnl_P20_J500_N10k_I0_C0_M0_woJIT.nc,beta_rating,0.75,0.732,0.691,0.77,True,0.07900000000000007,0.10533333333333343,0.0007749128502244587,0.018000000000000016,0.00032400000000000056,1.0,1786.0,1327.0
500,10000,20,0,restaurants_mnl_P20_J500_N10k_I0_C0_M0_woJIT.nc,beta_cost,-0.4,-0.391,-0.432,-0.344,True,0.08800000000000002,0.22000000000000006,0.0006121849346471886,0.009000000000000008,8.100000000000014e-05,1.0,1446.0,1263.0
500,10000,20,0,restaurants_mnl_P20_J500_N10k_I0_C0_M0_woJIT.nc,beta_log_dist,-0.6,-0.576,-0.639,-0.515,True,0.124,0.20666666666666667,0.0016792680419648231,0.02400000000000002,0.000576000000000001,1.0,1998.0,1219.0
500,10000,20,0,restaurants_mnl_P20_J500_N10k_I0_C0_M0_woJIT.nc,beta_chinese,0.83,0.778,0.657,0.893,True,0.236,0.28433734939759037,0.006744741026419396,0.051999999999999935,0.0027039999999999933,1.01,344.0,621.0
500,10000,20,0,restaurants_mnl_P20_J500_N10k_I0_C0_M0_woJIT.nc,beta_japanese,1.25,1.199,1.088,1.323,True,0.23499999999999988,0.1879999999999999,0.00657427600094213,0.050999999999999934,0.0026009999999999935,1.01,386.0,742.0
500,10000,20,0,restaurants_mnl_P20_J500_N10k_I0_C0_M0_woJIT.nc,beta_korean,0.75,0.679,0.568,0.815,True,0.247,0.3293333333333333,0.009336176257209006,0.07099999999999995,0.005040999999999993,1.01,403.0,753.0
500,10000,20,0,restaurants_mnl_P20_J500_N10k_I0_C0_M0_woJIT.nc,beta_indian,1.0,0.988,0.869,1.118,True,0.2490000000000001,0.2490000000000001,0.004466939544784953,0.01200000000000001,0.00014400000000000025,1.01,388.0,641.0
500,10000,20,0,restaurants_mnl_P20_J500_N10k_I0_C0_M0_woJIT.nc,beta_french,0.95,0.918,0.798,1.027,True,0.22899999999999987,0.24105263157894724,0.004779700485362905,0.03199999999999992,0.0010239999999999947,1.01,383.0,579.0
500,10000,20,0,restaurants_mnl_P20_J500_N10k_I0_C0_M0_woJIT.nc,beta_mexican,1.3,1.271,1.162,1.381,True,0.21900000000000008,0.16846153846153852,0.004356975574699828,0.029000000000000137,0.000841000000000008,1.01,369.0,483.0
500,10000,20,0,restaurants_mnl_P20_J500_N10k_I0_C0_M0_woJIT.nc,beta_lebanese,0.9,0.869,0.748,0.984,True,0.236,0.2622222222222222,0.004923849338654042,0.031000000000000028,0.0009610000000000017,1.01,384.0,669.0
500,10000,20,0,restaurants_mnl_P20_J500_N10k_I0_C0_M0_woJIT.nc,beta_cost_x_logincome,0.02,0.019,0.008,0.029,True,0.021,1.05,3.2256143981586295e-05,0.0010000000000000009,1.0000000000000019e-06,1.0,1462.0,1237.0
500,10000,20,0,restaurants_mnl_P20_J500_N10k_I0_C0_M0_woJIT.nc,beta_logdist_x_age,-0.02,-0.02,-0.022,-0.019,True,0.002999999999999999,0.14999999999999997,9.226371652563351e-07,0.0,0.0,1.0,2010.0,1452.0
500,10000,20,0,restaurants_mnl_P20_J500_N10k_I0_C0_M0_woJIT.nc,beta_rating_x_edu_sec,0.15,0.144,0.075,0.212,True,0.137,0.9133333333333334,0.0013669153624812197,0.006000000000000005,3.600000000000006e-05,1.01,1945.0,1133.0
500,10000,20,0,restaurants_mnl_P20_J500_N10k_I0_C0_M0_woJIT.nc,beta_c_16,0.09,0.08,0.058,0.099,True,0.041,0.4555555555555556,0.00023192300986468327,0.009999999999999995,9.99999999999999e-05,1.01,2297.0,1729.0
500,10000,20,0,restaurants_mnl_P20_J500_N10k_I0_C0_M0_woJIT.nc,beta_c_19,-0.04,-0.06,-0.084,-0.035,True,0.049,1.225,0.0005623332631991072,0.019999999999999997,0.00039999999999999986,1.0,2497.0,1565.0
500,10000,20,0,restaurants_mnl_P20_J500_N10k_I0_C0_M0_woJIT.nc,beta_c_20,0.12,0.098,0.038,0.161,True,0.123,1.0250000000000001,0.0015871685681267675,0.021999999999999992,0.0004839999999999996,1.0,2222.0,1537.0
500,10000,20,0,restaurants_mnl_P20_J500_N10k_I0_C0_M0_woJIT.nc,beta_c_21,0.22,0.221,0.2,0.242,True,0.04199999999999998,0.19090909090909083,0.000129073163873202,0.0010000000000000009,1.0000000000000019e-06,1.0,2183.0,1168.0
500,10000,20,0,restaurants_mnl_P20_J500_N10k_I0_C0_M0_woJIT.nc,beta_c_22,-0.18,-0.166,-0.2,-0.134,True,0.066,0.3666666666666667,0.000484330082401502,0.013999999999999985,0.00019599999999999956,1.0,2202.0,1327.0
500,10000,20,0,restaurants_mnl_P20_J500_N10k_I0_C0_M0_woJIT.nc,beta_c_24,0.28,0.288,0.263,0.315,True,0.05199999999999999,0.18571428571428567,0.00024746926617455527,0.007999999999999952,6.399999999999922e-05,1.0,2214.0,1311.0
500,10000,20,0,restaurants_mnl_P20_J500_N10k_I0_C0_M0_woJIT.nc,beta_c_25,-0.15,-0.079,-0.149,-0.007,False,0.142,0.9466666666666667,0.006595003002405497,0.071,0.0050409999999999995,1.0,1748.0,1380.0
500,20000,20,0,restaurants_mnl_P20_J500_N20k_I0_C0_M0_woJIT.nc,beta_rating,0.75,0.76,0.731,0.787,True,0.05600000000000005,0.07466666666666673,0.0003206390541038089,0.010000000000000009,0.00010000000000000018,1.0,1735.0,1557.0
500,20000,20,0,restaurants_mnl_P20_J500_N20k_I0_C0_M0_woJIT.nc,beta_cost,-0.4,-0.382,-0.414,-0.352,True,0.062,0.155,0.0005993021983398448,0.018000000000000016,0.00032400000000000056,1.0,1638.0,1048.0
500,20000,20,0,restaurants_mnl_P20_J500_N20k_I0_C0_M0_woJIT.nc,beta_log_dist,-0.6,-0.581,-0.627,-0.542,True,0.08499999999999996,0.1416666666666666,0.0009052778671084189,0.019000000000000017,0.00036100000000000064,1.0,2225.0,1296.0
500,20000,20,0,restaurants_mnl_P20_J500_N20k_I0_C0_M0_woJIT.nc,beta_chinese,0.83,0.88,0.798,0.972,True,0.17399999999999993,0.2096385542168674,0.004605394065619915,0.050000000000000044,0.0025000000000000044,1.02,464.0,723.0
500,20000,20,0,restaurants_mnl_P20_J500_N20k_I0_C0_M0_woJIT.nc,beta_japanese,1.25,1.294,1.208,1.373,True,0.16500000000000004,0.13200000000000003,0.00406256378671573,0.04400000000000004,0.0019360000000000035,1.02,429.0,604.0
500,20000,20,0,restaurants_mnl_P20_J500_N20k_I0_C0_M0_woJIT.nc,beta_korean,0.75,0.774,0.678,0.854,True,0.17599999999999993,0.23466666666666658,0.002814624136486752,0.02400000000000002,0.000576000000000001,1.02,472.0,804.0
500,20000,20,0,restaurants_mnl_P20_J500_N20k_I0_C0_M0_woJIT.nc,beta_indian,1.0,1.058,0.969,1.146,True,0.17699999999999994,0.17699999999999994,0.0056234241305493544,0.05800000000000005,0.003364000000000006,1.02,463.0,765.0
500,20000,20,0,restaurants_mnl_P20_J500_N20k_I0_C0_M0_woJIT.nc,beta_french,0.95,0.97,0.888,1.054,True,0.16600000000000004,0.17473684210526322,0.0024082561705940433,0.020000000000000018,0.0004000000000000007,1.02,414.0,513.0
500,20000,20,0,restaurants_mnl_P20_J500_N20k_I0_C0_M0_woJIT.nc,beta_mexican,1.3,1.35,1.273,1.43,True,0.15700000000000003,0.12076923076923078,0.00428438163229342,0.050000000000000044,0.0025000000000000044,1.02,433.0,553.0
500,20000,20,0,restaurants_mnl_P20_J500_N20k_I0_C0_M0_woJIT.nc,beta_lebanese,0.9,0.922,0.835,1.006,True,0.17100000000000004,0.19000000000000003,0.002551134762714235,0.02200000000000002,0.00048400000000000087,1.02,442.0,669.0
500,20000,20,0,restaurants_mnl_P20_J500_N20k_I0_C0_M0_woJIT.nc,beta_cost_x_logincome,0.02,0.016,0.008,0.023,True,0.015,0.75,3.336500468510517e-05,0.004,1.6e-05,1.0,1636.0,1166.0
500,20000,20,0,restaurants_mnl_P20_J500_N20k_I0_C0_M0_woJIT.nc,beta_logdist_x_age,-0.02,-0.021,-0.022,-0.019,True,0.002999999999999999,0.14999999999999997,6.361555861951892e-07,0.0010000000000000009,1.0000000000000019e-06,1.0,2152.0,1323.0
500,20000,20,0,restaurants_mnl_P20_J500_N20k_I0_C0_M0_woJIT.nc,beta_rating_x_edu_sec,0.15,0.131,0.085,0.176,True,0.09099999999999998,0.6066666666666666,0.0009893187472299586,0.01899999999999999,0.0003609999999999996,1.01,1681.0,1491.0
500,20000,20,0,restaurants_mnl_P20_J500_N20k_I0_C0_M0_woJIT.nc,beta_c_16,0.09,0.087,0.073,0.102,True,0.028999999999999998,0.3222222222222222,7.336907115687244e-05,0.0030000000000000027,9.000000000000015e-06,1.0,2018.0,1428.0
500,20000,20,0,restaurants_mnl_P20_J500_N20k_I0_C0_M0_woJIT.nc,beta_c_19,-0.04,-0.031,-0.047,-0.015,True,0.032,0.8,0.00015490493255145346,0.009000000000000001,8.100000000000002e-05,1.0,2509.0,1753.0
500,20000,20,0,restaurants_mnl_P20_J500_N20k_I0_C0_M0_woJIT.nc,beta_c_20,0.12,0.096,0.047,0.137,True,0.09000000000000001,0.7500000000000001,0.0011438232993397721,0.023999999999999994,0.0005759999999999997,1.0,2022.0,1641.0
500,20000,20,0,restaurants_mnl_P20_J500_N20k_I0_C0_M0_woJIT.nc,beta_c_21,0.22,0.223,0.209,0.239,True,0.03,0.13636363636363635,7.719778956081845e-05,0.0030000000000000027,9.000000000000015e-06,1.0,2407.0,1313.0
500,20000,20,0,restaurants_mnl_P20_J500_N20k_I0_C0_M0_woJIT.nc,beta_c_22,-0.18,-0.177,-0.198,-0.155,True,0.04300000000000001,0.23888888888888896,0.00014114638996405265,0.0030000000000000027,9.000000000000015e-06,1.0,2687.0,1287.0
500,20000,20,0,restaurants_mnl_P20_J500_N20k_I0_C0_M0_woJIT.nc,beta_c_24,0.28,0.29,0.272,0.309,True,0.03699999999999998,0.13214285714285706,0.0001996796671427781,0.009999999999999953,9.999999999999907e-05,1.0,1789.0,1268.0
500,20000,20,0,restaurants_mnl_P20_J500_N20k_I0_C0_M0_woJIT.nc,beta_c_25,-0.15,-0.086,-0.142,-0.033,False,0.10899999999999999,0.7266666666666666,0.004935154686876725,0.064,0.004096,1.0,2297.0,1338.0
100,20000,40,0,restaurants_mnl_P40_J100_N20k_I0_C0_M0_woJIT.nc,beta_rating,0.75,0.768,0.723,0.811,True,0.08800000000000008,0.11733333333333344,0.0008765434068698773,0.018000000000000016,0.00032400000000000056,1.0,4244.0,2710.0
100,20000,40,0,restaurants_mnl_P40_J100_N20k_I0_C0_M0_woJIT.nc,beta_cost,-0.4,-0.405,-0.438,-0.373,True,0.065,0.1625,0.00032616424594598227,0.0050000000000000044,2.5000000000000045e-05,1.0,3605.0,3173.0
100,20000,40,0,restaurants_mnl_P40_J100_N20k_I0_C0_M0_woJIT.nc,beta_log_dist,-0.6,-0.627,-0.684,-0.575,True,0.1090000000000001,0.18166666666666684,0.0015568056860221055,0.027000000000000024,0.0007290000000000013,1.0,6269.0,2702.0
100,20000,40,0,restaurants_mnl_P40_J100_N20k_I0_C0_M0_woJIT.nc,beta_chinese,0.83,0.948,0.829,1.064,True,0.2350000000000001,0.28313253012048206,0.017818530138747086,0.118,0.013923999999999999,1.0,1400.0,2057.0
100,20000,40,0,restaurants_mnl_P40_J100_N20k_I0_C0_M0_woJIT.nc,beta_japanese,1.25,1.351,1.244,1.464,True,0.21999999999999997,0.176,0.013538887336060644,0.10099999999999998,0.010200999999999997,1.0,1431.0,1939.0
100,20000,40,0,restaurants_mnl_P40_J100_N20k_I0_C0_M0_woJIT.nc,beta_korean,0.75,0.852,0.71,0.995,True,0.28500000000000003,0.38000000000000006,0.016197539348538393,0.10199999999999998,0.010403999999999997,1.0,1511.0,2193.0
100,20000,40,0,restaurants_mnl_P40_J100_N20k_I0_C0_M0_woJIT.nc,beta_indian,1.0,1.079,0.94,1.218,True,0.278,0.278,0.011939479019745729,0.07899999999999996,0.006240999999999994,1.0,1528.0,2113.0
100,20000,40,0,restaurants_mnl_P40_J100_N20k_I0_C0_M0_woJIT.nc,beta_french,0.95,1.013,0.882,1.137,True,0.255,0.26842105263157895,0.00871718328481347,0.06299999999999994,0.003968999999999993,1.0,1586.0,2090.0
100,20000,40,0,restaurants_mnl_P40_J100_N20k_I0_C0_M0_woJIT.nc,beta_mexican,1.3,1.382,1.26,1.505,True,0.24499999999999988,0.18846153846153837,0.011086028031739924,0.08199999999999985,0.006723999999999976,1.0,1580.0,2362.0
100,20000,40,0,restaurants_mnl_P40_J100_N20k_I0_C0_M0_woJIT.nc,beta_lebanese,0.9,0.974,0.86,1.089,True,0.22899999999999998,0.2544444444444444,0.009135563985533423,0.07399999999999995,0.005475999999999993,1.0,1388.0,1857.0
100,20000,40,0,restaurants_mnl_P40_J100_N20k_I0_C0_M0_woJIT.nc,beta_cost_x_logincome,0.02,0.02,0.012,0.028,True,0.016,0.8,1.745543326258451e-05,0.0,0.0,1.0,3760.0,2887.0
100,20000,40,0,restaurants_mnl_P40_J100_N20k_I0_C0_M0_woJIT.nc,beta_logdist_x_age,-0.02,-0.02,-0.021,-0.018,True,0.0030000000000000027,0.15000000000000013,7.296800791699723e-07,0.0,0.0,1.0,6179.0,2450.0
100,20000,40,0,restaurants_mnl_P40_J100_N20k_I0_C0_M0_woJIT.nc,beta_rating_x_edu_sec,0.15,0.136,0.085,0.184,True,0.09899999999999999,0.6599999999999999,0.0009002173179314661,0.013999999999999985,0.00019599999999999956,1.0,6658.0,2756.0
100,20000,40,0,restaurants_mnl_P40_J100_N20k_I0_C0_M0_woJIT.nc,beta_c_16,0.09,0.075,0.041,0.107,True,0.066,0.7333333333333334,0.0005669591185455926,0.015,0.000225,1.0,2093.0,2791.0
100,20000,40,0,restaurants_mnl_P40_J100_N20k_I0_C0_M0_woJIT.nc,beta_c_19,-0.04,-0.035,-0.076,0.006,True,0.082,2.05,0.00048788072866065715,0.0049999999999999975,2.4999999999999974e-05,1.0,3320.0,3052.0
100,20000,40,0,restaurants_mnl_P40_J100_N20k_I0_C0_M0_woJIT.nc,beta_c_20,0.12,0.1,0.024,0.19,True,0.166,1.3833333333333335,0.002356623094138447,0.01999999999999999,0.0003999999999999996,1.0,3618.0,2973.0
100,20000,40,0,restaurants_mnl_P40_J100_N20k_I0_C0_M0_woJIT.nc,beta_c_21,0.22,0.237,0.21,0.262,True,0.05200000000000002,0.23636363636363644,0.0004628735528170955,0.016999999999999987,0.00028899999999999954,1.0,2949.0,2979.0
100,20000,40,0,restaurants_mnl_P40_J100_N20k_I0_C0_M0_woJIT.nc,beta_c_22,-0.18,-0.137,-0.174,-0.096,False,0.07799999999999999,0.4333333333333333,0.002224305525991097,0.04299999999999998,0.0018489999999999984,1.0,3017.0,3283.0
100,20000,40,0,restaurants_mnl_P40_J100_N20k_I0_C0_M0_woJIT.nc,beta_c_24,0.28,0.283,0.248,0.321,True,0.07300000000000001,0.26071428571428573,0.00037733200954679036,0.002999999999999947,8.999999999999683e-06,1.0,2461.0,3016.0
100,20000,40,0,restaurants_mnl_P40_J100_N20k_I0_C0_M0_woJIT.nc,beta_c_25,-0.15,-0.152,-0.27,-0.028,True,0.24200000000000002,1.6133333333333335,0.004252785360687484,0.0020000000000000018,4.0000000000000074e-06,1.0,1644.0,2469.0
100,20000,40,0,restaurants_mnl_P40_J100_N20k_I0_C0_M0_woJIT.nc,beta_c_26,0.16,0.164,0.135,0.189,True,0.05399999999999999,0.33749999999999997,0.00022588419343235093,0.0040000000000000036,1.600000000000003e-05,1.0,3002.0,2868.0
100,20000,40,0,restaurants_mnl_P40_J100_N20k_I0_C0_M0_woJIT.nc,beta_c_27,0.32,0.323,0.297,0.347,True,0.04999999999999999,0.15624999999999997,0.00018605247575135075,0.0030000000000000027,9.000000000000015e-06,1.0,3586.0,2602.0
100,20000,40,0,restaurants_mnl_P40_J100_N20k_I0_C0_M0_woJIT.nc,beta_c_29,0.24,0.255,0.214,0.293,True,0.07899999999999999,0.3291666666666666,0.0006838878087161342,0.015000000000000013,0.0002250000000000004,1.0,2333.0,3153.0
100,20000,40,0,restaurants_mnl_P40_J100_N20k_I0_C0_M0_woJIT.nc,beta_c_30,0.26,0.258,0.132,0.365,True,0.23299999999999998,0.8961538461538461,0.0037670883522096144,0.0020000000000000018,4.0000000000000074e-06,1.0,2189.0,2811.0
100,20000,40,0,restaurants_mnl_P40_J100_N20k_I0_C0_M0_woJIT.nc,beta_c_32,0.2,0.175,0.136,0.217,True,0.08099999999999999,0.4049999999999999,0.0010828288438730757,0.025000000000000022,0.0006250000000000011,1.0,1586.0,2455.0
100,20000,40,0,restaurants_mnl_P40_J100_N20k_I0_C0_M0_woJIT.nc,beta_c_33,0.3,0.095,-0.119,0.32,True,0.439,1.4633333333333334,0.05594735330720563,0.205,0.04202499999999999,1.0,2372.0,2641.0
100,20000,40,0,restaurants_mnl_P40_J100_N20k_I0_C0_M0_woJIT.nc,beta_c_34,-0.15,-0.154,-0.187,-0.126,True,0.061,0.4066666666666667,0.000280951280254097,0.0040000000000000036,1.600000000000003e-05,1.0,3384.0,2570.0
100,20000,40,0,restaurants_mnl_P40_J100_N20k_I0_C0_M0_woJIT.nc,beta_c_35,0.34,0.34,0.24,0.433,True,0.193,0.5676470588235294,0.0026022899816941472,0.0,0.0,1.0,2243.0,2981.0
100,20000,40,0,restaurants_mnl_P40_J100_N20k_I0_C0_M0_woJIT.nc,beta_d_36,0.24,0.263,0.162,0.36,True,0.19799999999999998,0.825,0.0033314711405401163,0.02300000000000002,0.0005290000000000009,1.0,2500.0,2543.0
100,20000,40,0,restaurants_mnl_P40_J100_N20k_I0_C0_M0_woJIT.nc,beta_d_37,0.28,0.283,0.216,0.353,True,0.13699999999999998,0.48928571428571416,0.0013515264911788706,0.002999999999999947,8.999999999999683e-06,1.0,2736.0,2949.0
100,20000,40,0,restaurants_mnl_P40_J100_N20k_I0_C0_M0_woJIT.nc,beta_d_38,-0.22,-0.211,-0.275,-0.151,True,0.12400000000000003,0.5636363636363637,0.0011865934127648016,0.009000000000000008,8.100000000000014e-05,1.0,1560.0,2415.0
100,20000,40,0,restaurants_mnl_P40_J100_N20k_I0_C0_M0_woJIT.nc,beta_d_39,0.2,0.186,0.12,0.249,True,0.129,0.645,0.001404733823464995,0.014000000000000012,0.00019600000000000035,1.0,2441.0,2801.0
100,20000,40,0,restaurants_mnl_P40_J100_N20k_I0_C0_M0_woJIT.nc,beta_d_41,0.26,0.282,0.218,0.343,True,0.12500000000000003,0.48076923076923084,0.001660133883357167,0.021999999999999964,0.00048399999999999843,1.0,2916.0,3026.0
100,20000,40,0,restaurants_mnl_P40_J100_N20k_I0_C0_M0_woJIT.nc,beta_d_42,-0.16,-0.181,-0.235,-0.124,True,0.11099999999999999,0.6937499999999999,0.0013321971231667438,0.02099999999999999,0.0004409999999999996,1.0,3074.0,2895.0
100,20000,40,0,restaurants_mnl_P40_J100_N20k_I0_C0_M0_woJIT.nc,beta_d_43,0.22,0.208,0.155,0.259,True,0.10400000000000001,0.4727272727272728,0.0008908351664026248,0.01200000000000001,0.00014400000000000025,1.0,3934.0,3212.0
100,20000,40,0,restaurants_mnl_P40_J100_N20k_I0_C0_M0_woJIT.nc,beta_d_44,0.18,0.151,0.088,0.211,True,0.123,0.6833333333333333,0.0019051698936409238,0.028999999999999998,0.0008409999999999998,1.0,3686.0,2914.0
100,20000,40,0,restaurants_mnl_P40_J100_N20k_I0_C0_M0_woJIT.nc,beta_d_45,0.3,0.273,0.227,0.321,True,0.094,0.31333333333333335,0.0013583911892636174,0.02699999999999997,0.0007289999999999983,1.0,3433.0,3560.0
100,20000,40,0,restaurants_mnl_P40_J100_N20k_I0_C0_M0_woJIT.nc,beta_d_46,-0.18,-0.186,-0.241,-0.129,True,0.11199999999999999,0.6222222222222222,0.0009223040079130616,0.006000000000000005,3.600000000000006e-05,1.0,3160.0,2876.0
100,20000,40,0,restaurants_mnl_P40_J100_N20k_I0_C0_M0_woJIT.nc,beta_d_49,0.26,0.272,0.214,0.331,True,0.11700000000000002,0.45000000000000007,0.001095138558372573,0.01200000000000001,0.00014400000000000025,1.0,2292.0,2799.0
100,20000,40,0,restaurants_mnl_P40_J100_N20k_I0_C0_M0_woJIT.nc,beta_d_50,0.16,0.203,0.142,0.265,True,0.12300000000000003,0.7687500000000002,0.00291802901024246,0.04300000000000001,0.0018490000000000008,1.0,2152.0,2803.0
100,50000,40,0,restaurants_mnl_P40_J100_N50k_I0_C0_M0_woJIT.nc,beta_rating,0.75,0.744,0.718,0.773,True,0.05500000000000005,0.0733333333333334,0.00025292252186232987,0.006000000000000005,3.600000000000006e-05,1.0,1816.0,1709.0
100,50000,40,0,restaurants_mnl_P40_J100_N50k_I0_C0_M0_woJIT.nc,beta_cost,-0.4,-0.383,-0.403,-0.361,True,0.04200000000000004,0.1050000000000001,0.00042384873713130093,0.017000000000000015,0.0002890000000000005,1.0,1967.0,1680.0
100,50000,40,0,restaurants_mnl_P40_J100_N50k_I0_C0_M0_woJIT.nc,beta_log_dist,-0.6,-0.613,-0.649,-0.582,True,0.06700000000000006,0.11166666666666678,0.0005050312403007857,0.013000000000000012,0.0001690000000000003,1.0,2231.0,1565.0
100,50000,40,0,restaurants_mnl_P40_J100_N50k_I0_C0_M0_woJIT.nc,beta_chinese,0.83,0.865,0.789,0.934,True,0.14500000000000002,0.17469879518072293,0.00271342437377032,0.03500000000000003,0.0012250000000000021,1.0,734.0,1241.0
100,50000,40,0,restaurants_mnl_P40_J100_N50k_I0_C0_M0_woJIT.nc,beta_japanese,1.25,1.289,1.224,1.362,True,0.13800000000000012,0.1104000000000001,0.002887474794160072,0.038999999999999924,0.0015209999999999941,1.0,755.0,1087.0
100,50000,40,0,restaurants_mnl_P40_J100_N50k_I0_C0_M0_woJIT.nc,beta_korean,0.75,0.745,0.656,0.837,True,0.18099999999999994,0.24133333333333326,0.0024466289777869007,0.0050000000000000044,2.5000000000000045e-05,1.0,760.0,1033.0
100,50000,40,0,restaurants_mnl_P40_J100_N50k_I0_C0_M0_woJIT.nc,beta_indian,1.0,1.009,0.919,1.099,True,0.17999999999999994,0.17999999999999994,0.0023732465220990626,0.008999999999999897,8.099999999999815e-05,1.01,751.0,988.0
100,50000,40,0,restaurants_mnl_P40_J100_N50k_I0_C0_M0_woJIT.nc,beta_french,0.95,0.932,0.837,1.003,True,0.16599999999999993,0.17473684210526308,0.0022077121198382957,0.017999999999999905,0.0003239999999999966,1.0,866.0,1186.0
100,50000,40,0,restaurants_mnl_P40_J100_N50k_I0_C0_M0_woJIT.nc,beta_mexican,1.3,1.361,1.285,1.443,True,0.15800000000000014,0.12153846153846164,0.00554451636179621,0.06099999999999994,0.003720999999999993,1.0,803.0,1039.0
100,50000,40,0,restaurants_mnl_P40_J100_N50k_I0_C0_M0_woJIT.nc,beta_lebanese,0.9,0.927,0.858,1.002,True,0.14400000000000002,0.16,0.002176315385849423,0.027000000000000024,0.0007290000000000013,1.0,725.0,1031.0
100,50000,40,0,restaurants_mnl_P40_J100_N50k_I0_C0_M0_woJIT.nc,beta_cost_x_logincome,0.02,0.015,0.01,0.02,True,0.01,0.5,2.9645796154347454e-05,0.005000000000000001,2.500000000000001e-05,1.0,1957.0,1710.0
100,50000,40,0,restaurants_mnl_P40_J100_N50k_I0_C0_M0_woJIT.nc,beta_logdist_x_age,-0.02,-0.02,-0.021,-0.019,True,0.0020000000000000018,0.10000000000000009,2.8187823543613894e-07,0.0,0.0,1.0,2487.0,1275.0
100,50000,40,0,restaurants_mnl_P40_J100_N50k_I0_C0_M0_woJIT.nc,beta_rating_x_edu_sec,0.15,0.162,0.132,0.194,True,0.062,0.41333333333333333,0.00041609094622072144,0.01200000000000001,0.00014400000000000025,1.0,2494.0,1760.0
100,50000,40,0,restaurants_mnl_P40_J100_N50k_I0_C0_M0_woJIT.nc,beta_c_16,0.09,0.102,0.08,0.122,True,0.041999999999999996,0.4666666666666666,0.0002720827932034082,0.011999999999999997,0.00014399999999999992,1.01,1227.0,1466.0
100,50000,40,0,restaurants_mnl_P40_J100_N50k_I0_C0_M0_woJIT.nc,beta_c_19,-0.04,-0.043,-0.067,-0.02,True,0.047,1.175,0.00017811687594556486,0.0029999999999999957,8.999999999999975e-06,1.0,1586.0,1319.0
100,50000,40,0,restaurants_mnl_P40_J100_N50k_I0_C0_M0_woJIT.nc,beta_c_20,0.12,0.135,0.084,0.189,True,0.105,0.875,0.0010159156194978877,0.015000000000000013,0.0002250000000000004,1.0,1489.0,1646.0
100,50000,40,0,restaurants_mnl_P40_J100_N50k_I0_C0_M0_woJIT.nc,beta_c_21,0.22,0.211,0.196,0.226,True,0.03,0.13636363636363635,0.00015669267693771944,0.009000000000000008,8.100000000000014e-05,1.0,1733.0,1635.0
100,50000,40,0,restaurants_mnl_P40_J100_N50k_I0_C0_M0_woJIT.nc,beta_c_22,-0.18,-0.17,-0.194,-0.144,True,0.05000000000000002,0.2777777777777779,0.0002764407455969749,0.009999999999999981,9.999999999999963e-05,1.0,1300.0,1639.0
100,50000,40,0,restaurants_mnl_P40_J100_N50k_I0_C0_M0_woJIT.nc,beta_c_24,0.28,0.285,0.263,0.307,True,0.043999999999999984,0.15714285714285706,0.00017220788104304157,0.004999999999999949,2.499999999999949e-05,1.0,1196.0,1475.0
100,50000,40,0,restaurants_mnl_P40_J100_N50k_I0_C0_M0_woJIT.nc,beta_c_25,-0.15,-0.14,-0.215,-0.067,True,0.148,0.9866666666666667,0.0016612458632791868,0.009999999999999981,9.999999999999963e-05,1.0,1032.0,1248.0
100,50000,40,0,restaurants_mnl_P40_J100_N50k_I0_C0_M0_woJIT.nc,beta_c_26,0.16,0.161,0.145,0.178,True,0.033,0.20625000000000002,8.078759858189602e-05,0.0010000000000000009,1.0000000000000019e-06,1.0,1557.0,1424.0
100,50000,40,0,restaurants_mnl_P40_J100_N50k_I0_C0_M0_woJIT.nc,beta_c_27,0.32,0.318,0.303,0.332,True,0.029000000000000026,0.09062500000000008,6.623935406635481e-05,0.0020000000000000018,4.0000000000000074e-06,1.0,1721.0,1658.0
100,50000,40,0,restaurants_mnl_P40_J100_N50k_I0_C0_M0_woJIT.nc,beta_c_29,0.24,0.246,0.22,0.27,True,0.05000000000000002,0.2083333333333334,0.00020786618201424945,0.006000000000000005,3.600000000000006e-05,1.0,1240.0,1705.0
100,50000,40,0,restaurants_mnl_P40_J100_N50k_I0_C0_M0_woJIT.nc,beta_c_30,0.26,0.257,0.188,0.324,True,0.136,0.5230769230769231,0.0013703649908689676,0.0030000000000000027,9.000000000000015e-06,1.0,1036.0,1608.0
100,50000,40,0,restaurants_mnl_P40_J100_N50k_I0_C0_M0_woJIT.nc,beta_c_32,0.2,0.214,0.191,0.24,True,0.04899999999999999,0.24499999999999994,0.00037923011184178457,0.013999999999999985,0.00019599999999999956,1.0,1267.0,1419.0
100,50000,40,0,restaurants_mnl_P40_J100_N50k_I0_C0_M0_woJIT.nc,beta_c_33,0.3,0.332,0.19,0.472,True,0.282,0.94,0.006510436394124485,0.03200000000000003,0.001024000000000002,1.0,1341.0,1372.0
100,50000,40,0,restaurants_mnl_P40_J100_N50k_I0_C0_M0_woJIT.nc,beta_c_34,-0.15,-0.163,-0.181,-0.145,True,0.036000000000000004,0.24000000000000005,0.00026712175574244957,0.013000000000000012,0.0001690000000000003,1.0,1868.0,1561.0
100,50000,40,0,restaurants_mnl_P40_J100_N50k_I0_C0_M0_woJIT.nc,beta_c_35,0.34,0.362,0.309,0.422,True,0.11299999999999999,0.3323529411764705,0.0015011261183087887,0.021999999999999964,0.00048399999999999843,1.0,1191.0,1418.0
100,50000,40,0,restaurants_mnl_P40_J100_N50k_I0_C0_M0_woJIT.nc,beta_d_36,0.24,0.244,0.185,0.305,True,0.12,0.5,0.0010698229294883823,0.0040000000000000036,1.600000000000003e-05,1.0,1124.0,1487.0
100,50000,40,0,restaurants_mnl_P40_J100_N50k_I0_C0_M0_woJIT.nc,beta_d_37,0.28,0.225,0.185,0.271,False,0.08600000000000002,0.30714285714285716,0.0035436238790523965,0.05500000000000002,0.0030250000000000025,1.0,1244.0,1505.0
100,50000,40,0,restaurants_mnl_P40_J100_N50k_I0_C0_M0_woJIT.nc,beta_d_38,-0.22,-0.206,-0.244,-0.169,True,0.07499999999999998,0.34090909090909083,0.000586937211216212,0.014000000000000012,0.00019600000000000035,1.0,1066.0,861.0
100,50000,40,0,restaurants_mnl_P40_J100_N50k_I0_C0_M0_woJIT.nc,beta_d_39,0.2,0.234,0.196,0.278,True,0.08200000000000002,0.4100000000000001,0.0016109547975247604,0.034,0.0011560000000000001,1.0,1233.0,1540.0
100,50000,40,0,restaurants_mnl_P40_J100_N50k_I0_C0_M0_woJIT.nc,beta_d_41,0.26,0.272,0.229,0.31,True,0.08099999999999999,0.3115384615384615,0.0006130976986533558,0.01200000000000001,0.00014400000000000025,1.0,1390.0,1417.0
100,50000,40,0,restaurants_mnl_P40_J100_N50k_I0_C0_M0_woJIT.nc,beta_d_42,-0.16,-0.158,-0.19,-0.124,True,0.066,0.41250000000000003,0.000334721931836071,0.0020000000000000018,4.0000000000000074e-06,1.0,1585.0,1598.0
100,50000,40,0,restaurants_mnl_P40_J100_N50k_I0_C0_M0_woJIT.nc,beta_d_43,0.22,0.192,0.158,0.223,True,0.065,0.29545454545454547,0.0011130385645592527,0.027999999999999997,0.0007839999999999999,1.0,1943.0,1646.0
100,50000,40,0,restaurants_mnl_P40_J100_N50k_I0_C0_M0_woJIT.nc,beta_d_44,0.18,0.181,0.146,0.223,True,0.07700000000000001,0.42777777777777787,0.00043336205688802447,0.0010000000000000009,1.0000000000000019e-06,1.0,1667.0,1493.0
100,50000,40,0,restaurants_mnl_P40_J100_N50k_I0_C0_M0_woJIT.nc,beta_d_45,0.3,0.282,0.25,0.311,True,0.061,0.20333333333333334,0.0005964780697628318,0.018000000000000016,0.00032400000000000056,1.0,1309.0,1679.0
100,50000,40,0,restaurants_mnl_P40_J100_N50k_I0_C0_M0_woJIT.nc,beta_d_46,-0.18,-0.212,-0.246,-0.178,True,0.068,0.3777777777777778,0.00138898836742741,0.032,0.001024,1.0,1469.0,1599.0
100,50000,40,0,restaurants_mnl_P40_J100_N50k_I0_C0_M0_woJIT.nc,beta_d_49,0.26,0.278,0.241,0.312,True,0.07100000000000001,0.2730769230769231,0.0006800893408412387,0.018000000000000016,0.00032400000000000056,1.0,1298.0,1349.0
100,50000,40,0,restaurants_mnl_P40_J100_N50k_I0_C0_M0_woJIT.nc,beta_d_50,0.16,0.196,0.159,0.238,True,0.07899999999999999,0.4937499999999999,0.001737486506212011,0.036000000000000004,0.0012960000000000003,1.01,1179.0,1233.0
100,50000,40,0,restaurants_mnl_P40_J100_N50k_I0_C0_M0_woJIT~00.nc,beta_rating,0.75,0.744,0.714,0.771,True,0.05700000000000005,0.07600000000000007,0.00026391939579707333,0.006000000000000005,3.600000000000006e-05,1.0,1743.0,1368.0
100,50000,40,0,restaurants_mnl_P40_J100_N50k_I0_C0_M0_woJIT~00.nc,beta_cost,-0.4,-0.383,-0.404,-0.36,True,0.04400000000000004,0.1100000000000001,0.00043626750337626943,0.017000000000000015,0.0002890000000000005,1.0,2085.0,1113.0
100,50000,40,0,restaurants_mnl_P40_J100_N50k_I0_C0_M0_woJIT~00.nc,beta_log_dist,-0.6,-0.613,-0.65,-0.576,True,0.07400000000000007,0.12333333333333345,0.0005455317157277973,0.013000000000000012,0.0001690000000000003,1.0,3251.0,1406.0
100,50000,40,0,restaurants_mnl_P40_J100_N50k_I0_C0_M0_woJIT~00.nc,beta_chinese,0.83,0.867,0.798,0.942,True,0.1439999999999999,0.17349397590361434,0.002873293513790893,0.03700000000000003,0.0013690000000000024,1.01,692.0,1136.0
100,50000,40,0,restaurants_mnl_P40_J100_N50k_I0_C0_M0_woJIT~00.nc,beta_japanese,1.25,1.291,1.223,1.36,True,0.137,0.1096,0.0030485645611175232,0.040999999999999925,0.001680999999999994,1.0,726.0,1009.0
100,50000,40,0,restaurants_mnl_P40_J100_N50k_I0_C0_M0_woJIT~00.nc,beta_korean,0.75,0.749,0.66,0.84,True,0.17999999999999994,0.2399999999999999,0.0024443731737050765,0.0010000000000000009,1.0000000000000019e-06,1.01,752.0,1197.0
100,50000,40,0,restaurants_mnl_P40_J100_N50k_I0_C0_M0_woJIT~00.nc,beta_indian,1.0,1.011,0.928,1.103,True,0.17499999999999993,0.17499999999999993,0.0023779077925080187,0.010999999999999899,0.00012099999999999778,1.0,687.0,1104.0
100,50000,40,0,restaurants_mnl_P40_J100_N50k_I0_C0_M0_woJIT~00.nc,beta_french,0.95,0.935,0.849,1.01,True,0.16100000000000003,0.16947368421052636,0.0020984758379708176,0.014999999999999902,0.00022499999999999707,1.01,852.0,1408.0
100,50000,40,0,restaurants_mnl_P40_J100_N50k_I0_C0_M0_woJIT~00.nc,beta_mexican,1.3,1.366,1.284,1.44,True,0.15599999999999992,0.11999999999999993,0.00606743413449272,0.06600000000000006,0.0043560000000000074,1.0,832.0,1236.0
100,50000,40,0,restaurants_mnl_P40_J100_N50k_I0_C0_M0_woJIT~00.nc,beta_lebanese,0.9,0.929,0.861,1.005,True,0.1439999999999999,0.1599999999999999,0.0023290034004523575,0.029000000000000026,0.0008410000000000015,1.01,677.0,947.0
100,50000,40,0,restaurants_mnl_P40_J100_N50k_I0_C0_M0_woJIT~00.nc,beta_cost_x_logincome,0.02,0.015,0.01,0.021,True,0.011000000000000001,0.55,3.0838493950279684e-05,0.005000000000000001,2.500000000000001e-05,1.0,2048.0,1160.0
100,50000,40,0,restaurants_mnl_P40_J100_N50k_I0_C0_M0_woJIT~00.nc,beta_logdist_x_age,-0.02,-0.02,-0.021,-0.019,True,0.0020000000000000018,0.10000000000000009,3.1229661788669873e-07,0.0,0.0,1.0,2979.0,1582.0
100,50000,40,0,restaurants_mnl_P40_J100_N50k_I0_C0_M0_woJIT~00.nc,beta_rating_x_edu_sec,0.15,0.163,0.132,0.194,True,0.062,0.41333333333333333,0.00042976591911350593,0.013000000000000012,0.0001690000000000003,1.0,2744.0,1387.0
100,50000,40,0,restaurants_mnl_P40_J100_N50k_I0_C0_M0_woJIT~00.nc,beta_c_16,0.09,0.102,0.082,0.124,True,0.041999999999999996,0.4666666666666666,0.00027095014392003133,0.011999999999999997,0.00014399999999999992,1.0,1211.0,1441.0
100,50000,40,0,restaurants_mnl_P40_J100_N50k_I0_C0_M0_woJIT~00.nc,beta_c_19,-0.04,-0.043,-0.07,-0.017,True,0.053000000000000005,1.3250000000000002,0.0002212272718991587,0.0029999999999999957,8.999999999999975e-06,1.0,1456.0,1251.0
100,50000,40,0,restaurants_mnl_P40_J100_N50k_I0_C0_M0_woJIT~00.nc,beta_c_20,0.12,0.135,0.079,0.187,True,0.108,0.9,0.0010750326697138264,0.015000000000000013,0.0002250000000000004,1.0,1560.0,1459.0
100,50000,40,0,restaurants_mnl_P40_J100_N50k_I0_C0_M0_woJIT~00.nc,beta_c_21,0.22,0.211,0.194,0.225,True,0.031,0.1409090909090909,0.0001584181605265825,0.009000000000000008,8.100000000000014e-05,1.0,1435.0,1614.0
100,50000,40,0,restaurants_mnl_P40_J100_N50k_I0_C0_M0_woJIT~00.nc,beta_c_22,-0.18,-0.169,-0.193,-0.145,True,0.048000000000000015,0.2666666666666668,0.0002854817304628282,0.010999999999999982,0.00012099999999999961,1.0,1252.0,1443.0
100,50000,40,0,restaurants_mnl_P40_J100_N50k_I0_C0_M0_woJIT~00.nc,beta_c_24,0.28,0.285,0.261,0.306,True,0.044999999999999984,0.16071428571428564,0.0001759708290016458,0.004999999999999949,2.499999999999949e-05,1.0,1350.0,1422.0
100,50000,40,0,restaurants_mnl_P40_J100_N50k_I0_C0_M0_woJIT~00.nc,beta_c_25,-0.15,-0.143,-0.225,-0.073,True,0.15200000000000002,1.0133333333333336,0.0016752558767867032,0.007000000000000006,4.9000000000000087e-05,1.0,972.0,1327.0
100,50000,40,0,restaurants_mnl_P40_J100_N50k_I0_C0_M0_woJIT~00.nc,beta_c_26,0.16,0.161,0.146,0.178,True,0.032,0.2,7.754631110913962e-05,0.0010000000000000009,1.0000000000000019e-06,1.0,1540.0,1651.0
100,50000,40,0,restaurants_mnl_P40_J100_N50k_I0_C0_M0_woJIT~00.nc,beta_c_27,0.32,0.317,0.303,0.333,True,0.030000000000000027,0.09375000000000008,6.931543276558869e-05,0.0030000000000000027,9.000000000000015e-06,1.0,2109.0,1691.0
100,50000,40,0,restaurants_mnl_P40_J100_N50k_I0_C0_M0_woJIT~00.nc,beta_c_29,0.24,0.246,0.221,0.271,True,0.05000000000000002,0.2083333333333334,0.0002097244149721681,0.006000000000000005,3.600000000000006e-05,1.0,1307.0,1357.0
100,50000,40,0,restaurants_mnl_P40_J100_N50k_I0_C0_M0_woJIT~00.nc,beta_c_30,0.26,0.258,0.189,0.33,True,0.14100000000000001,0.5423076923076924,0.0015014614009344882,0.0020000000000000018,4.0000000000000074e-06,1.0,958.0,1199.0
100,50000,40,0,restaurants_mnl_P40_J100_N50k_I0_C0_M0_woJIT~00.nc,beta_c_32,0.2,0.215,0.187,0.238,True,0.05099999999999999,0.25499999999999995,0.0003946505183094755,0.014999999999999986,0.00022499999999999956,1.0,1120.0,1350.0
100,50000,40,0,restaurants_mnl_P40_J100_N50k_I0_C0_M0_woJIT~00.nc,beta_c_33,0.3,0.332,0.183,0.464,True,0.281,0.9366666666666668,0.006713729123248899,0.03200000000000003,0.001024000000000002,1.0,1102.0,1589.0
100,50000,40,0,restaurants_mnl_P40_J100_N50k_I0_C0_M0_woJIT~00.nc,beta_c_34,-0.15,-0.163,-0.181,-0.143,True,0.038000000000000006,0.2533333333333334,0.00027261109260796223,0.013000000000000012,0.0001690000000000003,1.0,1765.0,1474.0
100,50000,40,0,restaurants_mnl_P40_J100_N50k_I0_C0_M0_woJIT~00.nc,beta_c_35,0.34,0.363,0.302,0.424,True,0.122,0.35882352941176465,0.0016452999256866216,0.022999999999999965,0.0005289999999999984,1.0,1103.0,1268.0
100,50000,40,0,restaurants_mnl_P40_J100_N50k_I0_C0_M0_woJIT~00.nc,beta_d_36,0.24,0.243,0.18,0.298,True,0.118,0.49166666666666664,0.0010314972747335514,0.0030000000000000027,9.000000000000015e-06,1.0,1203.0,1525.0
100,50000,40,0,restaurants_mnl_P40_J100_N50k_I0_C0_M0_woJIT~00.nc,beta_d_37,0.28,0.225,0.181,0.268,False,0.08700000000000002,0.3107142857142858,0.0036168451591633206,0.05500000000000002,0.0030250000000000025,1.0,1390.0,1510.0
100,50000,40,0,restaurants_mnl_P40_J100_N50k_I0_C0_M0_woJIT~00.nc,beta_d_38,-0.22,-0.206,-0.243,-0.167,True,0.07599999999999998,0.3454545454545454,0.0006232546326560917,0.014000000000000012,0.00019600000000000035,1.0,943.0,1195.0
100,50000,40,0,restaurants_mnl_P40_J100_N50k_I0_C0_M0_woJIT~00.nc,beta_d_39,0.2,0.234,0.191,0.273,True,0.08200000000000002,0.4100000000000001,0.0016565441848309102,0.034,0.0011560000000000001,1.0,1115.0,1201.0
100,50000,40,0,restaurants_mnl_P40_J100_N50k_I0_C0_M0_woJIT~00.nc,beta_d_41,0.26,0.273,0.227,0.309,True,0.08199999999999999,0.3153846153846153,0.00064803194134647,0.013000000000000012,0.0001690000000000003,1.0,1469.0,1666.0
100,50000,40,0,restaurants_mnl_P40_J100_N50k_I0_C0_M0_woJIT~00.nc,beta_d_42,-0.16,-0.158,-0.19,-0.123,True,0.067,0.41875,0.0003334983312111095,0.0020000000000000018,4.0000000000000074e-06,1.0,1557.0,1510.0
100,50000,40,0,restaurants_mnl_P40_J100_N50k_I0_C0_M0_woJIT~00.nc,beta_d_43,0.22,0.19,0.159,0.224,True,0.065,0.29545454545454547,0.001169049759913721,0.03,0.0009,1.0,1695.0,1400.0
100,50000,40,0,restaurants_mnl_P40_J100_N50k_I0_C0_M0_woJIT~00.nc,beta_d_44,0.18,0.181,0.143,0.225,True,0.08200000000000002,0.45555555555555566,0.00047041403965442596,0.0010000000000000009,1.0000000000000019e-06,1.0,1627.0,1680.0
100,50000,40,0,restaurants_mnl_P40_J100_N50k_I0_C0_M0_woJIT~00.nc,beta_d_45,0.3,0.281,0.252,0.312,True,0.06,0.2,0.0006056765523006474,0.01899999999999996,0.00036099999999999853,1.0,1314.0,1602.0
100,50000,40,0,restaurants_mnl_P40_J100_N50k_I0_C0_M0_woJIT~00.nc,beta_d_46,-0.18,-0.213,-0.246,-0.18,True,0.066,0.3666666666666667,0.0014183011366982509,0.033,0.0010890000000000001,1.0,1469.0,1384.0
100,50000,40,0,restaurants_mnl_P40_J100_N50k_I0_C0_M0_woJIT~00.nc,beta_d_49,0.26,0.279,0.243,0.315,True,0.07200000000000001,0.27692307692307694,0.0007312049185906392,0.019000000000000017,0.00036100000000000064,1.0,1343.0,1237.0
100,50000,40,0,restaurants_mnl_P40_J100_N50k_I0_C0_M0_woJIT~00.nc,beta_d_50,0.16,0.196,0.155,0.234,True,0.07900000000000001,0.4937500000000001,0.0017225808492831807,0.036000000000000004,0.0012960000000000003,1.0,1092.0,1280.0
200,10000,40,0,restaurants_mnl_P40_J200_N10k_I0_C0_M0_woJIT.nc,beta_rating,0.75,0.764,0.708,0.821,True,0.11299999999999999,0.15066666666666664,0.001119368967574061,0.014000000000000012,0.00019600000000000035,1.0,8782.0,5803.0
200,10000,40,0,restaurants_mnl_P40_J200_N10k_I0_C0_M0_woJIT.nc,beta_cost,-0.4,-0.465,-0.516,-0.415,False,0.10100000000000003,0.25250000000000006,0.005028372166563932,0.065,0.0042250000000000005,1.0,8372.0,5981.0
200,10000,40,0,restaurants_mnl_P40_J200_N10k_I0_C0_M0_woJIT.nc,beta_log_dist,-0.6,-0.569,-0.637,-0.499,True,0.138,0.23000000000000004,0.0023426315903857793,0.031000000000000028,0.0009610000000000017,1.0,10904.0,5025.0
200,10000,40,0,restaurants_mnl_P40_J200_N10k_I0_C0_M0_woJIT.nc,beta_chinese,0.83,0.815,0.651,0.968,True,0.31699999999999995,0.38192771084337346,0.007395322557624913,0.015000000000000013,0.0002250000000000004,1.0,2585.0,3989.0
200,10000,40,0,restaurants_mnl_P40_J200_N10k_I0_C0_M0_woJIT.nc,beta_japanese,1.25,1.246,1.118,1.375,True,0.2569999999999999,0.20559999999999992,0.004833531920840418,0.0040000000000000036,1.600000000000003e-05,1.0,2665.0,4455.0
200,10000,40,0,restaurants_mnl_P40_J200_N10k_I0_C0_M0_woJIT.nc,beta_korean,0.75,0.827,0.679,0.971,True,0.2919999999999999,0.38933333333333325,0.011893095872562324,0.07699999999999996,0.005928999999999993,1.0,3011.0,4668.0
200,10000,40,0,restaurants_mnl_P40_J200_N10k_I0_C0_M0_woJIT.nc,beta_indian,1.0,0.962,0.815,1.107,True,0.29200000000000004,0.29200000000000004,0.007569986066624744,0.038000000000000034,0.0014440000000000026,1.0,3033.0,4535.0
200,10000,40,0,restaurants_mnl_P40_J200_N10k_I0_C0_M0_woJIT.nc,beta_french,0.95,0.952,0.769,1.145,True,0.376,0.3957894736842105,0.010154642195289448,0.0020000000000000018,4.0000000000000074e-06,1.0,3022.0,4764.0
200,10000,40,0,restaurants_mnl_P40_J200_N10k_I0_C0_M0_woJIT.nc,beta_mexican,1.3,1.34,1.21,1.476,True,0.266,0.20461538461538462,0.006789597065795391,0.040000000000000036,0.001600000000000003,1.0,2639.0,4407.0
200,10000,40,0,restaurants_mnl_P40_J200_N10k_I0_C0_M0_woJIT.nc,beta_lebanese,0.9,0.929,0.78,1.072,True,0.29200000000000004,0.3244444444444445,0.006873716680233789,0.029000000000000026,0.0008410000000000015,1.0,2553.0,4287.0
200,10000,40,0,restaurants_mnl_P40_J200_N10k_I0_C0_M0_woJIT.nc,beta_cost_x_logincome,0.02,0.037,0.025,0.049,False,0.024,1.2,0.00032756452756319986,0.016999999999999998,0.0002889999999999999,1.0,8317.0,5745.0
200,10000,40,0,restaurants_mnl_P40_J200_N10k_I0_C0_M0_woJIT.nc,beta_logdist_x_age,-0.02,-0.021,-0.023,-0.019,True,0.004,0.2,1.8864486977309467e-06,0.0010000000000000009,1.0000000000000019e-06,1.0,10867.0,5620.0
200,10000,40,0,restaurants_mnl_P40_J200_N10k_I0_C0_M0_woJIT.nc,beta_rating_x_edu_sec,0.15,0.142,0.066,0.224,True,0.158,1.0533333333333335,0.0018255225685260687,0.008000000000000007,6.400000000000012e-05,1.0,11983.0,6042.0
200,10000,40,0,restaurants_mnl_P40_J200_N10k_I0_C0_M0_woJIT.nc,beta_c_16,0.09,0.11,0.079,0.142,True,0.06299999999999999,0.6999999999999998,0.0006849022034884943,0.020000000000000004,0.0004000000000000002,1.0,7826.0,5953.0
200,10000,40,0,restaurants_mnl_P40_J200_N10k_I0_C0_M0_woJIT.nc,beta_c_19,-0.04,-0.035,-0.068,0.0,True,0.068,1.7000000000000002,0.0003544449964132121,0.0049999999999999975,2.4999999999999974e-05,1.0,10495.0,6321.0
200,10000,40,0,restaurants_mnl_P40_J200_N10k_I0_C0_M0_woJIT.nc,beta_c_20,0.12,0.097,-0.015,0.206,True,0.22099999999999997,1.8416666666666666,0.0040119946677554886,0.022999999999999993,0.0005289999999999996,1.0,6668.0,6163.0
200,10000,40,0,restaurants_mnl_P40_J200_N10k_I0_C0_M0_woJIT.nc,beta_c_21,0.22,0.179,0.152,0.209,False,0.056999999999999995,0.2590909090909091,0.0018670847109302396,0.04100000000000001,0.0016810000000000006,1.0,8695.0,6217.0
200,10000,40,0,restaurants_mnl_P40_J200_N10k_I0_C0_M0_woJIT.nc,beta_c_22,-0.18,-0.207,-0.248,-0.166,True,0.08199999999999999,0.4555555555555555,0.001216120991060139,0.026999999999999996,0.0007289999999999998,1.0,7799.0,6813.0
200,10000,40,0,restaurants_mnl_P40_J200_N10k_I0_C0_M0_woJIT.nc,beta_c_24,0.28,0.224,0.182,0.262,False,0.08000000000000002,0.28571428571428575,0.0036422497726682147,0.05600000000000002,0.0031360000000000025,1.0,8627.0,6572.0
200,10000,40,0,restaurants_mnl_P40_J200_N10k_I0_C0_M0_woJIT.nc,beta_c_25,-0.15,-0.236,-0.331,-0.134,True,0.197,1.3133333333333335,0.010249437049218721,0.086,0.007395999999999999,1.0,9933.0,6266.0
200,10000,40,0,restaurants_mnl_P40_J200_N10k_I0_C0_M0_woJIT.nc,beta_c_26,0.16,0.161,0.131,0.189,True,0.057999999999999996,0.3625,0.00022972307333235092,0.0010000000000000009,1.0000000000000019e-06,1.0,7759.0,6099.0
200,10000,40,0,restaurants_mnl_P40_J200_N10k_I0_C0_M0_woJIT.nc,beta_c_27,0.32,0.334,0.305,0.361,True,0.055999999999999994,0.175,0.0004156738393500443,0.014000000000000012,0.00019600000000000035,1.0,9878.0,6112.0
200,10000,40,0,restaurants_mnl_P40_J200_N10k_I0_C0_M0_woJIT.nc,beta_c_29,0.24,0.259,0.224,0.294,True,0.06999999999999998,0.2916666666666666,0.000715995760889556,0.019000000000000017,0.00036100000000000064,1.0,7649.0,6374.0
200,10000,40,0,restaurants_mnl_P40_J200_N10k_I0_C0_M0_woJIT.nc,beta_c_30,0.26,0.241,0.157,0.325,True,0.168,0.6461538461538462,0.0024082963583739927,0.019000000000000017,0.00036100000000000064,1.0,8530.0,6597.0
200,10000,40,0,restaurants_mnl_P40_J200_N10k_I0_C0_M0_woJIT.nc,beta_c_32,0.2,0.188,0.149,0.227,True,0.07800000000000001,0.39000000000000007,0.0005857588501097939,0.01200000000000001,0.00014400000000000025,1.0,7972.0,6665.0
200,10000,40,0,restaurants_mnl_P40_J200_N10k_I0_C0_M0_woJIT.nc,beta_c_33,0.3,0.289,0.114,0.466,True,0.35200000000000004,1.1733333333333336,0.00890872580000396,0.01100000000000001,0.00012100000000000022,1.0,10311.0,6171.0
200,10000,40,0,restaurants_mnl_P40_J200_N10k_I0_C0_M0_woJIT.nc,beta_c_34,-0.15,-0.194,-0.231,-0.158,False,0.07300000000000001,0.48666666666666675,0.0022917983661569336,0.04400000000000001,0.001936000000000001,1.0,9012.0,6412.0
200,10000,40,0,restaurants_mnl_P40_J200_N10k_I0_C0_M0_woJIT.nc,beta_c_35,0.34,0.296,0.19,0.398,True,0.20800000000000002,0.611764705882353,0.0049039993325734185,0.04400000000000004,0.0019360000000000035,1.0,10246.0,5838.0
200,10000,40,0,restaurants_mnl_P40_J200_N10k_I0_C0_M0_woJIT.nc,beta_d_36,0.24,0.293,0.223,0.361,True,0.13799999999999998,0.575,0.004164536113535954,0.05299999999999999,0.002808999999999999,1.0,9338.0,6273.0
200,10000,40,0,restaurants_mnl_P40_J200_N10k_I0_C0_M0_woJIT.nc,beta_d_37,0.28,0.258,0.196,0.321,True,0.125,0.4464285714285714,0.0016039222530658303,0.02200000000000002,0.00048400000000000087,1.0,7620.0,6137.0
200,10000,40,0,restaurants_mnl_P40_J200_N10k_I0_C0_M0_woJIT.nc,beta_d_38,-0.22,-0.208,-0.27,-0.143,True,0.12700000000000003,0.5772727272727274,0.0012930101615934446,0.01200000000000001,0.00014400000000000025,1.0,6508.0,6072.0
200,10000,40,0,restaurants_mnl_P40_J200_N10k_I0_C0_M0_woJIT.nc,beta_d_39,0.2,0.22,0.152,0.283,True,0.13099999999999998,0.6549999999999998,0.001615178317221289,0.01999999999999999,0.0003999999999999996,1.0,8585.0,5969.0
200,10000,40,0,restaurants_mnl_P40_J200_N10k_I0_C0_M0_woJIT.nc,beta_d_41,0.26,0.274,0.205,0.34,True,0.13500000000000004,0.5192307692307694,0.0014768875094918713,0.014000000000000012,0.00019600000000000035,1.0,9372.0,5944.0
200,10000,40,0,restaurants_mnl_P40_J200_N10k_I0_C0_M0_woJIT.nc,beta_d_42,-0.16,-0.136,-0.196,-0.079,True,0.117,0.7312500000000001,0.0015443532757495354,0.023999999999999994,0.0005759999999999997,1.0,9984.0,6699.0
200,10000,40,0,restaurants_mnl_P40_J200_N10k_I0_C0_M0_woJIT.nc,beta_d_43,0.22,0.191,0.131,0.245,True,0.11399999999999999,0.5181818181818182,0.0017551730139634292,0.028999999999999998,0.0008409999999999998,1.0,8975.0,6832.0
200,10000,40,0,restaurants_mnl_P40_J200_N10k_I0_C0_M0_woJIT.nc,beta_d_44,0.18,0.167,0.102,0.227,True,0.125,0.6944444444444444,0.0012860320725033953,0.012999999999999984,0.00016899999999999958,1.0,8877.0,6596.0
200,10000,40,0,restaurants_mnl_P40_J200_N10k_I0_C0_M0_woJIT.nc,beta_d_45,0.3,0.272,0.217,0.329,True,0.11200000000000002,0.3733333333333334,0.001663716765555747,0.02799999999999997,0.0007839999999999982,1.0,7432.0,6568.0
200,10000,40,0,restaurants_mnl_P40_J200_N10k_I0_C0_M0_woJIT.nc,beta_d_46,-0.18,-0.189,-0.245,-0.132,True,0.11299999999999999,0.6277777777777778,0.0009838341865964567,0.009000000000000008,8.100000000000014e-05,1.0,8955.0,6215.0
200,10000,40,0,restaurants_mnl_P40_J200_N10k_I0_C0_M0_woJIT.nc,beta_d_49,0.26,0.273,0.217,0.331,True,0.11400000000000002,0.4384615384615385,0.0010868332980463599,0.013000000000000012,0.0001690000000000003,1.0,8064.0,6932.0
200,10000,40,0,restaurants_mnl_P40_J200_N10k_I0_C0_M0_woJIT.nc,beta_d_50,0.16,0.191,0.127,0.256,True,0.129,0.80625,0.0021576569469223756,0.031,0.0009609999999999999,1.0,8821.0,6496.0
200,20000,40,0,restaurants_mnl_P40_J200_N20k_I0_C0_M0_woJIT.nc,beta_rating,0.75,0.78,0.739,0.819,True,0.07999999999999996,0.10666666666666662,0.0014092811535653792,0.030000000000000027,0.0009000000000000016,1.0,2070.0,1826.0
200,20000,40,0,restaurants_mnl_P40_J200_N20k_I0_C0_M0_woJIT.nc,beta_cost,-0.4,-0.417,-0.454,-0.381,True,0.07300000000000001,0.18250000000000002,0.00066347848247889,0.01699999999999996,0.0002889999999999986,1.0,1876.0,1303.0
200,20000,40,0,restaurants_mnl_P40_J200_N20k_I0_C0_M0_woJIT.nc,beta_log_dist,-0.6,-0.633,-0.683,-0.586,True,0.09700000000000009,0.16166666666666682,0.001798858185151275,0.03300000000000003,0.0010890000000000019,1.0,4029.0,1570.0
200,20000,40,0,restaurants_mnl_P40_J200_N20k_I0_C0_M0_woJIT.nc,beta_chinese,0.83,0.794,0.678,0.902,True,0.22399999999999998,0.26987951807228916,0.004922230951704634,0.03599999999999992,0.0012959999999999942,1.01,569.0,910.0
200,20000,40,0,restaurants_mnl_P40_J200_N20k_I0_C0_M0_woJIT.nc,beta_japanese,1.25,1.244,1.159,1.338,True,0.17900000000000005,0.14320000000000005,0.002348383859564165,0.006000000000000005,3.600000000000006e-05,1.01,570.0,713.0
200,20000,40,0,restaurants_mnl_P40_J200_N20k_I0_C0_M0_woJIT.nc,beta_korean,0.75,0.747,0.635,0.844,True,0.20899999999999996,0.2786666666666666,0.0030978282688538194,0.0030000000000000027,9.000000000000015e-06,1.01,615.0,764.0
200,20000,40,0,restaurants_mnl_P40_J200_N20k_I0_C0_M0_woJIT.nc,beta_indian,1.0,0.966,0.863,1.068,True,0.20500000000000007,0.20500000000000007,0.004094646356595865,0.03400000000000003,0.001156000000000002,1.01,713.0,770.0
200,20000,40,0,restaurants_mnl_P40_J200_N20k_I0_C0_M0_woJIT.nc,beta_french,0.95,0.928,0.799,1.062,True,0.263,0.27684210526315794,0.005360141922858203,0.02199999999999991,0.000483999999999996,1.01,649.0,931.0
200,20000,40,0,restaurants_mnl_P40_J200_N20k_I0_C0_M0_woJIT.nc,beta_mexican,1.3,1.29,1.199,1.38,True,0.18099999999999983,0.1392307692307691,0.002564942262872538,0.010000000000000009,0.00010000000000000018,1.01,588.0,778.0
200,20000,40,0,restaurants_mnl_P40_J200_N20k_I0_C0_M0_woJIT.nc,beta_lebanese,0.9,0.922,0.824,1.026,True,0.20200000000000007,0.2244444444444445,0.0033633001495277314,0.02200000000000002,0.00048400000000000087,1.01,534.0,789.0
200,20000,40,0,restaurants_mnl_P40_J200_N20k_I0_C0_M0_woJIT.nc,beta_cost_x_logincome,0.02,0.024,0.016,0.033,True,0.017,0.8500000000000001,4.190352167427711e-05,0.004,1.6e-05,1.0,1890.0,1243.0
200,20000,40,0,restaurants_mnl_P40_J200_N20k_I0_C0_M0_woJIT.nc,beta_logdist_x_age,-0.02,-0.019,-0.02,-0.018,True,0.0020000000000000018,0.10000000000000009,1.308515792836285e-06,0.0010000000000000009,1.0000000000000019e-06,1.0,3812.0,1701.0
200,20000,40,0,restaurants_mnl_P40_J200_N20k_I0_C0_M0_woJIT.nc,beta_rating_x_edu_sec,0.15,0.115,0.064,0.172,True,0.10799999999999998,0.72,0.0020601040651758796,0.03499999999999999,0.0012249999999999993,1.0,2387.0,1635.0
200,20000,40,0,restaurants_mnl_P40_J200_N20k_I0_C0_M0_woJIT.nc,beta_c_16,0.09,0.101,0.077,0.122,True,0.045,0.5,0.00026373013454497124,0.01100000000000001,0.00012100000000000022,1.0,1829.0,1775.0
200,20000,40,0,restaurants_mnl_P40_J200_N20k_I0_C0_M0_woJIT.nc,beta_c_19,-0.04,-0.057,-0.08,-0.033,True,0.047,1.175,0.0004556461931443708,0.017,0.00028900000000000003,1.01,2635.0,1462.0
200,20000,40,0,restaurants_mnl_P40_J200_N20k_I0_C0_M0_woJIT.nc,beta_c_20,0.12,0.143,0.062,0.216,True,0.154,1.2833333333333334,0.002205012523881686,0.022999999999999993,0.0005289999999999996,1.0,1099.0,1525.0
200,20000,40,0,restaurants_mnl_P40_J200_N20k_I0_C0_M0_woJIT.nc,beta_c_21,0.22,0.217,0.199,0.239,True,0.03999999999999998,0.18181818181818174,0.00011924930384096161,0.0030000000000000027,9.000000000000015e-06,1.0,1722.0,1616.0
200,20000,40,0,restaurants_mnl_P40_J200_N20k_I0_C0_M0_woJIT.nc,beta_c_22,-0.18,-0.209,-0.237,-0.178,True,0.059,0.3277777777777778,0.0011015684492681288,0.028999999999999998,0.0008409999999999998,1.0,1348.0,1414.0
200,20000,40,0,restaurants_mnl_P40_J200_N20k_I0_C0_M0_woJIT.nc,beta_c_24,0.28,0.259,0.229,0.285,True,0.055999999999999966,0.19999999999999987,0.0006747921453445354,0.02100000000000002,0.0004410000000000008,1.0,1881.0,1776.0
200,20000,40,0,restaurants_mnl_P40_J200_N20k_I0_C0_M0_woJIT.nc,beta_c_25,-0.15,-0.208,-0.277,-0.144,True,0.13300000000000003,0.8866666666666669,0.004706631767958982,0.057999999999999996,0.0033639999999999994,1.0,2055.0,1617.0
200,20000,40,0,restaurants_mnl_P40_J200_N20k_I0_C0_M0_woJIT.nc,beta_c_26,0.16,0.164,0.146,0.186,True,0.04000000000000001,0.25000000000000006,0.000128878920739309,0.0040000000000000036,1.600000000000003e-05,1.0,1625.0,1585.0
200,20000,40,0,restaurants_mnl_P40_J200_N20k_I0_C0_M0_woJIT.nc,beta_c_27,0.32,0.324,0.305,0.343,True,0.038000000000000034,0.1187500000000001,0.00012637106710099188,0.0040000000000000036,1.600000000000003e-05,1.0,2128.0,1611.0
200,20000,40,0,restaurants_mnl_P40_J200_N20k_I0_C0_M0_woJIT.nc,beta_c_29,0.24,0.235,0.209,0.259,True,0.05000000000000002,0.2083333333333334,0.00020287023519549956,0.0050000000000000044,2.5000000000000045e-05,1.0,1767.0,1683.0
200,20000,40,0,restaurants_mnl_P40_J200_N20k_I0_C0_M0_woJIT.nc,beta_c_30,0.26,0.283,0.226,0.343,True,0.11700000000000002,0.45000000000000007,0.0015044741163209282,0.022999999999999965,0.0005289999999999984,1.0,2037.0,1700.0
200,20000,40,0,restaurants_mnl_P40_J200_N20k_I0_C0_M0_woJIT.nc,beta_c_32,0.2,0.19,0.161,0.219,True,0.057999999999999996,0.29,0.0003313767225743722,0.010000000000000009,0.00010000000000000018,1.0,1531.0,1472.0
200,20000,40,0,restaurants_mnl_P40_J200_N20k_I0_C0_M0_woJIT.nc,beta_c_33,0.3,0.378,0.25,0.495,True,0.245,0.8166666666666667,0.010397976373486774,0.07800000000000001,0.006084000000000002,1.0,1642.0,1641.0
200,20000,40,0,restaurants_mnl_P40_J200_N20k_I0_C0_M0_woJIT.nc,beta_c_34,-0.15,-0.158,-0.185,-0.133,True,0.05199999999999999,0.3466666666666666,0.0002592200580321307,0.008000000000000007,6.400000000000012e-05,1.0,1613.0,1597.0
200,20000,40,0,restaurants_mnl_P40_J200_N20k_I0_C0_M0_woJIT.nc,beta_c_35,0.34,0.277,0.212,0.357,True,0.145,0.42647058823529405,0.005412307579133685,0.063,0.003969,1.0,2084.0,1542.0
200,20000,40,0,restaurants_mnl_P40_J200_N20k_I0_C0_M0_woJIT.nc,beta_d_36,0.24,0.261,0.212,0.307,True,0.095,0.39583333333333337,0.0010972951155654807,0.02100000000000002,0.0004410000000000008,1.0,1955.0,1551.0
200,20000,40,0,restaurants_mnl_P40_J200_N20k_I0_C0_M0_woJIT.nc,beta_d_37,0.28,0.26,0.215,0.301,True,0.086,0.3071428571428571,0.000954461205278928,0.020000000000000018,0.0004000000000000007,1.0,1779.0,1895.0
200,20000,40,0,restaurants_mnl_P40_J200_N20k_I0_C0_M0_woJIT.nc,beta_d_38,-0.22,-0.231,-0.275,-0.186,True,0.08900000000000002,0.40454545454545465,0.0006930543984862588,0.01100000000000001,0.00012100000000000022,1.0,1310.0,1489.0
200,20000,40,0,restaurants_mnl_P40_J200_N20k_I0_C0_M0_woJIT.nc,beta_d_39,0.2,0.21,0.168,0.26,True,0.092,0.45999999999999996,0.0007224991986492323,0.009999999999999981,9.999999999999963e-05,1.0,1660.0,1612.0
200,20000,40,0,restaurants_mnl_P40_J200_N20k_I0_C0_M0_woJIT.nc,beta_d_41,0.26,0.239,0.193,0.287,True,0.09399999999999997,0.3615384615384614,0.0010942925969542293,0.02100000000000002,0.0004410000000000008,1.0,1949.0,1604.0
200,20000,40,0,restaurants_mnl_P40_J200_N20k_I0_C0_M0_woJIT.nc,beta_d_42,-0.16,-0.136,-0.182,-0.096,True,0.086,0.5375,0.001101362196560352,0.023999999999999994,0.0005759999999999997,1.0,1998.0,1574.0
200,20000,40,0,restaurants_mnl_P40_J200_N20k_I0_C0_M0_woJIT.nc,beta_d_43,0.22,0.176,0.14,0.215,False,0.07499999999999998,0.34090909090909083,0.002356576213282614,0.04400000000000001,0.001936000000000001,1.0,1918.0,1642.0
200,20000,40,0,restaurants_mnl_P40_J200_N20k_I0_C0_M0_woJIT.nc,beta_d_44,0.18,0.177,0.134,0.223,True,0.089,0.49444444444444446,0.0005598836566355112,0.0030000000000000027,9.000000000000015e-06,1.0,2031.0,1419.0
200,20000,40,0,restaurants_mnl_P40_J200_N20k_I0_C0_M0_woJIT.nc,beta_d_45,0.3,0.288,0.249,0.328,True,0.07900000000000001,0.2633333333333334,0.0006004034971967085,0.01200000000000001,0.00014400000000000025,1.0,1691.0,1652.0
200,20000,40,0,restaurants_mnl_P40_J200_N20k_I0_C0_M0_woJIT.nc,beta_d_46,-0.18,-0.194,-0.232,-0.153,True,0.07900000000000001,0.438888888888889,0.0006458250213820156,0.014000000000000012,0.00019600000000000035,1.0,1949.0,1858.0
200,20000,40,0,restaurants_mnl_P40_J200_N20k_I0_C0_M0_woJIT.nc,beta_d_49,0.26,0.279,0.243,0.321,True,0.07800000000000001,0.30000000000000004,0.0008157058967728913,0.019000000000000017,0.00036100000000000064,1.0,1556.0,1538.0
200,20000,40,0,restaurants_mnl_P40_J200_N20k_I0_C0_M0_woJIT.nc,beta_d_50,0.16,0.166,0.118,0.211,True,0.093,0.5812499999999999,0.0006538884359145678,0.006000000000000005,3.600000000000006e-05,1.0,1525.0,1451.0
500,10000,40,0,restaurants_mnl_P40_J500_N10k_I0_C0_M0_woJIT.nc,beta_rating,0.75,0.788,0.749,0.829,True,0.07999999999999996,0.10666666666666662,0.0018910353872511612,0.038000000000000034,0.0014440000000000026,1.0,2342.0,1568.0
500,10000,40,0,restaurants_mnl_P40_J500_N10k_I0_C0_M0_woJIT.nc,beta_cost,-0.4,-0.383,-0.426,-0.339,True,0.08699999999999997,0.21749999999999992,0.0008420856704008174,0.017000000000000015,0.0002890000000000005,1.0,2062.0,1204.0
500,10000,40,0,restaurants_mnl_P40_J500_N10k_I0_C0_M0_woJIT.nc,beta_log_dist,-0.6,-0.605,-0.666,-0.547,True,0.119,0.19833333333333333,0.0010841642777866794,0.0050000000000000044,2.5000000000000045e-05,1.0,4602.0,1444.0
500,10000,40,0,restaurants_mnl_P40_J500_N10k_I0_C0_M0_woJIT.nc,beta_chinese,0.83,0.804,0.677,0.924,True,0.247,0.29759036144578316,0.005271268470296011,0.025999999999999912,0.0006759999999999954,1.01,690.0,1030.0
500,10000,40,0,restaurants_mnl_P40_J500_N10k_I0_C0_M0_woJIT.nc,beta_japanese,1.25,1.205,1.084,1.331,True,0.2469999999999999,0.19759999999999991,0.006465011090293174,0.04499999999999993,0.002024999999999994,1.01,702.0,979.0
500,10000,40,0,restaurants_mnl_P40_J500_N10k_I0_C0_M0_woJIT.nc,beta_korean,0.75,0.678,0.553,0.815,True,0.2619999999999999,0.3493333333333332,0.010218847314161188,0.07199999999999995,0.005183999999999993,1.0,759.0,1020.0
500,10000,40,0,restaurants_mnl_P40_J500_N10k_I0_C0_M0_woJIT.nc,beta_indian,1.0,0.927,0.803,1.061,True,0.2579999999999999,0.2579999999999999,0.010132578741625469,0.07299999999999995,0.0053289999999999935,1.01,678.0,936.0
500,10000,40,0,restaurants_mnl_P40_J500_N10k_I0_C0_M0_woJIT.nc,beta_french,0.95,0.913,0.788,1.042,True,0.254,0.2673684210526316,0.005777400730534777,0.03699999999999992,0.0013689999999999941,1.0,653.0,839.0
500,10000,40,0,restaurants_mnl_P40_J500_N10k_I0_C0_M0_woJIT.nc,beta_mexican,1.3,1.199,1.081,1.317,True,0.236,0.1815384615384615,0.014193944686545126,0.10099999999999998,0.010200999999999997,1.01,646.0,1020.0
500,10000,40,0,restaurants_mnl_P40_J500_N10k_I0_C0_M0_woJIT.nc,beta_lebanese,0.9,0.792,0.661,0.914,True,0.253,0.2811111111111111,0.016296063449205457,0.10799999999999998,0.011663999999999997,1.0,784.0,1142.0
500,10000,40,0,restaurants_mnl_P40_J500_N10k_I0_C0_M0_woJIT.nc,beta_cost_x_logincome,0.02,0.016,0.005,0.026,True,0.020999999999999998,1.0499999999999998,4.837796476514393e-05,0.004,1.6e-05,1.0,1967.0,1311.0
500,10000,40,0,restaurants_mnl_P40_J500_N10k_I0_C0_M0_woJIT.nc,beta_logdist_x_age,-0.02,-0.02,-0.021,-0.018,True,0.0030000000000000027,0.15000000000000013,9.718720244253443e-07,0.0,0.0,1.0,4157.0,1628.0
500,10000,40,0,restaurants_mnl_P40_J500_N10k_I0_C0_M0_woJIT.nc,beta_rating_x_edu_sec,0.15,0.107,0.038,0.17,True,0.132,0.8800000000000001,0.0031464250174502335,0.043,0.0018489999999999997,1.0,3780.0,1673.0
500,10000,40,0,restaurants_mnl_P40_J500_N10k_I0_C0_M0_woJIT.nc,beta_c_16,0.09,0.074,0.05,0.097,True,0.047,0.5222222222222223,0.0004257783886386314,0.016,0.000256,1.0,3081.0,1483.0
500,10000,40,0,restaurants_mnl_P40_J500_N10k_I0_C0_M0_woJIT.nc,beta_c_19,-0.04,-0.062,-0.092,-0.032,True,0.06,1.5,0.0007435391689259259,0.022,0.00048399999999999995,1.0,3134.0,1175.0
500,10000,40,0,restaurants_mnl_P40_J500_N10k_I0_C0_M0_woJIT.nc,beta_c_20,0.12,0.121,0.05,0.192,True,0.14200000000000002,1.1833333333333336,0.0014465075595725264,0.0010000000000000009,1.0000000000000019e-06,1.0,3042.0,1675.0
500,10000,40,0,restaurants_mnl_P40_J500_N10k_I0_C0_M0_woJIT.nc,beta_c_21,0.22,0.209,0.185,0.233,True,0.048000000000000015,0.21818181818181825,0.0002863313333883959,0.01100000000000001,0.00012100000000000022,1.0,3229.0,1361.0
500,10000,40,0,restaurants_mnl_P40_J500_N10k_I0_C0_M0_woJIT.nc,beta_c_22,-0.18,-0.158,-0.192,-0.126,True,0.066,0.3666666666666667,0.0007818053172875386,0.021999999999999992,0.0004839999999999996,1.0,3801.0,1870.0
500,10000,40,0,restaurants_mnl_P40_J500_N10k_I0_C0_M0_woJIT.nc,beta_c_24,0.28,0.255,0.229,0.285,True,0.055999999999999966,0.19999999999999987,0.0008494475486728808,0.025000000000000022,0.0006250000000000011,1.0,2816.0,1916.0
500,10000,40,0,restaurants_mnl_P40_J500_N10k_I0_C0_M0_woJIT.nc,beta_c_25,-0.15,-0.08,-0.168,0.008,True,0.17600000000000002,1.1733333333333336,0.007095153509689346,0.06999999999999999,0.004899999999999999,1.0,2810.0,1386.0
500,10000,40,0,restaurants_mnl_P40_J500_N10k_I0_C0_M0_woJIT.nc,beta_c_26,0.16,0.166,0.142,0.189,True,0.047000000000000014,0.29375000000000007,0.0001953222860597913,0.006000000000000005,3.600000000000006e-05,1.0,2997.0,1797.0
500,10000,40,0,restaurants_mnl_P40_J500_N10k_I0_C0_M0_woJIT.nc,beta_c_27,0.32,0.321,0.298,0.346,True,0.04799999999999999,0.14999999999999997,0.00015527957762910273,0.0010000000000000009,1.0000000000000019e-06,1.0,2532.0,1448.0
500,10000,40,0,restaurants_mnl_P40_J500_N10k_I0_C0_M0_woJIT.nc,beta_c_29,0.24,0.227,0.198,0.257,True,0.059,0.24583333333333332,0.0004176202874004333,0.012999999999999984,0.00016899999999999958,1.0,2845.0,1405.0
500,10000,40,0,restaurants_mnl_P40_J500_N10k_I0_C0_M0_woJIT.nc,beta_c_30,0.26,0.234,0.147,0.315,True,0.168,0.6461538461538462,0.0026647836095354477,0.025999999999999995,0.0006759999999999997,1.0,2938.0,1269.0
500,10000,40,0,restaurants_mnl_P40_J500_N10k_I0_C0_M0_woJIT.nc,beta_c_32,0.2,0.188,0.159,0.214,True,0.05499999999999999,0.27499999999999997,0.00037003763694954924,0.01200000000000001,0.00014400000000000025,1.01,2771.0,1664.0
500,10000,40,0,restaurants_mnl_P40_J500_N10k_I0_C0_M0_woJIT.nc,beta_c_33,0.3,0.152,0.006,0.307,True,0.301,1.0033333333333334,0.028610408866994366,0.148,0.021903999999999996,1.0,3476.0,1553.0
500,10000,40,0,restaurants_mnl_P40_J500_N10k_I0_C0_M0_woJIT.nc,beta_c_34,-0.15,-0.162,-0.191,-0.127,True,0.064,0.4266666666666667,0.00043134802640476956,0.01200000000000001,0.00014400000000000025,1.0,3010.0,1670.0
500,10000,40,0,restaurants_mnl_P40_J500_N10k_I0_C0_M0_woJIT.nc,beta_c_35,0.34,0.354,0.271,0.425,True,0.15399999999999997,0.4529411764705881,0.0018518315475684753,0.013999999999999957,0.0001959999999999988,1.0,2915.0,1623.0
500,10000,40,0,restaurants_mnl_P40_J500_N10k_I0_C0_M0_woJIT.nc,beta_d_36,0.24,0.246,0.195,0.299,True,0.10399999999999998,0.4333333333333333,0.0008489968705060723,0.006000000000000005,3.600000000000006e-05,1.0,2409.0,1437.0
500,10000,40,0,restaurants_mnl_P40_J500_N10k_I0_C0_M0_woJIT.nc,beta_d_37,0.28,0.259,0.208,0.312,True,0.10400000000000001,0.37142857142857144,0.001206241163715673,0.02100000000000002,0.0004410000000000008,1.0,2734.0,1597.0
500,10000,40,0,restaurants_mnl_P40_J500_N10k_I0_C0_M0_woJIT.nc,beta_d_38,-0.22,-0.249,-0.294,-0.204,True,0.09,0.40909090909090906,0.00145416016890576,0.028999999999999998,0.0008409999999999998,1.0,3246.0,1672.0
500,10000,40,0,restaurants_mnl_P40_J500_N10k_I0_C0_M0_woJIT.nc,beta_d_39,0.2,0.16,0.108,0.206,True,0.09799999999999999,0.48999999999999994,0.002303357586312742,0.04000000000000001,0.0016000000000000007,1.0,2581.0,1554.0
500,10000,40,0,restaurants_mnl_P40_J500_N10k_I0_C0_M0_woJIT.nc,beta_d_41,0.26,0.289,0.241,0.336,True,0.09500000000000003,0.3653846153846155,0.0014947635513184979,0.02899999999999997,0.0008409999999999983,1.01,2593.0,1492.0
500,10000,40,0,restaurants_mnl_P40_J500_N10k_I0_C0_M0_woJIT.nc,beta_d_42,-0.16,-0.194,-0.237,-0.148,True,0.089,0.5562499999999999,0.0017693769602384665,0.034,0.0011560000000000001,1.0,2491.0,1793.0
500,10000,40,0,restaurants_mnl_P40_J500_N10k_I0_C0_M0_woJIT.nc,beta_d_43,0.22,0.201,0.147,0.249,True,0.10200000000000001,0.4636363636363637,0.001154468907453899,0.01899999999999999,0.0003609999999999996,1.0,2778.0,1774.0
500,10000,40,0,restaurants_mnl_P40_J500_N10k_I0_C0_M0_woJIT.nc,beta_d_44,0.18,0.174,0.117,0.224,True,0.107,0.5944444444444444,0.0008580226580393525,0.006000000000000005,3.600000000000006e-05,1.0,2290.0,1589.0
500,10000,40,0,restaurants_mnl_P40_J500_N10k_I0_C0_M0_woJIT.nc,beta_d_45,0.3,0.316,0.266,0.359,True,0.09299999999999997,0.30999999999999994,0.0008973489902907488,0.016000000000000014,0.0002560000000000005,1.0,2463.0,1668.0
500,10000,40,0,restaurants_mnl_P40_J500_N10k_I0_C0_M0_woJIT.nc,beta_d_46,-0.18,-0.188,-0.236,-0.144,True,0.092,0.5111111111111111,0.0006982861723274021,0.008000000000000007,6.400000000000012e-05,1.0,3317.0,1540.0
500,10000,40,0,restaurants_mnl_P40_J500_N10k_I0_C0_M0_woJIT.nc,beta_d_49,0.26,0.2,0.148,0.251,False,0.10300000000000001,0.3961538461538462,0.004355164558886544,0.06,0.0036,1.0,2229.0,1611.0
500,10000,40,0,restaurants_mnl_P40_J500_N10k_I0_C0_M0_woJIT.nc,beta_d_50,0.16,0.155,0.1,0.211,True,0.11099999999999999,0.6937499999999999,0.0008951545835077398,0.0050000000000000044,2.5000000000000045e-05,1.0,3117.0,1372.0
500,20000,40,0,restaurants_mnl_P40_J500_N20k_I0_C0_M0_woJIT.nc,beta_rating,0.75,0.752,0.72,0.781,True,0.061000000000000054,0.08133333333333341,0.0002768958493662595,0.0020000000000000018,4.0000000000000074e-06,1.0,1601.0,1595.0
500,20000,40,0,restaurants_mnl_P40_J500_N20k_I0_C0_M0_woJIT.nc,beta_cost,-0.4,-0.371,-0.399,-0.339,False,0.06,0.15,0.0011136118784846455,0.029000000000000026,0.0008410000000000015,1.0,1786.0,1516.0
500,20000,40,0,restaurants_mnl_P40_J500_N20k_I0_C0_M0_woJIT.nc,beta_log_dist,-0.6,-0.599,-0.642,-0.556,True,0.08599999999999997,0.14333333333333328,0.0005592226428287075,0.0010000000000000009,1.0000000000000019e-06,1.01,3737.0,1304.0
500,20000,40,0,restaurants_mnl_P40_J500_N20k_I0_C0_M0_woJIT.nc,beta_chinese,0.83,0.833,0.74,0.92,True,0.18000000000000005,0.21686746987951813,0.0023248387536537623,0.0030000000000000027,9.000000000000015e-06,1.0,561.0,1082.0
500,20000,40,0,restaurants_mnl_P40_J500_N20k_I0_C0_M0_woJIT.nc,beta_japanese,1.25,1.277,1.194,1.365,True,0.17100000000000004,0.13680000000000003,0.002889686722105445,0.026999999999999913,0.0007289999999999953,1.0,559.0,1291.0
500,20000,40,0,restaurants_mnl_P40_J500_N20k_I0_C0_M0_woJIT.nc,beta_korean,0.75,0.707,0.605,0.792,True,0.18700000000000006,0.2493333333333334,0.004310100432825408,0.04300000000000004,0.0018490000000000032,1.0,596.0,1310.0
500,20000,40,0,restaurants_mnl_P40_J500_N20k_I0_C0_M0_woJIT.nc,beta_indian,1.0,1.022,0.938,1.126,True,0.18799999999999994,0.18799999999999994,0.002933464464651399,0.02200000000000002,0.00048400000000000087,1.0,598.0,1149.0
500,20000,40,0,restaurants_mnl_P40_J500_N20k_I0_C0_M0_woJIT.nc,beta_french,0.95,0.936,0.854,1.023,True,0.16899999999999993,0.1778947368421052,0.002292603416339983,0.013999999999999901,0.00019599999999999723,1.0,533.0,1060.0
500,20000,40,0,restaurants_mnl_P40_J500_N20k_I0_C0_M0_woJIT.nc,beta_mexican,1.3,1.307,1.227,1.396,True,0.16899999999999982,0.12999999999999987,0.0020918863969033286,0.006999999999999895,4.8999999999998535e-05,1.0,486.0,919.0
500,20000,40,0,restaurants_mnl_P40_J500_N20k_I0_C0_M0_woJIT.nc,beta_lebanese,0.9,0.866,0.779,0.95,True,0.17099999999999993,0.18999999999999992,0.0033216060283530924,0.03400000000000003,0.001156000000000002,1.0,630.0,1123.0
500,20000,40,0,restaurants_mnl_P40_J500_N20k_I0_C0_M0_woJIT.nc,beta_cost_x_logincome,0.02,0.014,0.006,0.021,True,0.015000000000000001,0.75,5.4376213776277377e-05,0.006,3.6e-05,1.0,1791.0,1565.0
500,20000,40,0,restaurants_mnl_P40_J500_N20k_I0_C0_M0_woJIT.nc,beta_logdist_x_age,-0.02,-0.02,-0.021,-0.019,True,0.0020000000000000018,0.10000000000000009,4.3843715950654594e-07,0.0,0.0,1.0,3507.0,1422.0
500,20000,40,0,restaurants_mnl_P40_J500_N20k_I0_C0_M0_woJIT.nc,beta_rating_x_edu_sec,0.15,0.14,0.097,0.19,True,0.093,0.62,0.0007219564496871033,0.009999999999999981,9.999999999999963e-05,1.0,2008.0,1426.0
500,20000,40,0,restaurants_mnl_P40_J500_N20k_I0_C0_M0_woJIT.nc,beta_c_16,0.09,0.075,0.058,0.09,True,0.031999999999999994,0.3555555555555555,0.00030676420447898133,0.015,0.000225,1.0,2523.0,1652.0
500,20000,40,0,restaurants_mnl_P40_J500_N20k_I0_C0_M0_woJIT.nc,beta_c_19,-0.04,-0.044,-0.064,-0.025,True,0.039,0.975,0.0001244355255865159,0.003999999999999997,1.5999999999999972e-05,1.0,1706.0,1590.0
500,20000,40,0,restaurants_mnl_P40_J500_N20k_I0_C0_M0_woJIT.nc,beta_c_20,0.12,0.121,0.068,0.173,True,0.10499999999999998,0.8749999999999999,0.000813951172139399,0.0010000000000000009,1.0000000000000019e-06,1.0,1653.0,1386.0
500,20000,40,0,restaurants_mnl_P40_J500_N20k_I0_C0_M0_woJIT.nc,beta_c_21,0.22,0.211,0.193,0.228,True,0.035,0.15909090909090912,0.00017440147309047277,0.009000000000000008,8.100000000000014e-05,1.0,2208.0,1494.0
500,20000,40,0,restaurants_mnl_P40_J500_N20k_I0_C0_M0_woJIT.nc,beta_c_22,-0.18,-0.182,-0.206,-0.16,True,0.045999999999999985,0.2555555555555555,0.00016000577284735397,0.0020000000000000018,4.0000000000000074e-06,1.0,2704.0,1446.0
500,20000,40,0,restaurants_mnl_P40_J500_N20k_I0_C0_M0_woJIT.nc,beta_c_24,0.28,0.277,0.258,0.298,True,0.03999999999999998,0.14285714285714277,0.00011885094234363795,0.0030000000000000027,9.000000000000015e-06,1.0,2458.0,1808.0
500,20000,40,0,restaurants_mnl_P40_J500_N20k_I0_C0_M0_woJIT.nc,beta_c_25,-0.15,-0.19,-0.258,-0.13,True,0.128,0.8533333333333334,0.0027402145555934536,0.04000000000000001,0.0016000000000000007,1.0,1698.0,1632.0
500,20000,40,0,restaurants_mnl_P40_J500_N20k_I0_C0_M0_woJIT.nc,beta_c_26,0.16,0.147,0.129,0.163,True,0.034,0.21250000000000002,0.00025864830067058776,0.013000000000000012,0.0001690000000000003,1.0,2155.0,1589.0
500,20000,40,0,restaurants_mnl_P40_J500_N20k_I0_C0_M0_woJIT.nc,beta_c_27,0.32,0.316,0.299,0.331,True,0.03200000000000003,0.10000000000000009,9.331085598646485e-05,0.0040000000000000036,1.600000000000003e-05,1.0,2670.0,1847.0
500,20000,40,0,restaurants_mnl_P40_J500_N20k_I0_C0_M0_woJIT.nc,beta_c_29,0.24,0.246,0.224,0.268,True,0.04400000000000001,0.18333333333333338,0.0001713550980508968,0.006000000000000005,3.600000000000006e-05,1.0,2388.0,1290.0
500,20000,40,0,restaurants_mnl_P40_J500_N20k_I0_C0_M0_woJIT.nc,beta_c_30,0.26,0.237,0.184,0.29,True,0.10599999999999998,0.40769230769230763,0.0013699319868346901,0.02300000000000002,0.0005290000000000009,1.0,1685.0,1631.0
500,20000,40,0,restaurants_mnl_P40_J500_N20k_I0_C0_M0_woJIT.nc,beta_c_32,0.2,0.195,0.177,0.215,True,0.038000000000000006,0.19000000000000003,0.00012363417171095073,0.0050000000000000044,2.5000000000000045e-05,1.0,2693.0,1804.0
500,20000,40,0,restaurants_mnl_P40_J500_N20k_I0_C0_M0_woJIT.nc,beta_c_33,0.3,0.34,0.231,0.442,True,0.211,0.7033333333333334,0.004766875606872515,0.040000000000000036,0.001600000000000003,1.0,2788.0,1470.0
500,20000,40,0,restaurants_mnl_P40_J500_N20k_I0_C0_M0_woJIT.nc,beta_c_34,-0.15,-0.161,-0.181,-0.138,True,0.04299999999999998,0.28666666666666657,0.00024326221857247395,0.01100000000000001,0.00012100000000000022,1.0,2460.0,1708.0
500,20000,40,0,restaurants_mnl_P40_J500_N20k_I0_C0_M0_woJIT.nc,beta_c_35,0.34,0.328,0.274,0.382,True,0.10799999999999998,0.31764705882352934,0.0009817697317076619,0.01200000000000001,0.00014400000000000025,1.0,2702.0,1679.0
500,20000,40,0,restaurants_mnl_P40_J500_N20k_I0_C0_M0_woJIT.nc,beta_d_36,0.24,0.266,0.227,0.304,True,0.07699999999999999,0.3208333333333333,0.0011204078190340165,0.026000000000000023,0.0006760000000000013,1.0,2354.0,1726.0
500,20000,40,0,restaurants_mnl_P40_J500_N20k_I0_C0_M0_woJIT.nc,beta_d_37,0.28,0.274,0.237,0.309,True,0.07200000000000001,0.2571428571428572,0.00041791906405237456,0.006000000000000005,3.600000000000006e-05,1.0,2046.0,1718.0
500,20000,40,0,restaurants_mnl_P40_J500_N20k_I0_C0_M0_woJIT.nc,beta_d_38,-0.22,-0.226,-0.255,-0.192,True,0.063,0.2863636363636364,0.00031060745985922456,0.006000000000000005,3.600000000000006e-05,1.01,2595.0,1377.0
500,20000,40,0,restaurants_mnl_P40_J500_N20k_I0_C0_M0_woJIT.nc,beta_d_39,0.2,0.158,0.12,0.192,False,0.07200000000000001,0.36000000000000004,0.0021673759363864844,0.04200000000000001,0.0017640000000000008,1.0,2482.0,1536.0
500,20000,40,0,restaurants_mnl_P40_J500_N20k_I0_C0_M0_woJIT.nc,beta_d_41,0.26,0.258,0.223,0.292,True,0.06899999999999998,0.2653846153846153,0.0003353602138971876,0.0020000000000000018,4.0000000000000074e-06,1.0,2371.0,1423.0
500,20000,40,0,restaurants_mnl_P40_J500_N20k_I0_C0_M0_woJIT.nc,beta_d_42,-0.16,-0.132,-0.166,-0.1,True,0.066,0.41250000000000003,0.0011108003722891822,0.027999999999999997,0.0007839999999999999,1.0,2452.0,1562.0
500,20000,40,0,restaurants_mnl_P40_J500_N20k_I0_C0_M0_woJIT.nc,beta_d_43,0.22,0.2,0.166,0.241,True,0.07499999999999998,0.34090909090909083,0.0007860549189688133,0.01999999999999999,0.0003999999999999996,1.0,1789.0,1520.0
500,20000,40,0,restaurants_mnl_P40_J500_N20k_I0_C0_M0_woJIT.nc,beta_d_44,0.18,0.157,0.119,0.193,True,0.07400000000000001,0.4111111111111112,0.0009143443909121249,0.022999999999999993,0.0005289999999999996,1.0,1972.0,1730.0
500,20000,40,0,restaurants_mnl_P40_J500_N20k_I0_C0_M0_woJIT.nc,beta_d_45,0.3,0.301,0.267,0.337,True,0.07,0.23333333333333336,0.0003450637926151931,0.0010000000000000009,1.0000000000000019e-06,1.0,2080.0,1463.0
500,20000,40,0,restaurants_mnl_P40_J500_N20k_I0_C0_M0_woJIT.nc,beta_d_46,-0.18,-0.187,-0.218,-0.154,True,0.064,0.35555555555555557,0.00033585275406283733,0.007000000000000006,4.9000000000000087e-05,1.0,2662.0,1361.0
500,20000,40,0,restaurants_mnl_P40_J500_N20k_I0_C0_M0_woJIT.nc,beta_d_49,0.26,0.241,0.204,0.275,True,0.07100000000000004,0.2730769230769232,0.0007244319535151063,0.019000000000000017,0.00036100000000000064,1.0,2432.0,1591.0
500,20000,40,0,restaurants_mnl_P40_J500_N20k_I0_C0_M0_woJIT.nc,beta_d_50,0.16,0.134,0.095,0.175,True,0.07999999999999999,0.4999999999999999,0.0011433487358344654,0.025999999999999995,0.0006759999999999997,1.0,2580.0,1602.0
